"Time (s)","Acceleration x (m/s^2)","Acceleration y (m/s^2)","Acceleration z (m/s^2)"
1.254478230E-1,-2.678344727E0,4.600952148E0,5.849136353E0
2.256675490E-1,-2.120498657E0,3.904235840E0,8.959213257E0
3.258567580E-1,-6.049652100E-1,3.346389771E0,9.435653687E0
4.260764850E-1,1.528259277E0,1.833251953E0,9.955200195E0
5.262656940E-1,1.568969727E0,1.541168213E0,8.600082397E0
6.264854200E-1,1.539916992E-1,4.141265869E0,7.537048340E0
7.266746290E-1,-2.985076904E-1,3.427795410E0,1.076683044E1
8.268943560E-1,-2.985076904E-1,4.665603638E0,5.513961792E0
9.271140820E-1,-1.512374878E0,5.283294678E0,9.746902466E0
1.027333809E0,-2.072616577E0,3.571441650E0,1.139651489E1
1.127553536E0,-1.045501709E0,6.224227905E0,3.893081665E0
1.227773262E0,-3.985580444E0,6.399002075E0,6.316009521E0
1.327962471E0,-3.233810425E0,6.360687256E0,7.920135498E0
1.428212715E0,-1.076629639E0,6.363082886E0,5.506774902E0
1.528401924E0,-2.565826416E0,5.407806396E0,8.296020508E0
1.628621651E0,-6.720123291E-1,3.820449829E0,9.342285156E0
1.728871895E0,-1.430969238E0,4.380691528E0,8.997512817E0
1.829030586E0,-1.205917358E0,4.866714478E0,8.228973389E0
1.929250313E0,-1.378295898E0,5.046279907E0,6.816406250E0
2.029470039E0,-1.308868408E0,4.785308838E0,7.472412109E0
2.129689766E0,-4.472351074E-2,4.653625488E0,8.542617798E0
2.229878975E0,-1.677566528E0,4.814041138E0,7.821960449E0
2.330098702E0,2.110061646E0,3.710311890E0,9.093292236E0
2.430318428E0,8.818359375E-1,4.189147949E0,8.595291138E0
2.530538155E0,8.216857910E-2,5.051071167E0,6.842742920E0
2.630757881E0,-2.058242798E0,5.850723267E0,8.248138428E0
2.730977608E0,-3.487854004E-1,4.924179077E0,9.327911377E0
2.831197334E0,-1.217880249E0,4.397445679E0,6.433334351E0
2.931386543E0,2.306060791E-1,3.834808350E0,9.112442017E0
3.031606270E0,-8.587493896E-1,3.408645630E0,8.997512817E0
3.131825996E0,-3.655548096E-1,3.221893311E0,9.373413086E0
3.232045723E0,-1.692199707E-1,3.238647461E0,6.632049561E0
3.332265450E0,-7.055206299E-1,3.054306030E0,9.833099365E0
3.553223920E0,-4.586532593E0,5.443710327E0,7.005538940E0
3.653443647E0,-2.833969116E0,5.142044067E0,6.581771851E0
3.753693891E0,-5.283508301E-1,5.039093018E0,7.108489990E0
3.853883100E0,8.554992676E-1,2.999237061E0,8.456436157E0
3.954072309E0,-1.859893799E-1,3.391876221E0,1.027363586E1
4.054292035E0,7.501525879E-1,2.946563721E0,8.743728638E0
4.154511762E0,-5.355377197E-1,3.762985229E0,1.019462585E1
4.254731488E0,-6.073608398E-1,3.942550659E0,8.403762817E0
4.354951215E0,-8.443908691E-1,4.222671509E0,7.824356079E0
4.455170942E0,-6.169433594E-1,4.600952148E0,7.790847778E0
4.555360151E0,-5.211791992E-1,4.641662598E0,8.312774658E0
4.655610395E0,-7.345581055E-2,4.730239868E0,7.441284180E0
4.755799604E0,-4.711914062E-2,4.979232788E0,8.209823608E0
4.856019330E0,-8.303833008E-2,4.948120117E0,8.094909668E0
4.956239057E0,-2.602081299E-1,4.883468628E0,8.401367188E0
5.056458783E0,-2.530212402E-1,4.770950317E0,8.171524048E0
5.156647992E0,7.629394531E-4,4.991210938E0,7.989562988E0
5.256867719E0,-8.543395996E-2,4.842773438E0,7.989562988E0
5.357117963E0,-1.788024902E-1,4.684753418E0,8.257705688E0
5.457307172E0,-5.191040039E-2,4.761367798E0,8.449249268E0
5.557526899E0,6.539916992E-2,4.773330688E0,7.843521118E0
5.657746625E0,-3.276062012E-2,4.725448608E0,7.984771729E0
5.757935834E0,1.276550293E-1,4.476455688E0,8.355865479E0
5.858155561E0,-1.189422607E-1,4.694335938E0,8.276870728E0
5.958375287E0,-1.213378906E-1,4.416595459E0,8.367843628E0
6.058595014E0,-6.313018799E-1,4.507583618E0,8.264892578E0
6.158814740E0,-6.624298096E-1,4.158020020E0,8.315170288E0
6.259034467E0,3.622894287E-1,4.478851318E0,7.692672729E0
6.359254194E0,-5.355377197E-1,4.454910278E0,8.296020508E0
6.459473920E0,-9.425506592E-1,4.404632568E0,8.327148438E0
6.559663129E0,-7.438354492E-1,4.536315918E0,8.377426147E0
6.659882856E0,-5.690612793E-1,4.603347778E0,7.984771729E0
6.760102582E0,-1.038314819E0,4.423782349E0,8.178695679E0
6.860322309E0,-3.727264404E-1,4.275344849E0,9.430862427E0
6.960542035E0,-2.961120605E-1,4.785308838E0,7.218627930E0
7.060761762E0,-6.025695801E-1,4.469268799E0,7.431716919E0
7.160981488E0,-6.217346191E-1,4.636871338E0,8.255310059E0
7.261170697E0,-4.086456299E-1,4.715881348E0,8.195465088E0
7.361420942E0,-6.408843994E-1,4.493209839E0,7.601699829E0
7.461610151E0,-7.055206299E-1,4.500396729E0,8.334320068E0
7.561829877E0,-6.983489990E-1,4.612930298E0,7.932098389E0
7.662049604E0,-6.720123291E-1,4.232254028E0,8.312774658E0
7.762269330E0,-6.193389893E-1,4.629684448E0,8.135604858E0
7.862489057E0,-1.100570679E0,4.256195068E0,8.128417969E0
7.962678266E0,-1.464492798E0,4.191543579E0,8.425308228E0
8.062897992E0,-1.354354858E0,4.090988159E0,8.451644897E0
8.163117719E0,-1.902633667E0,4.306472778E0,7.956039429E0
8.263337445E0,-1.754180908E0,4.081405640E0,8.197860718E0
8.363557172E0,-2.276123047E0,4.067047119E0,7.570571899E0
8.463776899E0,-2.920166016E0,3.978469849E0,8.339111328E0
8.563996625E0,-1.964874268E0,4.143661499E0,8.087722778E0
8.664216352E0,-1.785308838E0,4.119720459E0,8.080535889E0
8.764405561E0,-1.857131958E0,4.239425659E0,8.181091309E0
8.864625287E0,-1.555465698E0,3.818054199E0,7.759719849E0
8.964845014E0,-1.531524658E0,4.155639648E0,7.704650879E0
9.065064740E0,-1.411819458E0,4.059860229E0,8.959213257E0
9.165284467E0,-1.521942139E0,4.246612549E0,8.171524048E0
9.265504194E0,-1.414215088E0,4.514770508E0,8.470794678E0
9.365723920E0,-1.110153198E0,4.588989258E0,7.790847778E0
9.465943647E0,-1.009582520E0,4.723052979E0,7.788452148E0
9.566132856E0,-7.845306396E-1,4.723052979E0,8.267288208E0
9.666383100E0,-7.917175293E-1,4.598556519E0,8.509094238E0
9.766572309E0,-1.335205078E0,4.545883179E0,8.255310059E0
9.866792035E0,-1.076629639E0,5.223449707E0,8.961608887E0
9.967011762E0,9.584503174E-1,4.660812378E0,7.029479980E0
1.006723149E1,-1.632690430E-3,4.498001099E0,9.505096436E0
1.016745122E1,-6.121520996E-1,4.610534668E0,8.310379028E0
1.026764042E1,-7.270812988E-1,4.852340698E0,8.202636719E0
1.036786015E1,-7.438354492E-1,4.725448608E0,8.430099487E0
1.046806918E1,-8.084716797E-1,4.948120117E0,8.257705688E0
1.056825839E1,-8.372039795E-1,4.699111938E0,8.128417969E0
1.066847811E1,-5.738525391E-1,4.816436768E0,7.941680908E0
1.076869784E1,-9.712829590E-1,4.770950317E0,8.149978638E0
1.086891757E1,-9.808654785E-1,4.950515747E0,8.552200317E0
1.096913729E1,-8.036956787E-1,4.866714478E0,7.812393188E0
1.106932650E1,-1.404632568E0,4.517150879E0,7.956039429E0
1.116954623E1,-1.306472778E0,4.490814209E0,7.814788818E0
1.126976596E1,-1.258590698E0,4.598556519E0,8.224197388E0
1.136998568E1,-1.141265869E0,4.548278809E0,9.040618896E0
1.147020541E1,-1.191543579E0,4.632080078E0,7.829147339E0
1.157042514E1,-8.683319092E-1,4.586593628E0,7.699859619E0
1.167064486E1,-7.055206299E-1,4.730239868E0,8.260101318E0
1.177086459E1,-9.976196289E-1,4.684753418E0,8.094909668E0
1.187108432E1,-7.270812988E-1,4.639266968E0,7.946456909E0
1.197127352E1,-2.793579102E-1,4.179580688E0,7.232986450E0
1.207149325E1,-1.062255859E0,4.313644409E0,9.677474976E0
1.217171298E1,-3.751220703E-1,4.639266968E0,8.248138428E0
1.227196322E1,-8.659362793E-1,4.380691528E0,8.276870728E0
1.237215243E1,-8.850860596E-1,4.529129028E0,8.161941528E0
1.247237216E1,-7.510223389E-1,4.603347778E0,8.161941528E0
1.257259188E1,-9.353637695E-1,4.600952148E0,8.372634888E0
1.267281161E1,-7.486267090E-1,4.641662598E0,8.212219238E0
1.277300082E1,-7.965087891E-1,4.663208008E0,7.922515869E0
1.287322055E1,-9.042510986E-1,4.732635498E0,8.030258179E0
1.297344027E1,-7.965087891E-1,4.586593628E0,8.296020508E0
1.307366000E1,-9.736785889E-1,4.651229858E0,8.391784668E0
1.317387973E1,-8.515777588E-1,4.282531738E0,9.270462036E0
1.327409945E1,-8.204498291E-1,4.095779419E0,7.659164429E0
1.337431918E1,-3.516311646E0,3.844390869E0,7.941680908E0
1.347453891E1,-4.517364502E-1,4.373504639E0,6.998367310E0
1.357475863E1,-5.810241699E-1,5.441314697E0,9.842666626E0
1.367494784E1,1.080551147E0,3.676788330E0,7.228210449E0
1.377516757E1,1.461227417E0,3.542724609E0,5.537902832E0
1.387538729E1,1.755371094E-1,3.959304810E0,7.857879639E0
1.397560702E1,-1.426177979E0,4.062255859E0,9.323135376E0
1.407582675E1,-8.539733887E-1,3.185974121E0,8.966400146E0
1.417604647E1,-9.760742188E-1,3.434982300E0,7.532272339E0
1.427626620E1,-1.924179077E0,2.563491821E0,7.958435059E0
1.437648593E1,-2.321609497E0,1.981704712E0,1.042207336E1
1.447667514E1,-4.950439453E0,2.168441772E0,9.828308105E0
1.457692538E1,-4.629623413E0,3.820449829E0,7.764511108E0
1.467711459E1,-6.846649170E0,3.985641479E0,7.599304199E0
1.477733432E1,-5.594787598E-1,2.743057251E0,6.301651001E0
1.487755404E1,-3.820388794E0,4.457305908E0,9.457199097E0
1.497777377E1,-5.144378662E0,2.582641602E0,7.034271240E0
1.507799350E1,-5.067764282E0,3.123733521E0,6.181930542E0
1.517821322E1,-6.070938110E0,1.663269043E0,4.362350464E0
1.527843295E1,-8.445983887E0,9.976806641E-1,5.279327393E0
1.537865268E1,-8.836242676E0,3.774948120E0,2.636123657E0
1.547884188E1,-1.017698669E1,4.600952148E0,2.348815918E0
1.557909213E1,-8.965515137E0,2.020004272E0,4.266571045E0
1.567931185E1,-8.000656128E0,1.026412964E0,4.034332275E0
1.577953158E1,-9.068466187E0,8.205108643E-1,3.706329346E0
1.587975131E1,-8.345428467E0,5.715179443E-1,4.034332275E0
1.597997103E1,-8.345428467E0,1.035995483E0,2.892303467E0
1.608019076E1,-7.727722168E0,1.016830444E0,1.707168579E0
1.618041049E1,-1.141958618E1,9.976806641E-1,4.091796875E0
1.628063021E1,-7.596038818E0,6.792449951E-1,3.287353516E0
1.638081942E1,-7.964752197E0,1.361602783E0,9.567337036E0
1.648103915E1,-5.252120972E0,5.834808350E-1,7.108489990E0
1.658125888E1,-8.324127197E-1,-7.955780029E-1,8.061386108E0
1.668147860E1,-4.208236694E0,1.622573853E0,6.241790771E0
1.678169833E1,-3.360702515E0,5.619354248E-1,9.232147217E0
1.688191806E1,-5.364639282E0,2.156478882E0,6.184326172E0
1.698213778E1,-3.810806274E0,1.579467773E0,6.907379150E0
1.708235751E1,-4.636810303E0,1.567504883E0,8.884994507E0
1.718257724E1,-3.214645386E0,2.393493652E0,7.352706909E0
1.728276644E1,-4.842712402E0,3.226684570E0,1.099188232E1
1.738298617E1,-2.802841187E0,4.191543579E0,9.792388916E0
1.748320590E1,4.005889893E-1,7.124450684E0,7.031875610E0
1.758342562E1,4.298355103E0,7.866653442E0,9.296798706E0
1.768367587E1,1.382217407E0,6.765319824E0,4.496414185E0
1.778386508E1,8.507080078E-1,8.465194702E0,3.126937866E0
1.788405429E1,1.604873657E0,8.101272583E0,3.134124756E0
1.798430453E1,5.179138184E-1,8.783630371E0,4.546691895E0
1.808452426E1,1.329544067E0,8.132400513E0,5.920974731E0
1.818474398E1,2.385391235E0,7.454849243E0,5.916183472E0
1.828493319E1,1.013504028E0,7.845092773E0,6.545852661E0
1.838515292E1,1.466018677E0,7.701446533E0,3.912231445E0
1.848534213E1,1.398971558E0,7.438079834E0,4.683166504E0
1.858559237E1,1.056610107E0,7.122055054E0,5.068634033E0
1.868584262E1,7.977294922E-2,6.319992065E0,7.048645020E0
1.878603183E1,-6.791839600E-1,6.173950195E0,7.371856689E0
1.888625155E1,6.232604980E-1,5.874664307E0,7.446075439E0
1.898644076E1,-3.036499023E-2,5.747772217E0,7.252151489E0
1.908666049E1,4.508666992E-1,5.754959106E0,7.333541870E0
1.918688021E1,1.300506592E-1,5.762145996E0,7.113281250E0
1.928709994E1,1.396331787E-1,6.317596436E0,7.510726929E0
1.938731967E1,1.751708984E-2,5.673553467E0,8.169128418E0
1.948753939E1,-1.716156006E-1,5.939315796E0,7.163558960E0
1.958775912E1,1.013183594E-1,5.793273926E0,6.481216431E0
1.968797885E1,-2.027435303E-1,5.929733276E0,8.063781738E0
1.978816806E1,-7.585144043E-2,6.286468506E0,6.816406250E0
1.988841830E1,-9.020996094E-2,5.771713257E0,7.805206299E0
1.998863803E1,-3.009033203E-1,5.716659546E0,7.582550049E0
2.008882724E1,-5.379333496E-1,5.493988037E0,8.446853638E0
2.018904696E1,-4.182281494E-1,5.692703247E0,7.498748779E0
2.028926669E1,-6.863708496E-1,5.362304688E0,8.523468018E0
2.038951693E1,-4.804687500E-1,5.316818237E0,8.214614868E0
2.048974488E1,-5.403289795E-1,5.398223877E0,8.135604858E0
2.058996461E1,-8.204498291E-1,5.654403687E0,8.001525879E0
2.069018433E1,-4.230041504E-1,5.357528687E0,7.481994629E0
2.079037354E1,-5.427246094E-1,5.261749268E0,7.862670898E0
2.089059327E1,-4.924468994E-1,5.247390747E0,7.800415039E0
2.099081299E1,-1.189422607E-1,5.228240967E0,7.484390259E0
2.109103272E1,-4.493408203E-1,5.460479736E0,7.493957520E0
2.119125245E1,-3.200531006E-1,5.453292847E0,7.817184448E0
2.129147217E1,-3.918914795E-1,5.683135986E0,7.697463989E0
2.139166138E1,-7.345581055E-2,5.165985107E0,7.074981689E0
2.149188111E1,-7.318572998E-1,5.570602417E0,8.506713867E0
2.159213135E1,-3.032989502E-1,5.288085938E0,8.011108398E0
2.169232056E1,-4.972381592E-1,5.304855347E0,7.857879639E0
2.179257081E1,-2.554168701E-1,5.142044067E0,7.434112549E0
2.189276002E1,-3.894958496E-1,5.304855347E0,7.920135498E0
2.199297974E1,-2.578125000E-1,5.228240967E0,7.833938599E0
2.209319947E1,-2.721710205E-1,5.256973267E0,7.850692749E0
2.219341920E1,-1.859527588E0,7.579345703E0,6.361495972E0
2.229363892E1,-1.035919189E0,5.668762207E0,8.018295288E0
2.239388917E1,-8.683319092E-1,5.587371826E0,5.537902832E0
2.249407838E1,-8.977493286E0,8.019882202E0,1.380986023E1
2.259429810E1,-3.133239746E0,3.470886230E0,7.242568970E0
2.269454835E1,-6.908905029E0,4.778121948E0,4.216293335E0
2.279473756E1,-7.095657349E0,2.783752441E0,2.080673218E0
2.289498780E1,-7.490692139E0,3.619338989E0,6.136444092E0
2.299520753E1,-8.630340576E0,2.637710571E0,3.399871826E0
2.309539674E1,-8.220932007E0,1.166076660E-1,2.152496338E0
2.319561646E1,-8.070083618E0,2.936981201E0,1.544372559E0
2.329583619E1,-9.149871826E0,1.821289062E0,7.518920898E-1
2.339602540E1,-8.453155518E0,2.113372803E0,1.549163818E0
2.349624512E1,-1.072526550E1,-1.985168457E-2,8.213195801E-1
2.359646485E1,-1.294947815E1,1.477355957E-1,-2.082839966E0
2.369671509E1,-1.006445312E1,1.043167114E0,4.358520508E-1
2.379693482E1,-9.042129517E0,7.032012939E-1,1.868591309E-1
2.389715455E1,-8.477111816E0,6.505279541E-1,5.507812500E-1
2.399734376E1,-9.602386475E0,1.453399658E-1,7.375183105E-1
2.409756348E1,-9.054107666E0,5.355987549E-1,8.452606201E-1
2.419778321E1,-8.764404297E0,1.094360352E-1,6.953430176E-2
2.429800294E1,-9.949539185E0,2.803039551E-2,3.472747803E-1
2.439822266E1,-1.000460815E1,4.039154053E-1,-1.359802246E0
2.449844239E1,-8.766799927E0,-3.900146484E-2,-2.622985840E-2
2.459866212E1,-8.388519287E0,-5.657348633E-1,4.167022705E-1
2.469888184E1,-9.260009766E0,-4.627838135E-1,-3.925476074E-1
2.479910157E1,-9.573654175E0,-6.950225830E-1,-1.077285767E0
2.489932130E1,-9.422821045E0,-5.346069336E-1,-1.742874146E0
2.499954102E1,-9.279159546E0,-4.819335938E-1,-1.637527466E0
2.509976075E1,-1.118974304E1,-7.429046631E-1,-2.345275879E-1
2.519998048E1,-8.141921997E0,-6.974182129E-1,-1.460357666E0
2.530020020E1,-8.268814087E0,-6.902313232E-1,-1.879333496E0
2.540041993E1,-9.221694946E0,-5.226440430E-1,-5.768890381E-1
2.550063966E1,-8.271209717E0,-6.184082031E-1,-8.953247070E-1
2.560085938E1,-9.169021606E0,-4.172973633E-1,-1.943984985E0
2.570107911E1,-8.874542236E0,-3.047637939E-1,-1.565704346E0
2.580129883E1,-9.109176636E0,-5.561523438E-1,-1.881729126E0
2.590148804E1,-9.379714966E0,-3.622283936E-1,-2.018203735E0
2.600170777E1,-8.824264526E0,-4.819335938E-1,-1.824279785E0
2.610192750E1,-9.070861816E0,-4.819335938E-1,-1.608795166E0
2.620214722E1,-9.626327515E0,-3.741912842E-1,-2.008621216E0
2.630239747E1,-9.015792847E0,-4.867248535E-1,-1.898498535E0
2.640258668E1,-8.920028687E0,-4.843292236E-1,-1.819488525E0
2.650280640E1,-9.075653076E0,-4.795379639E-1,-1.999053955E0
2.660302613E1,-9.377319336E0,-5.250244141E-1,-1.979888916E0
2.670324586E1,-8.663848877E0,-4.579925537E-1,-2.018203735E0
2.680346558E1,-9.039749146E0,-5.010833740E-1,-1.680618286E0
2.690368531E1,-9.271972656E0,-4.747467041E-1,-1.850616455E0
2.700390504E1,-8.546539307E0,-3.957366943E-1,-1.876937866E0
2.710412476E1,-1.348577881E1,4.302520752E-1,-6.856887817E0
2.720434449E1,-1.152014160E1,-1.140335083E0,-1.094039917E0
2.730456422E1,-1.065342712E1,-5.537567139E-1,-2.599990845E0
2.740478394E1,-8.390914917E0,-4.388427734E-1,-1.345428467E0
2.750500367E1,-9.137908936E0,-3.047637939E-1,-2.475494385E0
2.760522340E1,-9.046920776E0,-4.340515137E-1,-1.692596436E0
2.770544312E1,-9.063690186E0,-5.537567139E-1,-1.714141846E0
2.780566285E1,-9.317474365E0,-4.939117432E-1,-2.154678345E0
2.790588257E1,-8.556106567E0,-3.454589844E-1,-1.675827026E0
2.800610230E1,-8.529769897E0,-4.268646240E-1,-1.910461426E0
2.810632203E1,-9.372543335E0,-4.963073730E-1,-2.257629395E0
2.820654175E1,-8.714126587E0,-3.478546143E-1,-1.673431396E0
2.830676148E1,-8.819473267E0,-3.813781738E-1,-2.034957886E0
2.840698121E1,-9.429992676E0,-5.393981934E-1,-2.104400635E0
2.850720093E1,-8.371765137E0,-3.502502441E-1,-1.778778076E0
2.860742066E1,-9.099594116E0,-5.513610840E-1,-1.905670166E0
2.870764039E1,-9.209732056E0,-4.077148438E-1,-1.943984985E0
2.880786011E1,-8.589630127E0,-5.010833740E-1,-1.869766235E0
2.890807984E1,-9.137908936E0,-4.986877441E-1,-1.917648315E0
2.900829957E1,-9.233673096E0,-4.077148438E-1,-1.824279785E0
2.910851929E1,-8.730895996E0,-5.465850830E-1,-1.788360596E0
2.920873902E1,-9.401260376E0,-5.106658936E-1,-2.082839966E0
2.930895875E1,-8.809906006E0,-4.364471436E-1,-1.671051025E0
2.940917847E1,-9.042129517E0,-5.561523438E-1,-1.733291626E0
2.950939820E1,-9.408447266E0,-4.292602539E-1,-2.082839966E0
2.960964844E1,-8.673431396E0,-5.537567139E-1,-2.006225586E0
2.970986817E1,-9.288742065E0,-4.627838135E-1,-1.924835205E0
2.981005738E1,-8.795532227E0,-4.172973633E-1,-1.551330566E0
2.991027711E1,-8.948760986E0,-5.824890137E-1,-1.649490356E0
3.001049683E1,-9.109176636E0,-3.167419434E-1,-1.898498535E0
3.011071656E1,-8.867355347E0,-4.795379639E-1,-1.857788086E0
3.021093629E1,-9.295928955E0,-5.657348633E-1,-1.888916016E0
3.031112549E1,-9.204940796E0,-3.478546143E-1,-1.783569336E0
3.041137574E1,-8.850601196E0,-4.963073730E-1,-1.769210815E0
3.051160381E1,-9.403656006E0,-5.058746338E-1,-1.982284546E0
3.061179302E1,-8.963134766E0,-3.694152832E-1,-1.584854126E0
3.071204326E1,-8.972702026E0,-4.268646240E-1,-1.946380615E0
3.081223247E1,-8.922424316E0,-4.986877441E-1,-1.704559326E0
3.091248272E1,-8.891296387E0,-3.741912842E-1,-2.058898926E0
3.101270244E1,-8.762008667E0,-4.555969238E-1,-1.771606445E0
3.111292217E1,-9.082839966E0,-4.603881836E-1,-1.867370605E0
3.121317241E1,-8.630340576E0,-4.340515137E-1,-1.879333496E0
3.131339214E1,-9.300704956E0,-4.316558838E-1,-1.908065796E0
3.141358135E1,-8.728500366E0,-3.837738037E-1,-1.558517456E0
3.151380108E1,-9.231277466E0,-4.340515137E-1,-1.824279785E0
3.161402080E1,-9.331832886E0,-4.627838135E-1,-1.927230835E0
3.171424053E1,-8.807510376E0,-5.489654541E-1,-1.680618286E0
3.181446026E1,-9.439575195E0,-4.555969238E-1,-2.022994995E0
3.191467998E1,-8.824264526E0,-4.196929932E-1,-1.764419556E0
3.201486919E1,-9.116363525E0,-4.436340332E-1,-1.936798096E0
3.211514995E1,-9.202545166E0,-3.981323242E-1,-1.728500366E0
3.221533916E1,-8.999038696E0,-5.322113037E-1,-1.841033936E0
3.231555889E1,-9.542526245E0,-4.699707031E-1,-1.841033936E0
3.241577862E1,-8.496261597E0,-5.106658936E-1,-1.659072876E0
3.251596782E1,-9.475494385E0,-3.478546143E-1,-2.181015015E0
3.261621807E1,-8.651885986E0,-4.771423340E-1,-1.673431396E0
3.271643779E1,-9.118743896E0,-2.975769043E-1,-2.049331665E0
3.281662700E1,-9.011016846E0,-3.837738037E-1,-1.678222656E0
3.291687725E1,-8.764404297E0,-4.579925537E-1,-1.709350586E0
3.301709697E1,-8.989471436E0,-4.029235840E-1,-1.903274536E0
3.311731670E1,-8.845809937E0,-5.178527832E-1,-1.675827026E0
3.321753643E1,-9.231277466E0,-4.555969238E-1,-1.953552246E0
3.331775615E1,-8.845809937E0,-5.824890137E-1,-1.738082886E0
3.341797588E1,-9.324645996E0,-4.627838135E-1,-2.231292725E0
3.351822612E1,-8.821868896E0,-5.058746338E-1,-1.692596436E0
3.361841533E1,-9.106781006E0,-5.370025635E-1,-1.876937866E0
3.371866558E1,-9.200149536E0,-4.220733643E-1,-2.140304565E0
3.381885479E1,-9.003829956E0,-4.771423340E-1,-2.128341675E0
3.391910503E1,-9.178604126E0,-5.178527832E-1,-1.687805176E0
3.401929424E1,-8.977493286E0,-2.688446045E-1,-1.738082886E0
3.411951397E1,-9.487457275E0,-9.200744629E-1,-2.171432495E0
3.421970318E1,-8.630340576E0,-2.042083740E-1,-2.260025024E0
3.431995342E1,-9.171417236E0,-2.353363037E-1,-1.872161865E0
3.442014263E1,-8.975097656E0,-4.532012939E-1,-1.153900146E0
3.452039287E1,-9.142700195E0,-3.598327637E-1,-2.315078735E0
3.462058208E1,-8.936798096E0,-2.664642334E-1,-1.426834106E0
3.472080181E1,-9.027770996E0,-1.563262939E-1,-2.003845215E0
3.482105205E1,-9.092407227E0,-2.688446045E-1,-1.886520386E0
3.492127178E1,-9.377319336E0,-2.904052734E-1,-1.903274536E0
3.502146099E1,-8.682998657E0,4.238891602E-2,-1.165863037E0
3.512168071E1,-8.927215576E0,3.999328613E-2,-1.386138916E0
3.522193096E1,-8.963134766E0,1.405639648E-1,-1.896102905E0
3.532215068E1,-8.872146606E0,1.740722656E-1,-1.747665405E0
3.542237041E1,-9.125930786E0,4.478454590E-2,-1.489089966E0
3.552259014E1,-8.809906006E0,-2.703857422E-2,-8.905334473E-1
3.562280987E1,-9.207336426E0,-4.172973633E-1,-1.041366577E0
3.572302959E1,-9.085235596E0,-2.904052734E-1,-1.764419556E0
3.582324932E1,-9.214523315E0,-2.880096436E-1,-2.638305664E0
3.592346904E1,-9.154663086E0,-4.618835449E-2,-2.595199585E0
3.602368877E1,-8.939178467E0,8.070373535E-2,-1.845825195E0
3.612390850E1,-9.015792847E0,7.830810547E-2,-1.465148926E0
3.622412822E1,-8.668640137E0,1.405639648E-1,-9.336242676E-1
3.632434795E1,-8.905670166E0,1.645050049E-1,-1.031799316E0
3.642456768E1,-9.279159546E0,-1.266479492E-2,-1.340637207E0
3.652478740E1,-9.305496216E0,-6.294250488E-2,-2.046936035E0
3.662497661E1,-9.315078735E0,-6.773376465E-2,-1.723709106E0
3.672522686E1,-9.355773926E0,-2.353363037E-1,-1.795547485E0
3.682544658E1,-9.406051636E0,-1.635131836E-1,-1.546539307E0
3.692566631E1,-9.192977905E0,-1.028442383E-2,-2.008621216E0
3.702588604E1,-8.970306396E0,-5.097961426E-2,-2.157073975E0
3.712610576E1,-9.271972656E0,-7.888793945E-3,-2.123550415E0
3.722632549E1,-9.166641235E0,2.084350586E-2,-1.869766235E0
3.732654522E1,-9.415634155E0,-2.943420410E-2,-1.982284546E0
3.742676494E1,-9.899261475E0,1.605224609E-2,-2.209732056E0
3.752695415E1,-8.829055786E0,1.261901855E-1,-1.208969116E0
3.762720440E1,-8.560897827E0,9.745788574E-2,-7.444915771E-1
3.772742412E1,-8.934402466E0,3.967437744E-1,-1.323883057E0
3.782764385E1,-8.302322388E0,4.015197754E-1,-1.053344727E0
3.792789409E1,-9.875320435E0,1.621093750E-1,-2.805892944E0
3.802811382E1,-8.687789917E0,4.494018555E-1,-1.441207886E0
3.812833355E1,-9.530548096E0,4.972991943E-1,-3.153060913E0
3.822855327E1,-9.377319336E0,1.367187500E-2,-2.434799194E0
3.832874248E1,-8.776382446E0,1.237945557E-1,-1.113189697E0
3.842896221E1,-9.341415405E0,3.521728516E-2,-1.067703247E0
3.852918194E1,-8.939178467E0,5.236358643E-1,-2.468307495E0
3.862940166E1,-9.283950806E0,2.052001953E-1,-2.046936035E0
3.872962139E1,-9.099594116E0,1.549224854E-1,-2.621536255E0
3.882984112E1,-8.563293457E0,4.063110352E-1,-3.505004883E0
3.893006084E1,-8.680618286E0,6.984100342E-1,-2.781951904E0
3.903028057E1,-9.762786865E0,1.716766357E-1,-2.841812134E0
3.913050029E1,-9.580825806E0,1.309814453E-1,-1.101226807E0
3.923072002E1,-8.259231567E0,5.547485352E-1,-2.619140625E0
3.933093975E1,-8.053329468E0,5.068664551E-1,-3.576828003E0
3.943115947E1,-7.998260498E0,5.260162354E-1,-1.740478516E0
3.953137920E1,-9.645477295E0,8.309936523E-2,-2.437194824E0
3.963159893E1,-9.757995605E0,2.243499756E-1,-2.049331665E0
3.973181865E1,-9.492248535E0,4.957580566E-2,-1.438812256E0
3.983203838E1,-8.726104736E0,2.818145752E-1,-2.525772095E0
3.993225811E1,-8.472320557E0,3.249053955E-1,-2.724487305E0
4.003247783E1,-8.972702026E0,2.578735352E-1,-3.143478394E0
4.013269756E1,-9.317474365E0,1.142272949E-1,-1.510635376E0
4.023291729E1,-8.058120728E0,2.563476562E-2,-3.294311523E0
4.033313701E1,-8.694976807E0,2.674560547E-1,-1.903274536E0
4.043338395E1,-8.493865967E0,3.273010254E-1,-3.416412354E0
4.053360367E1,-8.757232666E0,5.212402344E-1,-1.860183716E0
4.063382340E1,-9.118743896E0,2.818145752E-1,-2.097213745E0
4.073404312E1,-8.754837036E0,4.805297852E-1,-3.512191772E0
4.083426285E1,-9.434783936E0,-3.097534180E-3,-3.457122803E0
4.093448258E1,-8.910461426E0,3.296966553E-1,-3.421203613E0
4.103470230E1,-8.419647217E0,2.028045654E-1,-2.252838135E0
4.113492203E1,-9.180999756E0,1.094360352E-1,-3.272766113E0
4.123514176E1,-9.477874756E0,-3.837738037E-1,-2.480285645E0
4.133536149E1,-8.381332397E0,4.422302246E-1,-2.995040894E0
4.143558121E1,-8.647094727E0,-1.874542236E-1,-2.281570435E0
4.153580094E1,-9.497039795E0,-9.631652832E-1,-2.149887085E0
4.163602067E1,-7.476333618E0,9.985351562E-2,-1.386138916E0
4.173624039E1,-8.759628296E0,-5.034790039E-1,-2.173828125E0
4.183646012E1,-8.898483276E0,-7.019042969E-4,-1.711746216E0
4.193667984E1,-9.559280396E0,-2.018127441E-1,-1.860183716E0
4.203689957E1,-9.791519165E0,-1.658935547E-1,-2.532958984E0
4.213711930E1,-9.623931885E0,-3.765869141E-1,-2.102005005E0
4.223733902E1,-9.437179565E0,2.674560547E-1,-1.659072876E0
4.233755875E1,-9.166641235E0,-3.646240234E-1,-1.472320557E0
4.243780900E1,-9.985458374E0,-7.141723633E-1,-2.391693115E0
4.253799820E1,-1.028472900E1,-6.854400635E-1,-4.467468262E0
4.263821793E1,-9.178604126E0,-2.808227539E-1,-1.606399536E0
4.273846817E1,-9.135513306E0,-3.287048340E-1,-2.829833984E0
4.283868790E1,-9.403656006E0,-8.410644531E-1,-1.189804077E0
4.293887711E1,-9.441970825E0,-5.968627930E-1,-2.820266724E0
4.303912735E1,-8.431610107E0,-4.077148438E-1,-1.991867065E0
4.313934708E1,-9.784332275E0,-9.248657227E-1,-2.011016846E0
4.323956681E1,-7.749267578E0,-1.802673340E-1,-2.082839966E0
4.333975602E1,-9.374923706E0,-1.027816772E0,-2.918426514E0
4.344000626E1,-8.297546387E0,-8.985290527E-1,-1.649490356E0
4.354019547E1,-8.572875977E0,-1.030212402E0,-2.396484375E0
4.364041520E1,-9.240859985E0,-1.286392212E0,-1.819488525E0
4.374063492E1,-9.485061646E0,-1.336669922E0,-2.104400635E0
4.384085465E1,-1.090960693E1,-2.016616821E0,-2.434799194E0
4.394110489E1,-9.087631226E0,-8.482513428E-1,-1.924835205E0
4.404129410E1,-9.561676025E0,-1.063720703E0,-2.408462524E0
4.414151383E1,-8.838623047E0,-1.003875732E0,-1.398101807E0
4.424176407E1,-9.552108765E0,-1.030212402E0,-2.765197754E0
4.434198380E1,-8.994247437E0,-5.178527832E-1,1.118194580E0
4.444220353E1,-1.103649902E1,-1.518630981E0,-2.669433594E0
4.454242325E1,-9.971084595E0,-1.118789673E0,-3.076446533E0
4.464264298E1,-6.154724121E0,8.789062500E-2,-1.963134766E0
4.474283219E1,-8.908065796E0,-1.090057373E0,-2.820266724E0
4.484305192E1,-9.942352295E0,-8.003692627E-1,-2.453948975E0
4.494330216E1,-1.034696960E1,-6.734771729E-1,-3.564865112E0
4.504352189E1,-8.113189697E0,-8.003692627E-1,-2.401275635E0
4.514374161E1,-7.552947998E0,-4.460296631E-1,-1.556121826E0
4.524393082E1,-9.650268555E0,-2.784271240E-1,-2.851379395E0
4.534418106E1,-8.639907837E0,-2.185668945E-1,-2.525772095E0
4.544440079E1,-8.062911987E0,-5.657348633E-1,-3.449935913E0
4.554462052E1,-7.433227539E0,-2.018127441E-1,-2.925598145E0
4.564484024E1,-9.372543335E0,-2.760314941E-1,-3.610351562E0
4.574505997E1,-8.259231567E0,8.070373535E-2,-3.198547363E0
4.584527970E1,-9.638290405E0,-6.758728027E-1,-3.667800903E0
4.594549942E1,-7.785186768E0,-8.210754395E-2,-1.687805176E0
4.604571915E1,-8.551330566E0,-5.800933838E-1,-1.601608276E0
4.614593888E1,-8.383728027E0,-2.209625244E-1,-3.663024902E0
4.624615860E1,-9.058898926E0,-7.500915527E-1,-2.798706055E0
4.634637833E1,-8.958343506E0,-3.358917236E-1,-1.649490356E0
4.644659806E1,-8.939178467E0,-4.771423340E-1,-2.657455444E0
4.654681778E1,-8.208953857E0,-1.443481445E-1,-2.801101685E0
4.664703751E1,-9.097198486E0,-6.662902832E-1,-3.375717163E0
4.674725724E1,-8.647094727E0,2.171783447E-1,-2.669433594E0
4.684747696E1,-9.597595215E0,-1.011047363E0,-2.906448364E0
4.694769669E1,-8.412460327E0,-8.450317383E-2,-2.224105835E0
4.704791642E1,-9.032562256E0,-4.412384033E-1,-3.627105713E0
4.714813614E1,-9.403656006E0,-3.550415039E-1,-3.813858032E0
4.724835587E1,-8.230499268E0,-2.784271240E-1,-3.809066772E0
4.734857560E1,-9.305496216E0,3.521728516E-2,-2.707733154E0
4.744879532E1,-8.742858887E0,-5.010833740E-1,-2.599990845E0
4.754901505E1,-8.671035767E0,-4.029235840E-1,-3.816253662E0
4.764923478E1,-8.544143677E0,-4.316558838E-1,-2.808288574E0
4.774945450E1,-1.057681274E1,-6.773376465E-2,-5.609512329E0
4.784967423E1,-1.081144714E1,-3.023681641E-1,-4.026931763E0
4.794989396E1,-8.893692017E0,-3.765869141E-1,-1.850616455E0
4.805011368E1,-7.931228638E0,9.985351562E-2,-2.839416504E0
4.815036393E1,-9.511398315E0,-1.371765137E-1,-3.505004883E0
4.825058365E1,-1.050978088E1,-8.051452637E-1,-3.689361572E0
4.835077286E1,-8.563293457E0,-1.012573242E-1,-3.785125732E0
4.845099259E1,-8.328659058E0,2.123870850E-1,-2.542526245E0
4.855121232E1,-9.418029785E0,-3.741912842E-1,-2.441970825E0
4.865146256E1,-8.845809937E0,-3.311004639E-1,-2.901657104E0
4.875165177E1,-7.895309448E0,-9.407043457E-2,-2.932785034E0
4.885187150E1,-8.228103638E0,-1.985168457E-2,-3.531341553E0
4.895209122E1,-9.147476196E0,-4.139709473E-2,-2.221710205E0
4.905231095E1,-1.014585876E1,-4.675750732E-1,-3.284729004E0
4.915253067E1,-8.249649048E0,-1.635131836E-1,-3.792312622E0
4.925275040E1,-8.185012817E0,-1.132354736E-1,-2.844207764E0
4.935300065E1,-9.731674194E0,-4.858398438E-2,-2.322265625E0
4.945318985E1,-8.220932007E0,-5.824890137E-1,-3.615142822E0
4.955344010E1,-8.333450317E0,4.446258545E-1,-5.592742920E0
4.965365983E1,-9.528152466E0,-2.760314941E-1,-3.828216553E0
4.975387955E1,-9.147476196E0,-4.699707031E-1,-3.179397583E0
4.985406876E1,-9.576049805E0,3.761291504E-2,-2.743652344E0
4.995431900E1,-8.984680176E0,-1.132354736E-1,-1.905670166E0
5.005453873E1,-1.081863403E1,4.805297852E-1,-4.499969482E-1
5.015475846E1,-6.346267700E0,-9.407043457E-2,-3.231048584E-1
5.025497818E1,-8.431610107E0,1.333770752E-1,-3.720474243E0
5.035519791E1,-6.729339600E0,2.890014648E-1,-3.155456543E0
5.045542131E1,-1.074201965E1,-5.705261230E-1,-4.730834961E0
5.055564104E1,-6.762863159E0,-1.491394043E-1,2.644348145E-2
5.065586076E1,-6.583297729E0,2.722320557E-1,-1.972717285E0
5.075608049E1,-8.577667236E0,-1.180114746E-1,-2.415634155E0
5.085630022E1,-8.417251587E0,-1.611175537E-1,-2.018203735E0
5.095651994E1,-9.322265625E0,-6.830444336E-1,-2.118759155E0
5.105673967E1,-1.191278076E1,-8.075408936E-1,-3.871322632E0
5.115695940E1,-8.639907837E0,-9.871063232E-1,-1.685409546E0
5.125717913E1,-7.208175659E0,-2.616729736E-1,-1.740478516E0
5.135739885E1,-7.847427368E0,4.134979248E-1,-2.497039795E0
5.145761858E1,-9.623931885E0,1.645050049E-1,-4.715423584E-1
5.155783830E1,-8.745254517E0,-3.526458740E-1,-1.793151855E0
5.165805803E1,-1.171406555E1,-9.895019531E-1,-4.840972900E0
5.175827776E1,-9.396484375E0,-1.130767822E0,-4.069061279E-1
5.185849748E1,-6.645538330E0,1.844787598E-2,-2.331848145E0
5.195871721E1,-9.439575195E0,-2.291946411E0,-4.715423584E-1
5.205893694E1,-8.275985718E0,-2.639114380E0,-1.285583496E0
5.215915666E1,-7.263244629E0,-3.086822510E0,1.671264648E0
5.225937639E1,-9.798706055E0,-3.331039429E0,-1.256851196E0
5.235959612E1,-8.048538208E0,-3.316665649E0,-1.955947876E0
5.245981584E1,-7.572097778E0,-2.648681641E0,-1.230514526E0
5.256003557E1,-8.441192627E0,-3.139495850E0,-2.171432495E0
5.266025530E1,-1.025120544E1,-3.524963379E0,-1.364593506E0
5.276050554E1,-9.291137695E0,-3.122741699E0,-2.195373535E0
5.286069475E1,-8.560897827E0,-2.943176270E0,-1.833847046E0
5.296091448E1,-1.028472900E1,-2.658264160E0,-1.371765137E0
5.306113420E1,-1.001896667E1,-2.667846680E0,-1.714141846E0
5.316138445E1,-9.049316406E0,-2.792343140E0,-1.477111816E0
5.326157366E1,-8.750045776E0,-2.624740601E0,-1.836242676E0
5.336179338E1,-9.279159546E0,-2.892898560E0,-2.039749146E0
5.346204363E1,-9.161849976E0,-2.873748779E0,-2.133117676E0
5.356226335E1,-8.704559326E0,-2.703750610E0,-1.848220825E0
5.366248308E1,-8.651885986E0,-2.313507080E0,-1.534576416E0
5.376270281E1,-9.520980835E0,-1.978317261E0,-2.202560425E0
5.386292253E1,-9.604766846E0,-1.535385132E0,-1.900894165E0
5.396314226E1,-8.663848877E0,-1.391738892E0,-1.563308716E0
5.406333147E1,-8.544143677E0,-1.116394043E0,-1.671051025E0
5.416358171E1,-9.245651245E0,-1.015838623E0,-2.147491455E0
5.426380144E1,-9.815460205E0,-1.075698853E0,-1.723709106E0
5.436402117E1,-9.037353516E0,-8.314819336E-1,-1.328674316E0
5.446424089E1,-8.668640137E0,-1.061325073E0,-1.936798096E0
5.456446062E1,-8.915237427E0,-9.488067627E-1,-1.982284546E0
5.466468035E1,-9.396484375E0,-8.841552734E-1,-1.812301636E0
5.476490007E1,-9.125930786E0,-1.068511963E0,-1.723709106E0
5.486515032E1,-8.668640137E0,-1.154708862E0,-1.795547485E0
5.496533953E1,-8.903274536E0,-1.113998413E0,-2.233688354E0
5.506555925E1,-9.418029785E0,-1.226531982E0,-1.608795166E0
5.516577898E1,-8.702163696E0,-1.025421143E0,-1.479507446E0
5.526599870E1,-8.936798096E0,-9.607696533E-1,-2.034957886E0
5.536621843E1,-9.607162476E0,-1.248077393E0,-1.802719116E0
5.546643816E1,-8.728500366E0,-1.013442993E0,-1.565704346E0
5.556665788E1,-8.941574097E0,-1.121185303E0,-2.228897095E0
5.566687761E1,-9.595199585E0,-1.169067383E0,-1.874557495E0
5.576709734E1,-9.078048706E0,-1.092453003E0,-1.599212646E0
5.586731706E1,-8.594421387E0,-1.123580933E0,-2.011016846E0
5.596753679E1,-9.413238525E0,-1.257659912E0,-2.118759155E0
5.606775652E1,-9.458724976E0,-1.173858643E0,-1.711746216E0
5.616797624E1,-8.551330566E0,-1.169067383E0,-1.594436646E0
5.626819597E1,-8.565689087E0,-9.272613525E-1,-1.939193726E0
5.636841570E1,-9.413238525E0,-1.121185303E0,-1.855392456E0
5.646863542E1,-9.051712036E0,-1.090057373E0,-1.709350586E0
5.656885515E1,-8.841018677E0,-1.054153442E0,-1.874557495E0
5.666910539E1,-9.056503296E0,-9.703521729E-1,-1.958343506E0
5.676929460E1,-9.336624146E0,-8.027648926E-1,-1.654281616E0
5.686951433E1,-8.776382446E0,-6.878356934E-1,-1.127563477E0
5.696976457E1,-9.307891846E0,-5.346069336E-1,-1.726104736E0
5.706998430E1,-8.912857056E0,-3.502502441E-1,-1.941589355E0
5.717020403E1,-9.037353516E0,-4.316558838E-1,-1.501052856E0
5.727042375E1,-8.996643066E0,-2.999725342E-1,-2.317474365E0
5.737064348E1,-9.623931885E0,-6.998138428E-1,-2.164245605E0
5.747086321E1,-8.627944946E0,-5.657348633E-1,-1.659072876E0
5.757108293E1,-8.410064697E0,-2.472991943E-1,-1.395706177E0
5.767130266E1,-8.697372437E0,-1.299896240E-1,-2.264801025E0
5.777152239E1,-9.312683105E0,-2.224731445E-2,-2.046936035E0
5.787174211E1,-9.061294556E0,1.884460449E-1,-1.575271606E0
5.797196184E1,-8.896087646E0,6.026306152E-1,-1.819488525E0
5.807218157E1,-8.606384277E0,8.253021240E-1,-2.039749146E0
5.817240129E1,-8.072479248E0,1.282592773E0,-1.438812256E0
5.827262102E1,-1.014585876E1,9.114837646E-1,-2.192977905E0
5.837284075E1,-9.954330444E0,9.497985840E-1,-1.388534546E0
5.847306047E1,-9.453933716E0,1.038375854E0,-1.505844116E0
5.857328020E1,-7.842636108E0,1.454971313E0,-2.753219604E0
5.867349992E1,-1.023205566E1,1.476516724E0,-1.604003906E0
5.877371965E1,-9.161849976E0,1.055145264E0,-1.838638306E0
5.887393938E1,-7.727722168E0,2.178024292E0,-1.929611206E0
5.897418962E1,-8.448379517E0,1.555526733E0,-4.476013184E-1
5.907437883E1,-9.125930786E0,1.883529663E0,7.293701172E-3
5.917459856E1,-1.155364990E1,7.917785645E-1,-3.566284180E-1
5.927481829E1,-7.682235718E0,1.737487793E0,-2.657455444E0
5.937503801E1,-8.620758057E0,1.605804443E0,-1.876937866E0
5.947525774E1,-8.757232666E0,2.273788452E0,-2.324661255E0
5.957547747E1,-8.872146606E0,1.768615723E0,-1.220932007E0
5.967569719E1,-8.960739136E0,1.771011353E0,-1.740478516E0
5.977591692E1,-7.651107788E0,2.427017212E0,-8.354644775E-1
5.987613664E1,-8.584838867E0,1.883529663E0,-6.990051270E-1
5.997638689E1,-9.700546265E0,1.241882324E0,-2.793930054E0
6.007660662E1,-1.004769897E1,1.134155273E0,-1.649490356E0
6.017682634E1,-7.833068848E0,1.033599854E0,-1.833847046E0
6.027704607E1,-9.645477295E0,9.833221436E-1,-2.006225586E0
6.037726580E1,-1.118734741E1,5.786895752E-1,2.730407715E-1
6.047748423E1,-8.536956787E0,1.086273193E0,-1.443588257E0
6.057770396E1,-6.580902100E0,1.385543823E0,-5.529479980E-1
6.067792368E1,-8.939178467E0,4.805297852E-1,6.800689697E-1
6.077814341E1,-7.540969849E0,1.134155273E0,-2.413253784E0
6.087836314E1,-8.651885986E0,7.391052246E-1,-6.702728271E-1
6.097858286E1,-1.077075195E1,-5.298156738E-1,-1.366973877E0
6.107883311E1,-1.030148315E1,-1.489898682E0,-9.096832275E-1
6.117902232E1,-9.240859985E0,-4.747467041E-1,-1.886520386E0
6.127927256E1,-8.168258667E0,-1.681427002E0,-2.011016846E0
6.137946177E1,-1.013389587E1,-2.763610840E0,-5.314025879E-1
6.147968150E1,-8.331054688E0,-1.935211182E0,-1.472320557E0
6.157990122E1,-1.016023254E1,-1.456375122E0,-6.846313477E-1
6.168012095E1,-1.010276794E1,-2.813888550E0,-7.971649170E-1
6.178034068E1,-8.790740967E0,-2.102813721E0,-6.870269775E-1
6.188056040E1,-9.140304565E0,-2.919235229E0,-2.619140625E0
6.198078013E1,-8.510620117E0,-3.697341919E0,-7.636413574E-1
6.208099986E1,-8.280776978E0,-3.764389038E0,-1.280792236E0
6.218121958E1,-9.494644165E0,-3.477081299E0,-2.260025024E0
6.228143931E1,-1.059118652E1,-4.061264038E0,-2.676605225E0
6.238168955E1,-9.530548096E0,-3.905639648E0,-6.678771973E-1
6.248187876E1,-8.070083618E0,-2.653472900E0,-1.072494507E0
6.258212901E1,-8.220932007E0,-2.828247070E0,-2.130737305E0
6.268234873E1,-8.757232666E0,-2.797134399E0,-9.096832275E-1
6.278256846E1,-9.813064575E0,-3.311874390E0,-6.798400879E-1
6.288281870E1,-9.420425415E0,-3.280761719E0,-2.468307495E0
6.298303843E1,-9.789123535E0,-2.351806641E0,-1.841033936E0
6.308322764E1,-9.604766846E0,-2.272796631E0,-2.585632324E0
6.318347788E1,-8.151489258E0,-2.212936401E0,-1.326278687E0
6.328369761E1,-9.463516235E0,-2.141113281E0,-2.267196655E0
6.338391734E1,-9.334228516E0,-2.275192261E0,-1.287979126E0
6.348413706E1,-8.196975708E0,-1.094848633E0,-1.568099976E0
6.358435679E1,-9.597595215E0,-1.152313232E0,-9.527893066E-1
6.368454600E1,-9.590408325E0,-1.178649902E0,-1.687805176E0
6.378479624E1,-8.192199707E0,-6.495361328E-1,-5.768890381E-1
6.388501597E1,-7.873764038E0,-1.216949463E0,-4.093017578E-1
6.398520518E1,-7.256057739E0,-1.778717041E-1,4.885253906E-1
6.408542491E1,-9.899261475E0,-3.263092041E-1,-2.882507324E0
6.418564463E1,-9.731674194E0,-7.979736328E-1,1.629180908E-1
6.428586436E1,-8.503448486E0,-1.537780762E0,-1.555175781E-1
6.438608409E1,-7.409286499E0,-5.705261230E-1,-1.635131836E0
6.448633433E1,-7.212966919E0,-2.951812744E-1,-2.738861084E0
6.458652354E1,-9.597595215E0,-1.161895752E0,-2.228897095E0
6.468677378E1,-9.516189575E0,-8.458557129E-1,-1.675827026E0
6.478699351E1,-9.870529175E0,-5.154571533E-1,-9.719390869E-1
6.488721324E1,-1.062709045E1,-8.817596436E-1,-2.640701294E0
6.498743296E1,-9.027770996E0,-7.237548828E-1,-2.528167725E0
6.508762217E1,-8.709335327E0,1.573181152E-1,-2.288742065E0
6.518787242E1,-9.370147705E0,-8.889465332E-1,-2.753219604E0
6.528809214E1,-1.068695068E1,-1.327087402E0,-4.129882812E0
6.538831187E1,-1.027754211E1,-1.044570923E0,-3.912017822E0
6.548853159E1,-7.624771118E0,-3.526458740E-1,-1.141921997E0
6.558875132E1,-8.946365356E0,-8.745880127E-1,-2.509017944E0
6.568897105E1,-8.388519287E0,3.153381348E-1,-1.874557495E0
6.578919077E1,-9.183395386E0,2.123870850E-1,-2.312683105E0
6.588941050E1,-8.505828857E0,2.195587158E-1,-2.944763184E0
6.598963023E1,-1.036613464E1,-2.736358643E-1,-2.157073975E0
6.608984995E1,-8.117980957E0,1.381683350E-1,-2.477890015E0
6.619006968E1,-7.928833008E0,2.147827148E-1,-1.991867065E0
6.629031992E1,-9.224090576E0,-1.028442383E-2,-1.733291626E0
6.639050913E1,-9.487457275E0,1.716766357E-1,-2.805892944E0
6.649072886E1,-8.908065796E0,5.197143555E-2,-2.324661255E0
6.659094859E1,-9.250427246E0,-1.611175537E-1,-1.991867065E0
6.669116831E1,-9.492248535E0,-3.119506836E-1,-2.875320435E0
6.679138804E1,-7.363800049E0,5.140533447E-1,-2.262405396E0
6.689163828E1,-9.106781006E0,-4.139709473E-2,-1.357406616E0
6.699185801E1,-8.946365356E0,-1.266479492E-2,-3.481063843E0
6.709207774E1,-8.929611206E0,-1.228027344E-1,-3.241638184E0
6.719226695E1,-9.360565186E0,-5.250244141E-1,-2.159454346E0
6.729251719E1,-8.965515137E0,-6.926269531E-1,-5.840759277E-1
6.739273692E1,-8.474716187E0,-2.137908936E-1,-2.789138794E0
6.749295664E1,-7.375778198E0,-2.520904541E-1,-2.997436523E0
6.759317637E1,-7.837860107E0,2.803039551E-2,-3.083618164E0
6.769339610E1,-1.049781799E1,-5.370025635E-1,-2.710128784E0
6.779361582E1,-9.813064575E0,-9.799346924E-1,-1.807510376E0
6.789383555E1,-1.001179504E1,-9.248657227E-1,-2.236068726E0
6.799405528E1,-7.967132568E0,-2.832183838E-1,-1.781173706E0
6.809427500E1,-6.889755249E0,-6.040344238E-1,-1.321487427E0
6.819449473E1,-7.787582397E0,-8.219146729E-1,-2.298324585E0
6.829474497E1,-8.187408447E0,-3.311004639E-1,-2.142700195E0
6.839493418E1,-9.781951904E0,-5.441894531E-1,-5.194396973E-1
6.849515391E1,-9.128326416E0,-1.032608032E0,-2.616760254E0
6.859540415E1,-1.008122253E1,-1.207382202E0,-2.461135864E0
6.869562388E1,-6.863418579E0,-1.257659912E0,-2.580841064E0
6.879584361E1,-7.454788208E0,-1.894515991E0,-8.282775879E-1
6.889606333E1,-1.030387878E1,-1.793960571E0,-1.407684326E0
6.899628306E1,-8.939178467E0,-1.233718872E0,-1.785964966E0
6.909650279E1,-9.200149536E0,-1.583267212E0,-3.078842163E0
6.919672251E1,-9.013412476E0,-1.901702881E0,-1.041366577E0
6.929694224E1,-9.997421265E0,-1.825088501E0,-1.443588257E0
6.939716197E1,-9.154663086E0,-1.968734741E0,-5.385894775E-1
6.949738169E1,-7.933624268E0,-1.492294312E0,-3.421203613E0
6.959760142E1,-9.118743896E0,-1.403701782E0,-2.566482544E0
6.969782114E1,-1.001657104E1,-2.117172241E0,-1.967926025E0
6.979804087E1,-9.111572266E0,-1.875366211E0,-1.017425537E0
6.989826060E1,-7.500274658E0,-1.367782593E0,-4.684448242E-3
6.999848032E1,-9.317474365E0,-2.263214111E0,-2.312683105E0
7.009870005E1,-9.169021606E0,-2.548126221E0,-1.817092896E0
7.019891978E1,-9.815460205E0,-2.042953491E0,-2.590423584E0
7.029913950E1,-9.398880005E0,-1.832260132E0,-2.152282715E0
7.039935923E1,-8.156280518E0,-1.722137451E0,-6.295623779E-1
7.049959315E1,-8.750045776E0,-2.009429932E0,-2.037353516E0
7.059981288E1,-9.662231445E0,-2.574462891E0,-2.111572266E0
7.070003260E1,-9.250427246E0,-2.301528931E0,-1.750045776E0
7.080025233E1,-7.873764038E0,-1.758041382E0,-1.465148926E0
7.090047206E1,-8.469924927E0,-1.355819702E0,-1.261642456E0
7.100069178E1,-9.051712036E0,-1.556930542E0,-1.304733276E0
7.110091151E1,-8.905670166E0,-1.099639893E0,-1.508239746E0
7.120113124E1,-8.781173706E0,-6.591033936E-1,-2.475494385E0
7.130138148E1,-1.006924438E1,-8.793792725E-1,-1.256851196E0
7.140160121E1,-9.911224365E0,-9.152832031E-1,-1.620773315E0
7.150179042E1,-9.853775024E0,-1.214553833E0,-1.589645386E0
7.160201014E1,-8.553726196E0,-1.185836792E0,-1.462753296E0
7.170222987E1,-8.381332397E0,-1.113998413E0,-3.105163574E0
7.180244960E1,-8.682998657E0,-1.068511963E0,-2.554504395E0
7.190269984E1,-8.967910767E0,-1.497070312E0,-2.384521484E0
7.200288905E1,-8.501052856E0,-1.590454102E0,-1.735687256E0
7.210310878E1,-8.481887817E0,-1.367782593E0,-2.228897095E0
7.220332850E1,-9.157058716E0,-1.353424072E0,-2.597595215E0
7.230354823E1,-9.207336426E0,-1.571304321E0,-2.916030884E0
7.240379847E1,-8.738067627E0,-1.655090332E0,-3.485855103E0
7.250401820E1,-8.254440308E0,-1.094848633E0,-3.114746094E0
7.260420741E1,-9.018188477E0,-1.173858643E0,-3.107559204E0
7.270445765E1,-9.152267456E0,-1.279205322E0,-3.406845093E0
7.280467738E1,-9.240859985E0,-9.823303223E-1,-2.913635254E0
7.290489711E1,-9.389297485E0,-9.440155029E-1,-3.852157593E0
7.300511683E1,-8.991851807E0,-1.130767822E0,-3.555282593E0
7.310533656E1,-8.570480347E0,-1.272018433E0,-3.792312622E0
7.320555629E1,-8.855392456E0,-1.262451172E0,-3.390075684E0
7.330577601E1,-8.472320557E0,-1.243286133E0,-3.749206543E0
7.340599574E1,-8.017425537E0,-8.985290527E-1,-2.805892944E0
7.350624598E1,-8.177825928E0,-7.357177734E-1,-3.040527344E0
7.360643519E1,-8.953552246E0,-1.202590942E0,-2.736465454E0
7.370665492E1,-9.288742065E0,-9.392242432E-1,-4.539291382E0
7.380687465E1,-8.472320557E0,-1.090057373E0,-3.945541382E0
7.390709437E1,-8.553726196E0,-8.051452637E-1,-2.470703125E0
7.400734462E1,-8.429214478E0,-6.998138428E-1,-2.039749146E0
7.410756434E1,-8.833847046E0,-8.123321533E-1,-3.028549194E0
7.420778407E1,-9.068466187E0,-1.197799683E0,-3.844985962E0
7.430800380E1,-9.377319336E0,-1.272018433E0,-3.299102783E0
7.440822352E1,-9.358169556E0,-1.236114502E0,-2.578445435E0
7.450847377E1,-8.848205566E0,-1.489898682E0,-3.425994873E0
7.460866298E1,-8.357391357E0,-1.260055542E0,-3.361343384E0
7.470888270E1,-8.922424316E0,-1.882537842E0,-3.143478394E0
7.480910243E1,-8.366973877E0,-1.863388062E0,-3.040527344E0
7.490932216E1,-8.103607178E0,-1.652694702E0,-1.402893066E0
7.500954188E1,-8.733291626E0,-1.480316162E0,-3.217697144E0
7.510976161E1,-9.200149536E0,-1.645523071E0,-2.561691284E0
7.520998134E1,-9.145080566E0,-1.509048462E0,-1.886520386E0
7.531020106E1,-8.690185547E0,-1.123580933E0,-2.245651245E0
7.541045131E1,-8.486679077E0,-1.394119263E0,-2.350997925E0
7.551067103E1,-8.589630127E0,-1.312728882E0,-2.018203735E0
7.561089076E1,-9.240859985E0,-1.482711792E0,-2.116363525E0
7.571111048E1,-8.663848877E0,-1.595245361E0,-1.812301636E0
7.581133021E1,-8.908065796E0,-1.889724731E0,-2.116363525E0
7.591154994E1,-9.611953735E0,-1.889724731E0,-1.893707275E0
7.601176966E1,-8.857788086E0,-1.829864502E0,-1.580062866E0
7.611198939E1,-8.718917847E0,-1.803527832E0,-1.836242676E0
7.621223964E1,-9.549713135E0,-1.932815552E0,-2.228897095E0
7.631245936E1,-9.209732056E0,-1.822692871E0,-1.594436646E0
7.641264857E1,-8.467529297E0,-1.789169312E0,-1.515426636E0
7.651286830E1,-8.977493286E0,-1.190612793E0,-2.576049805E0
7.661311854E1,-9.075653076E0,-4.340515137E-1,-1.544143677E0
7.671333827E1,-9.082839966E0,-1.563262939E-1,-1.979888916E0
7.681355800E1,-9.480270386E0,-1.204071045E-1,-2.169036865E0
7.691377772E1,-9.183395386E0,-6.184082031E-1,-1.711746216E0
7.701399745E1,-9.003829956E0,-5.298156738E-1,-2.135513306E0
7.711421718E1,-9.169021606E0,-4.723510742E-1,-1.852996826E0
7.721443690E1,-8.635116577E0,-5.058746338E-1,-1.651885986E0
7.731465663E1,-9.348587036E0,-4.891204834E-1,-2.276779175E0
7.741487635E1,-9.250427246E0,-4.460296631E-1,-1.824279785E0
7.751509608E1,-8.762008667E0,-4.316558838E-1,-1.728500366E0
7.761531581E1,-8.946365356E0,-5.465850830E-1,-1.848220825E0
7.771553553E1,-9.051712036E0,-5.202484131E-1,-1.671051025E0
7.781575526E1,-8.955947876E0,-9.942932129E-1,-1.635131836E0
7.791597499E1,-9.164245605E0,-9.607696533E-1,-1.975112915E0
7.801622523E1,-8.836242676E0,-9.655609131E-1,-9.096832275E-1
7.811644496E1,-8.819473267E0,-1.128372192E0,-1.328674316E0
7.821666468E1,-8.759628296E0,-1.104431152E0,-1.290359497E0
7.831688441E1,-8.424438477E0,-1.066116333E0,-1.287979126E0
7.841710414E1,-8.659057617E0,-1.147521973E0,-1.287979126E0
7.851732386E1,-8.848205566E0,-1.317504883E0,-1.587249756E0
7.861754359E1,-8.984680176E0,-1.394119263E0,-2.276779175E0
7.871776332E1,-9.135513306E0,-1.279205322E0,-2.705337524E0
7.881798304E1,-9.154663086E0,-1.178649902E0,-2.525772095E0
7.891820277E1,-9.379714966E0,-1.248077393E0,-2.080459595E0
7.901845302E1,-9.037353516E0,-8.578186035E-1,-2.006225586E0
7.911864222E1,-9.068466187E0,-6.902313232E-1,-1.694992065E0
7.921886195E1,-9.066085815E0,-6.998138428E-1,-1.196990967E0
7.931911219E1,-9.001434326E0,-4.939117432E-1,-1.070098877E0
7.941933192E1,-8.766799927E0,-4.364471436E-1,-1.307128906E0
7.951955165E1,-8.999038696E0,-4.149017334E-1,-1.824279785E0
7.961977137E1,-9.152267456E0,-3.047637939E-1,-1.601608276E0
7.972002162E1,-9.180999756E0,-3.095550537E-1,-1.575271606E0
7.982021083E1,-9.137908936E0,-4.292602539E-1,-1.759628296E0
7.992046107E1,-9.145080566E0,-3.933563232E-1,-2.109176636E0
8.002065028E1,-8.831451416E0,-4.747467041E-1,-1.524993896E0
8.012087001E1,-9.008621216E0,-4.867248535E-1,-1.738082886E0
8.022108973E1,-8.912857056E0,-4.603881836E-1,-1.723709106E0
8.032130946E1,-8.920028687E0,-3.071594238E-1,-1.311920166E0
8.042155970E1,-9.298309326E0,-2.999725342E-1,-1.694992065E0
8.052176283E1,-9.444366455E0,-1.515350342E-1,-2.520980835E0
8.062198255E1,-9.164245605E0,-2.736358643E-1,-1.388534546E0
8.072223280E1,-9.643081665E0,-3.813781738E-1,-1.718933105E0
8.082245252E1,-8.898483276E0,-1.204071045E-1,-1.369369507E0
8.092267225E1,-8.606384277E0,-7.971191406E-2,-1.575271606E0
8.102289198E1,-9.271972656E0,-1.682891846E-1,-1.503448486E0
8.112311170E1,-9.365356445E0,1.022491455E-1,-1.213745117E0
8.122333143E1,-8.948760986E0,2.866058350E-1,-1.565704346E0
8.132355116E1,-8.953552246E0,2.554779053E-1,-1.529785156E0
8.142377088E1,-9.149871826E0,2.961730957E-1,-1.611190796E0
8.152399061E1,-9.180999756E0,2.435150146E-1,-1.762023926E0
8.162424085E1,-9.113967896E0,2.554779053E-1,-1.402893066E0
8.172443006E1,-9.458724976E0,3.105468750E-1,-1.793151855E0
8.182468031E1,-9.130722046E0,3.105468750E-1,-1.955947876E0
8.192490003E1,-8.659057617E0,4.517974854E-1,-1.771606445E0
8.202511976E1,-8.943969727E0,2.770233154E-1,-1.900894165E0
8.212533949E1,-8.924819946E0,9.506225586E-2,-1.486694336E0
8.222555921E1,-8.939178467E0,-3.191223145E-1,-1.618377686E0
8.232577894E1,-8.577667236E0,-3.454589844E-1,-1.821884155E0
8.242599867E1,-8.723709106E0,-3.358917236E-1,-1.924835205E0
8.252621839E1,-9.013412476E0,-5.010833740E-1,-1.733291626E0
8.262643812E1,-8.809906006E0,-4.747467041E-1,-1.795547485E0
8.272665785E1,-8.941574097E0,-2.784271240E-1,-1.527389526E0
8.282690809E1,-8.896087646E0,-1.467437744E-1,-1.915252686E0
8.292712782E1,-9.135513306E0,-2.592773438E-1,-1.829055786E0
8.302734754E1,-8.994247437E0,-1.506042480E-2,-2.137908936E0
8.312756727E1,-8.869750977E0,3.416748047E-1,-1.819488525E0
8.322778700E1,-9.441970825E0,1.237945557E-1,-2.583236694E0
8.332800672E1,-9.111572266E0,9.985351562E-2,-2.298324585E0
8.342822645E1,-9.365356445E0,8.309936523E-2,-2.181015015E0
8.352844618E1,-9.034957886E0,2.458953857E-1,-2.372543335E0
8.362866590E1,-9.418029785E0,2.698364258E-1,-2.774765015E0
8.372888563E1,-9.197753906E0,5.810852051E-1,-2.477890015E0
8.382913587E1,-9.003829956E0,6.888275146E-1,-1.498657227E0
8.392935560E1,-8.831451416E0,6.217956543E-1,-1.326278687E0
8.402954481E1,-9.121139526E0,4.972991943E-1,-2.269592285E0
8.412976454E1,-9.176208496E0,4.925079346E-1,-2.609573364E0
8.423001478E1,-9.303100586E0,5.547485352E-1,-2.837020874E0
8.433023451E1,-8.862564087E0,8.516387939E-1,-2.564086914E0
8.443045423E1,-9.281555176E0,8.683929443E-1,-2.611968994E0
8.453067396E1,-9.269592285E0,8.037567139E-1,-2.291137695E0
8.463089369E1,-9.480270386E0,7.869873047E-1,-2.614364624E0
8.473111341E1,-9.011016846E0,1.024017334E0,-2.317474365E0
8.483133314E1,-9.188186646E0,1.035995483E0,-2.779556274E0
8.493158338E1,-8.565689087E0,1.043167114E0,-1.692596436E0
8.503180311E1,-8.649490356E0,1.182037354E0,-2.523376465E0
8.513199232E1,-9.355773926E0,7.079772949E-1,-3.473876953E0
8.523227308E1,-8.647094727E0,1.311325073E0,-2.853775024E0
8.533249281E1,-8.967910767E0,1.208374023E0,-2.693374634E0
8.543271253E1,-9.188186646E0,7.654418945E-1,-3.258392334E0
8.553293226E1,-8.948760986E0,4.733581543E-1,-2.061294556E0
8.563315199E1,-9.082839966E0,7.343139648E-1,-1.651885986E0
8.573334120E1,-8.601608276E0,7.774200439E-1,-2.657455444E0
8.583356092E1,-9.274368286E0,8.013610840E-1,-2.602386475E0
8.593381117E1,-8.441192627E0,4.446258545E-1,-2.655059814E0
8.603400038E1,-9.171417236E0,4.805297852E-1,-2.087631226E0
8.613425062E1,-8.977493286E0,1.134155273E0,-2.039749146E0
8.623447035E1,-8.850601196E0,8.348693848E-1,-2.889694214E0
8.633469007E1,-9.200149536E0,6.385498047E-1,-3.241638184E0
8.643490980E1,-8.960739136E0,7.558593750E-1,-1.841033936E0
8.653512953E1,-9.425201416E0,1.177246094E0,-2.006225586E0
8.663534925E1,-9.667022705E0,1.076690674E0,-2.145095825E0
8.673556898E1,-8.163467407E0,1.493286133E0,-2.054122925E0
8.683578871E1,-9.465911865E0,1.031204224E0,-1.699768066E0
8.693600843E1,-9.731674194E0,9.928894043E-1,-1.690200806E0
8.703625868E1,-9.329437256E0,1.323287964E0,-9.120788574E-1
8.713644789E1,-8.484283447E0,1.313720703E0,-1.144317627E0
8.723669813E1,-8.663848877E0,1.462158203E0,-2.164245605E0
8.733691786E1,-9.377319336E0,1.306533813E0,-1.970321655E0
8.743713758E1,-8.781173706E0,1.414276123E0,-1.350219727E0
8.753735731E1,-9.382110596E0,1.332870483E0,-1.802719116E0
8.763757704E1,-9.008621216E0,1.682418823E0,-1.192199707E0
8.773779676E1,-9.279159546E0,1.033599854E0,-1.728500366E0
8.783801649E1,-8.604003906E0,1.174850464E0,-2.267196655E0
8.793823622E1,-9.669418335E0,6.744689941E-1,-9.791259766E-1
8.803848646E1,-1.045950317E1,-3.885650635E-1,-1.972717285E0
8.813870619E1,-9.166641235E0,-5.202484131E-1,-1.034179688E0
8.823889540E1,-8.580062866E0,-6.854400635E-1,-1.331069946E0
8.833914564E1,-8.479492188E0,-7.476959229E-1,-1.776382446E0
8.843936537E1,-1.009318542E1,-1.169067383E0,-8.258972168E-1
8.853958509E1,-8.627944946E0,-6.614990234E-1,-1.560913086E0
8.863980482E1,-7.921646118E0,-1.985168457E-2,-1.216140747E0
8.874002455E1,-9.968688965E0,-2.832183838E-1,-2.030166626E0
8.884024427E1,-9.147476196E0,7.582550049E-1,-2.599990845E0
8.894046400E1,-8.127548218E0,1.409484863E0,-9.743347168E-1
8.904068373E1,-8.905670166E0,1.359207153E0,-1.170654297E0
8.914090345E1,-9.185791016E0,1.514831543E0,-1.565704346E0
8.924115370E1,-9.657440186E0,9.258575439E-1,-1.402893066E0
8.934137342E1,-8.654281616E0,1.246673584E0,-1.711746216E0
8.944162367E1,-7.117202759E0,1.842834473E0,-5.744934082E-1
8.954184339E1,-8.781173706E0,2.113372803E0,-1.553726196E0
8.964206312E1,-9.647872925E0,2.087036133E0,-1.481903076E0
8.974228285E1,-1.016740417E1,1.601013184E0,-1.448379517E0
8.984247206E1,-9.846588135E0,1.450180054E0,-1.187408447E0
8.994269178E1,-9.006225586E0,2.005645752E0,-1.924835205E0
9.004291151E1,-1.064385986E1,1.423843384E0,-6.213378906E-2
9.014316175E1,-8.910461426E0,1.098236084E0,-6.415405273E-1
9.024338148E1,-8.228103638E0,1.890716553E0,-1.266418457E0
9.034360121E1,-9.540130615E0,1.349624634E0,-5.936584473E-1
9.044383912E1,-1.099819946E1,1.361602783E0,-6.080169678E-1
9.054405884E1,-1.005249023E1,1.153305054E0,-5.290069580E-1
9.064427857E1,-1.102693176E1,1.423843384E0,-1.031799316E0
9.074449830E1,-1.062471008E1,1.459762573E0,-9.096832275E-1
9.084471802E1,-1.012431335E1,1.883529663E0,-5.170440674E-1
9.094493775E1,-6.947204590E0,1.524398804E0,8.141326904E-1
9.104515748E1,-1.031106567E1,1.531585693E0,4.813385010E-1
9.114540772E1,-9.257614136E0,1.842834473E0,8.151245117E-2
9.124565796E1,-1.032063293E1,1.443008423E0,-1.922439575E0
9.134584717E1,-7.952774048E0,2.391113281E0,2.075881958E0
9.144606690E1,-1.254246521E1,1.409484863E0,1.485443115E-1
9.154628663E1,-9.961517334E0,2.010421753E0,-2.350997925E0
9.164650635E1,-7.945587158E0,3.703125000E0,9.673614502E-1
9.174672608E1,-1.396461487E1,5.523529053E-1,-7.540588379E-1
9.184694580E1,-6.913696289E0,7.798156738E-1,-3.757781982E-1
9.194716553E1,-1.101017761E1,1.735092163E0,-2.626327515E0
9.204741578E1,-9.944747925E0,1.651290894E0,-3.895263672E0
9.214760498E1,-8.350219727E0,8.540344238E-1,-2.379730225E0
9.224785523E1,-8.275985718E0,1.945785522E0,-1.579132080E-1
9.234807496E1,-8.838623047E0,2.060699463E0,-1.070098877E0
9.244829468E1,-8.718917847E0,2.915435791E0,-1.100311279E-1
9.254851441E1,-8.599212646E0,2.115768433E0,-1.548934937E0
9.264873414E1,-8.515411377E0,2.144500732E0,-1.728500366E0
9.274895386E1,-6.940032959E0,2.060699463E0,-2.080459595E0
9.284917359E1,-7.473937988E0,1.605804443E0,-3.363739014E0
9.294939332E1,-6.530624390E0,2.699951172E0,1.174316406E-1
9.304961304E1,-9.880111694E0,2.144500732E0,-2.030166626E0
9.314983277E1,-9.020584106E0,1.766220093E0,-2.336639404E0
9.325011353E1,-1.083538818E1,1.763824463E0,-2.604782104E0
9.335030274E1,-1.083538818E1,1.459762573E0,-2.204956055E0
9.345052246E1,-7.677444458E0,2.144500732E0,-2.130737305E0
9.355074219E1,-8.110794067E0,3.396667480E0,-2.513809204E0
9.365096192E1,-8.275985718E0,1.869171143E0,-4.108337402E0
9.375118164E1,-1.282975769E1,2.295333862E0,-1.422042847E0
9.385140137E1,-1.133099365E1,2.185211182E0,-2.439575195E0
9.395162110E1,-9.698150635E0,2.036758423E0,-2.904052734E0
9.405187134E1,-8.510620117E0,2.348007202E0,-3.141082764E0
9.415209107E1,-9.561676025E0,-1.682891846E-1,-4.333389282E0
9.425231080E1,-8.527389526E0,-1.030212402E0,-3.560073853E0
9.435253052E1,-1.195109558E1,-1.774810791E0,-5.834564209E0
9.445275025E1,-6.741302490E0,-2.021408081E0,-3.342193604E0
9.455296998E1,-6.951995850E0,-2.004653931E0,-2.614364624E0
9.465318970E1,-1.022486877E1,-2.689392090E0,-3.524154663E0
9.475340943E1,-1.249935913E1,-3.225692749E0,-3.512191772E0
9.485362916E1,-6.901718140E0,-3.987045288E0,-1.869766235E0
9.495387940E1,-5.865036011E0,-3.208938599E0,-1.831451416E0
9.505409913E1,-9.334228516E0,-4.564056396E0,-3.244033813E0
9.515431885E1,-8.678222656E0,-4.815444946E0,-3.813858032E0
9.525453858E1,-8.790740967E0,-3.680587769E0,-5.880050659E0
9.535478882E1,-7.050155640E0,-3.922409058E0,-3.392471313E0
9.545497803E1,-8.419647217E0,-4.267166138E0,-5.146484375E-1
9.555522828E1,-6.521041870E0,-4.633483887E0,-3.251220703E0
9.565541748E1,-7.093261719E0,-4.169006348E0,-3.289520264E0
9.575563721E1,-8.390914917E0,-5.485809326E0,-4.512954712E0
9.585588746E1,-9.738845825E0,-5.595947266E0,-2.688583374E0
9.595610718E1,-7.265640259E0,-4.518554688E0,9.290618896E-1
9.605632691E1,-6.810745239E0,-4.650238037E0,-2.657455444E0
9.615654664E1,-8.101211548E0,-4.552078247E0,-4.496200562E0
9.625676636E1,-1.156802368E1,-4.674179077E0,-2.932785034E0
9.635701661E1,-1.071568298E1,-5.109924316E0,-5.176162720E0
9.645720582E1,-7.004669189E0,-4.398849487E0,-2.559295654E0
9.655742554E1,-9.018188477E0,-4.298294067E0,3.712158203E-1
9.665767579E1,-6.832290649E0,-4.899230957E0,1.005676270E0
9.675786499E1,-9.224090576E0,-4.796279907E0,-3.593582153E0
9.685811524E1,-9.552108765E0,-4.279144287E0,-2.322265625E0
9.695833496E1,-1.035655212E1,-4.394058228E0,-5.625305176E-1
9.705855469E1,-8.678222656E0,-3.534545898E0,-1.984680176E0
9.715877442E1,-7.184234619E0,-3.141891479E0,-1.606399536E0
9.725899414E1,-9.006225586E0,-3.038940430E0,-1.730895996E0
9.735921387E1,-9.281555176E0,-2.766006470E0,-1.924835205E0
9.745943360E1,-9.583221436E0,-2.478698730E0,-1.745269775E0
9.755968384E1,-9.360565186E0,-1.446792603E0,-2.688583374E0
9.765990357E1,-9.169021606E0,-1.427642822E0,-2.798706055E0
9.776012330E1,-8.536956787E0,-1.262451172E0,-1.745269775E0
9.786034302E1,-8.192199707E0,-1.279205322E0,-1.975112915E0
9.796056275E1,-6.571319580E0,7.591247559E-2,-1.838638306E0
9.806078248E1,-9.817855835E0,-1.370178223E0,-1.632736206E0
9.816100220E1,-9.291137695E0,-1.056549072E0,-2.185791016E0
9.826122193E1,-9.317474365E0,-1.726913452E0,-2.808288574E0
9.836147217E1,-9.604766846E0,-1.698196411E0,-2.166641235E0
9.846169190E1,-9.779556274E0,-1.236114502E0,-3.256011963E0
9.856191163E1,-8.625549316E0,-9.847106934E-1,-2.621536255E0
9.866213135E1,-7.916854858E0,-6.351623535E-1,-2.571258545E0
9.876235108E1,-8.991851807E0,-1.109222412E0,-1.400497437E0
9.886257080E1,-9.420425415E0,-1.243286133E0,-2.255233765E0
9.896279053E1,-9.051712036E0,-1.118789673E0,-2.078063965E0
9.906301026E1,-8.501052856E0,-8.506469727E-1,-1.785964966E0
9.916326050E1,-9.183395386E0,-2.233581543E-1,-2.489868164E0
9.926348023E1,-9.365356445E0,-6.533813477E-2,-1.941589355E0
9.936366944E1,-7.885742188E0,1.057540894E0,-2.204956055E0
9.946391968E1,-1.053611755E1,-5.609436035E-1,-3.758789062E0
9.956413941E1,-6.197830200E0,5.092620850E-1,-1.805114746E0
9.966435914E1,-9.844192505E0,6.632995605E-2,-5.573593140E0
9.976457886E1,-8.326263428E0,3.727874756E-1,-3.145874023E0
9.986479859E1,-9.279159546E0,-4.436340332E-1,-2.058898926E0
9.996504883E1,-9.863342285E0,-9.296569824E-1,-3.253616333E0
1.000652380E2,-7.936019897E0,-9.176788330E-1,-3.097991943E0
1.001654883E2,-8.637512207E0,-1.849029541E0,-2.212127686E0
1.002657080E2,-7.703781128E0,-1.398910522E0,-2.061294556E0
1.003659277E2,-8.278381348E0,-1.221740723E0,-3.916809082E0
1.004661382E2,-8.259231567E0,-8.602142334E-1,-2.604782104E0
1.005663579E2,-8.467529297E0,-1.465957642E0,-2.307907104E0
1.006666082E2,-8.896087646E0,-9.679565430E-1,-3.701324463E0
1.007668279E2,-9.987838745E0,-1.585662842E0,-2.894485474E0
1.008670476E2,-8.570480347E0,-2.808227539E-1,-1.465148926E0
1.009672674E2,-8.965515137E0,-6.303710938E-1,-3.777938843E0
1.010674871E2,-8.024597168E0,-1.754760742E-1,-2.762802124E0
1.011677068E2,-1.039724731E1,-9.871063232E-1,-1.910461426E0
1.012679266E2,-1.114903259E1,-1.583267212E0,-4.426773071E0
1.013681463E2,-7.775604248E0,-1.922302246E-1,-1.335861206E0
1.014683660E2,-8.864959717E0,-7.285308838E-1,-7.061767578E-1
1.015686162E2,-9.051712036E0,-4.125061035E-1,-1.556121826E0
1.016688360E2,-9.444366455E0,-8.291015625E-1,-2.195373535E0
1.017690557E2,-8.541748047E0,-5.106658936E-1,-8.809509277E-1
1.018692754E2,-9.066085815E0,-5.968627930E-1,-1.529785156E0
1.019694952E2,-9.576049805E0,-7.692413330E-1,-1.524993896E0
1.020697149E2,-9.705337524E0,-8.841552734E-1,-1.366973877E0
1.021699346E2,-9.221694946E0,-7.548675537E-1,-1.484298706E0
1.022701543E2,-9.051712036E0,-5.872802734E-1,-1.817092896E0
1.023703741E2,-9.197753906E0,-5.705261230E-1,-1.541763306E0
1.024706243E2,-9.499435425E0,-3.334960938E-1,-1.359802246E0
1.025708440E2,-9.281555176E0,-2.281494141E-1,-1.362197876E0
1.026710638E2,-8.575271606E0,6.872558594E-2,-1.295150757E0
1.027712835E2,-8.797927856E0,-3.454589844E-1,-1.249664307E0
1.028715032E2,-9.063690186E0,-5.657348633E-1,-1.642318726E0
1.029717229E2,-9.176208496E0,-3.191223145E-1,-1.575271606E0
1.030719427E2,-8.714126587E0,-4.388427734E-1,-1.292755127E0
1.031721624E2,-8.936798096E0,-2.329406738E-1,-1.893707275E0
1.032723821E2,-9.573654175E0,-5.493164062E-3,-1.278396606E0
1.033726324E2,-8.706954956E0,7.591247559E-2,-1.484298706E0
1.034728521E2,-9.233673096E0,-5.493164062E-3,-1.932006836E0
1.035730718E2,-8.991851807E0,-4.172973633E-1,-1.635131836E0
1.036732915E2,-8.240081787E0,-2.496948242E-1,-1.278396606E0
1.037735113E2,-8.608779907E0,9.506225586E-2,-1.860183716E0
1.038737310E2,-9.125930786E0,-1.922302246E-1,-1.333465576E0
1.039739812E2,-9.509002686E0,-7.213592529E-1,-1.673431396E0
1.040742010E2,-8.943969727E0,-1.084442139E-1,-1.551330566E0
1.041744207E2,-9.513793945E0,-8.689880371E-2,-2.094818115E0
1.042746709E2,-9.111572266E0,-2.544860840E-1,-2.329452515E0
1.043748907E2,-9.106781006E0,-3.478546143E-1,-2.034957886E0
1.044751104E2,-9.621536255E0,-7.022094727E-1,-1.235305786E0
1.045753301E2,-7.947982788E0,-3.119506836E-1,-1.441207886E0
1.046755498E2,-9.415634155E0,-5.776977539E-1,-3.997192383E-1
1.047757696E2,-9.353378296E0,-7.740325928E-1,-1.187408447E0
1.048760198E2,-8.369369507E0,1.190032959E-1,-2.042144775E0
1.049762090E2,-8.831451416E0,-5.800933838E-1,-1.287979126E0
1.050764287E2,-8.445983887E0,-8.458557129E-1,-6.726684570E-1
1.051766485E2,-1.089524841E1,-1.600021362E0,-9.384155273E-1
1.052768682E2,-8.855392456E0,-5.441894531E-1,-2.027786255E0
1.053770879E2,-9.202545166E0,-2.928009033E-1,-1.920043945E0
1.054773382E2,-9.870529175E0,-7.644500732E-1,-1.759628296E0
1.055775579E2,-8.577667236E0,1.285858154E-1,-8.977203369E-1
1.056777776E2,-9.848983765E0,-4.029235840E-1,-1.276000977E0
1.057779974E2,-8.939178467E0,-4.436340332E-1,-7.540588379E-1
1.058782171E2,-9.061294556E0,-3.239135742E-1,-1.817092896E0
1.059784368E2,-9.707717896E0,-7.788238525E-1,-1.230514526E0
1.060786565E2,-9.449157715E0,-7.357177734E-1,-1.850616455E0
1.061789068E2,-8.747650146E0,-5.681304932E-1,-1.508239746E0
1.062791265E2,-8.110794067E0,-2.592773438E-1,-1.041366577E0
1.063793462E2,-9.238464355E0,-5.178527832E-1,-2.015808105E0
1.064795660E2,-1.005488586E1,-8.003692627E-1,-1.283187866E0
1.065797857E2,-8.838623047E0,-7.764282227E-1,-1.369369507E0
1.066800054E2,-9.379714966E0,-7.740325928E-1,-1.735687256E0
1.067802557E2,-9.679000854E0,-3.909606934E-1,-8.607482910E-2
1.068804754E2,-8.807510376E0,-1.323852539E-1,-1.388534546E0
1.069806951E2,-8.730895996E0,2.339324951E-1,-2.092422485E0
1.070809148E2,-9.712509155E0,-1.754760742E-1,-1.814697266E0
1.071811346E2,-8.702163696E0,3.282165527E-2,-7.612457275E-1
1.072813543E2,-9.271972656E0,1.597137451E-1,-1.285583496E0
1.073815740E2,-8.850601196E0,-7.019042969E-4,-1.398101807E0
1.074817937E2,-8.941574097E0,-2.951812744E-1,-1.560913086E0
1.075820440E2,-9.722091675E0,-4.436340332E-1,-1.922439575E0
1.076822637E2,-8.869750977E0,-5.537567139E-1,-1.524993896E0
1.077824834E2,-8.690185547E0,-2.377319336E-1,-1.678222656E0
1.078827032E2,-9.370147705E0,-4.795379639E-1,-1.364593506E0
1.079829229E2,-8.812286377E0,-6.926269531E-1,-1.366973877E0
1.080831426E2,-9.075653076E0,-6.231994629E-1,-2.190582275E0
1.081833623E2,-9.097198486E0,-5.848846436E-1,-1.510635376E0
1.082836126E2,-8.718917847E0,-5.729217529E-1,-1.556121826E0
1.083838323E2,-9.662231445E0,-7.261505127E-1,-1.862579346E0
1.084840520E2,-9.080444336E0,-6.854400635E-1,-1.687805176E0
1.085842718E2,-8.558502197E0,-6.734771729E-1,-1.793151855E0
1.086844915E2,-9.619140625E0,-7.069854736E-1,-1.678222656E0
1.087847112E2,-8.857788086E0,-4.077148438E-1,-1.572875977E0
1.088849615E2,-8.764404297E0,-2.377319336E-1,-1.812301636E0
1.089851812E2,-9.140304565E0,5.436706543E-2,-1.383743286E0
1.090854009E2,-9.183395386E0,5.068664551E-1,-1.364593506E0
1.091856206E2,-9.034957886E0,4.158935547E-1,-1.647094727E0
1.092858404E2,-9.339019775E0,4.613800049E-1,-2.219314575E0
1.093860601E2,-9.063690186E0,5.044708252E-1,-1.534576416E0
1.094862798E2,-9.145080566E0,4.996948242E-1,-1.852996826E0
1.095865301E2,-9.401260376E0,3.919525146E-1,-1.781173706E0
1.096867498E2,-9.147476196E0,7.965698242E-1,-1.706954956E0
1.097869695E2,-9.111572266E0,9.043121338E-1,-2.006225586E0
1.098871892E2,-9.350982666E0,1.057540894E0,-1.680618286E0
1.099874090E2,-8.656677246E0,1.335266113E0,-2.204956055E0
1.100876287E2,-8.864959717E0,1.299346924E0,-1.690200806E0
1.101878484E2,-8.805114746E0,1.323287964E0,-2.027786255E0
1.102880682E2,-8.965515137E0,8.947296143E-1,-2.238464355E0
1.103883184E2,-9.422821045E0,3.105468750E-1,-1.845825195E0
1.104885266E2,-8.790740967E0,3.967437744E-1,-1.299942017E0
1.105887464E2,-8.718917847E0,6.872558594E-2,-2.837020874E0
1.106889661E2,-8.716522217E0,-2.089996338E-1,-2.810684204E0
1.107891858E2,-9.214523315E0,-1.295959473E0,-2.904052734E0
1.108894055E2,-8.680618286E0,-6.878356934E-1,-2.461135864E0
1.109896558E2,-9.214523315E0,-8.506469727E-1,-2.171432495E0
1.110898755E2,-8.378936768E0,-4.579925537E-1,-1.776382446E0
1.111900952E2,-8.766799927E0,-4.819335938E-1,-2.003845215E0
1.112903150E2,-8.862564087E0,-4.747467041E-1,-1.462753296E0
1.113905347E2,-8.795532227E0,-3.789825439E-1,-2.793930054E0
1.114907544E2,-8.678222656E0,-5.992584229E-1,-1.987075806E0
1.115909742E2,-8.517807007E0,-8.927917480E-2,-1.151504517E0
1.116912244E2,-9.207336426E0,-5.872802734E-1,-1.718933105E0
1.117914136E2,-1.067976379E1,-2.999725342E-1,-1.273605347E0
1.118916638E2,-9.037353516E0,-6.902313232E-1,-3.083618164E0
1.119918836E2,-8.077270508E0,-8.689880371E-2,-2.200164795E0
1.120921033E2,-1.012670898E1,-4.484100342E-1,-2.801101685E0
1.121923230E2,-9.722091675E0,-6.567077637E-1,-2.054122925E0
1.122925428E2,-9.039749146E0,-3.191223145E-1,-1.812301636E0
1.123927930E2,-7.794754028E0,-5.346069336E-1,-2.243255615E0
1.124929822E2,-8.225708008E0,-5.992584229E-1,-2.360580444E0
1.125932325E2,-9.171417236E0,-1.272018433E0,-1.611190796E0
1.126934522E2,-8.275985718E0,-7.955780029E-1,-1.874557495E0
1.127936719E2,-7.251266479E0,-4.651794434E-1,-1.594436646E0
1.128938916E2,-8.240081787E0,-1.286392212E0,-1.572875977E0
1.129941114E2,-9.741241455E0,-1.504257202E0,-2.109176636E0
1.130943616E2,-9.054107666E0,-2.210556030E0,-1.774002075E0
1.131945813E2,-9.056503296E0,-2.002258301E0,-2.171432495E0
1.132948011E2,-8.943969727E0,-2.332656860E0,-9.360198975E-1
1.133950208E2,-9.355773926E0,-2.619964600E0,-2.030166626E0
1.134952405E2,-7.988693237E0,-2.272796631E0,-1.472320557E0
1.135954602E2,-8.852996826E0,-2.591232300E0,-1.465148926E0
1.136956800E2,-8.513015747E0,-2.452362061E0,-1.699768066E0
1.137959302E2,-8.759628296E0,-2.335052490E0,-2.080459595E0
1.138961499E2,-9.793914795E0,-2.701354980E0,-2.430007935E0
1.139963391E2,-9.583221436E0,-2.600799561E0,-2.406066895E0
1.140965894E2,-9.633499146E0,-2.801910400E0,-1.374160767E0
1.141968091E2,-8.745254517E0,-2.100418091E0,-1.814697266E0
1.142970288E2,-8.627944946E0,-2.081268311E0,-1.417251587E0
1.143972486E2,-8.632720947E0,-2.019012451E0,-1.929611206E0
1.144974683E2,-8.824264526E0,-1.947189331E0,-2.030166626E0
1.145977185E2,-9.458724976E0,-2.069290161E0,-1.675827026E0
1.146979383E2,-8.771591187E0,-2.090835571E0,-1.465148926E0
1.147981580E2,-8.711730957E0,-2.210556030E0,-2.236068726E0
1.148983777E2,-9.532943726E0,-2.174636841E0,-1.783569336E0
1.149985974E2,-8.795532227E0,-2.086044312E0,-1.474716187E0
1.150988477E2,-8.635116577E0,-2.256042480E0,-1.845825195E0
1.151990369E2,-9.219314575E0,-2.382934570E0,-2.001449585E0
1.152992871E2,-8.527389526E0,-7.907867432E-1,-1.706954956E0
1.153994763E2,-8.144317627E0,-9.320526123E-1,-1.280792236E0
1.154997266E2,-9.200149536E0,-1.439620972E0,-1.912857056E0
1.155999768E2,-9.147476196E0,-1.252868652E0,-1.577667236E0
1.157001660E2,-8.948760986E0,-8.075408936E-1,-1.999053955E0
1.158003858E2,-9.161849976E0,-8.362731934E-1,-1.639923096E0
1.159006055E2,-8.532165527E0,-6.327667236E-1,-1.611190796E0
1.160008252E2,-9.276763916E0,-7.883911133E-1,-2.123550415E0
1.161010450E2,-9.015792847E0,-8.075408936E-1,-1.635131836E0
1.162013257E2,-8.697372437E0,-8.171234131E-1,-1.496261597E0
1.163015149E2,-9.429992676E0,-7.165679932E-1,-2.022994995E0
1.164017346E2,-9.224090576E0,-5.585479736E-1,-1.762023926E0
1.165019544E2,-8.845809937E0,-4.675750732E-1,-1.747665405E0
1.166021741E2,-9.403656006E0,-6.279754639E-1,-2.260025024E0
1.167023938E2,-9.724487305E0,-4.029235840E-1,-2.240859985E0
1.168026441E2,-8.929611206E0,4.238891602E-2,-1.577667236E0
1.169028638E2,-8.797927856E0,4.446258545E-1,-1.546539307E0
1.170030835E2,-8.977493286E0,7.295379639E-1,-1.762023926E0
1.171033033E2,-9.252822876E0,5.906677246E-1,-2.049331665E0
1.172035535E2,-9.082839966E0,8.971252441E-1,-1.426834106E0
1.173037427E2,-9.015792847E0,1.316116333E0,-1.943984985E0
1.174039930E2,-8.625549316E0,1.907470703E0,-1.034179688E0
1.175042127E2,-9.106781006E0,9.833221436E-1,-1.505844116E0
1.176044324E2,-1.010755920E1,1.294555664E0,-9.886932373E-1
1.177046521E2,-9.559280396E0,1.038375854E0,-2.647872925E0
1.178048719E2,-9.372543335E0,1.861984253E0,-2.140304565E0
1.179051221E2,-8.594421387E0,1.687210083E0,-2.394088745E0
1.180053418E2,-8.955947876E0,6.792449951E-1,-1.563308716E0
1.181055616E2,-8.982284546E0,-2.209625244E-1,-1.493865967E0
1.182057508E2,-8.388519287E0,1.477355957E-1,-2.755615234E0
1.183060010E2,-9.092407227E0,1.325683594E0,-1.460357666E0
1.184062207E2,-1.083061218E1,1.658477783E0,-3.325439453E0
1.185064405E2,-1.102453613E1,1.287384033E0,-2.578445435E0
1.186066602E2,-8.979888916E0,7.079772949E-1,-1.553726196E0
1.187068799E2,-8.620758057E0,1.033599854E0,-3.100387573E0
1.188070996E2,-9.726882935E0,1.940994263E0,-1.366973877E0
1.189073194E2,-1.157519531E1,1.380752563E0,-1.079681396E0
1.190075696E2,-9.717300415E0,1.081481934E0,-3.399658203E0
1.191077893E2,-9.310287476E0,1.208374023E0,-1.429229736E0
1.192080091E2,-6.224166870E0,1.493286133E0,-1.400497437E0
1.193082288E2,-8.252044678E0,2.216323853E0,-9.910888672E-1
1.194084485E2,-1.220727539E1,9.354248047E-1,-4.510574341E0
1.195086682E2,-8.431610107E0,8.229064941E-1,-8.115234375E-1
1.196088880E2,-8.541748047E0,1.788635254E-1,-9.096832275E-1
1.197091687E2,-1.009797668E1,7.367095947E-1,-1.948776245E0
1.198093885E2,-9.647872925E0,-2.045349121E0,-4.213684082E0
1.199095777E2,-5.024673462E0,1.002471924E0,-5.074615479E-1
1.200097974E2,-1.048344421E1,-1.367782593E0,-4.934341431E0
1.201100171E2,-9.607162476E0,1.429443359E-1,-5.098571777E-1
1.202102368E2,-1.778576660E1,-9.703521729E-1,-7.328536987E0
1.203104871E2,-1.006684875E1,-7.492065430E-2,-2.267196655E0
1.204107373E2,-7.121994019E0,1.943389893E0,-1.429229736E0
1.205109215E2,-9.645477295E0,1.378356934E0,-1.513031006E0
1.206111413E2,-9.147476196E0,2.364776611E0,-2.068481445E0
1.207113305E2,-6.942428589E0,1.282592773E0,-2.066085815E0
1.208115502E2,-7.933624268E0,1.148513794E0,-2.224105835E0
1.209117699E2,-7.943191528E0,9.258575439E-1,-8.594055176E-1
1.210119897E2,-9.003829956E0,1.347229004E0,2.108001709E-1
1.211122399E2,-8.740463257E0,1.378356934E0,-9.384155273E-1
1.212124596E2,-9.180999756E0,1.414276123E0,-7.732238770E-1
1.213126793E2,-9.592803955E0,1.292175293E0,-7.827911377E-1
1.214129296E2,-9.731674194E0,1.342453003E0,-3.698928833E0
1.215131188E2,-7.464355469E0,8.540344238E-1,8.883514404E-1
1.216133385E2,-9.832229614E0,1.344833374E0,-5.553436279E-1
1.217135583E2,-7.351837158E0,1.979309082E0,-1.417251587E0
1.218137780E2,-9.295928955E0,2.041549683E0,-4.954833984E-1
1.219140282E2,-9.657440186E0,1.737487793E0,-3.267974854E0
1.220142480E2,-1.181941223E1,1.525268555E-1,1.685623169E0
1.221144677E2,-9.650268555E0,-2.018127441E-1,-2.758010864E0
1.222146874E2,-1.094073486E1,-2.143508911E0,-3.709869385E-1
1.223149071E2,-5.565750122E0,-1.243286133E0,7.207641602E-1
1.224151574E2,-9.793914795E0,-8.434600830E-1,-2.556900024E0
1.225153466E2,-9.463516235E0,-1.549743652E0,-2.492248535E0
1.226155968E2,-6.255279541E0,2.794189453E-1,-6.128082275E-1
1.227158166E2,-6.257675171E0,4.254608154E-1,-4.859161377E-1
1.228160363E2,-1.070372009E1,-7.835998535E-1,2.419281006E-1
1.229162560E2,-7.916854858E0,7.247467041E-1,-7.564544678E-1
1.230164757E2,-8.527389526E0,1.273010254E0,-2.133117676E0
1.231167260E2,-1.069174194E1,-7.405090332E-1,-2.590423584E0
1.232169152E2,-8.194595337E0,7.438964844E-1,-2.705337524E0
1.233171349E2,-8.845809937E0,-3.215179443E-1,-4.577606201E0
1.234174157E2,-7.667861938E0,-1.443481445E-1,-3.071655273E0
1.235176354E2,-5.362243652E0,-1.036529541E-1,-4.788299561E0
1.236178246E2,-6.415695190E0,-1.334274292E0,-5.609512329E0
1.237180443E2,-9.640686035E0,-8.003692627E-1,-3.655838013E0
1.238182641E2,-1.185771179E1,-1.513839722E0,-4.668579102E0
1.239185143E2,-1.110354614E1,-1.202590942E0,-5.741180420E0
1.240187340E2,-1.282498169E1,-3.496231079E0,-4.879272461E0
1.241189538E2,-9.310287476E0,-9.392242432E-1,-4.117919922E0
1.242191735E2,-1.196305847E1,-2.533767700E0,-6.897583008E0
1.243193932E2,-1.101017761E1,-2.303924561E0,-4.472259521E0
1.244196129E2,-9.111572266E0,-3.271179199E0,-5.441909790E0
1.245198632E2,-5.390975952E0,-3.065277100E0,-3.102783203E0
1.246200829E2,-7.107620239E0,-3.237655640E0,-4.977432251E0
1.247203026E2,-7.179443359E0,-3.182601929E0,-4.431564331E0
1.248205224E2,-6.832290649E0,-2.639114380E0,-2.209732056E0
1.249207421E2,-1.196784973E1,-3.680587769E0,-5.037292480E0
1.250209618E2,-9.971084595E0,-4.152252197E0,-3.279953003E0
1.251211815E2,-1.008122253E1,-3.920013428E0,-1.436416626E0
1.252214013E2,-1.107002258E1,-5.478637695E0,-9.575653076E-1
1.253216515E2,-4.452453613E0,-4.300689697E0,-9.623565674E-1
1.254218407E2,-6.331893921E0,-3.769180298E0,-1.989471436E0
1.255220910E2,-7.100433350E0,-2.591232300E0,-1.692596436E0
1.256223107E2,-1.058879089E1,-3.627914429E0,-8.665924072E-1
1.257225304E2,-8.656677246E0,-4.118728638E0,-1.639923096E0
1.258227502E2,-8.424438477E0,-4.133087158E0,-2.145095825E0
1.259229699E2,-8.592025757E0,-4.508987427E0,-1.110794067E0
1.260231896E2,-9.348587036E0,-4.080413818E0,-1.335861206E0
1.261234398E2,-8.637512207E0,-3.410049438E0,-2.102005005E0
1.262236596E2,-1.009078979E1,-4.085205078E0,-2.068481445E0
1.263238793E2,-8.539352417E0,-4.303085327E0,-1.177841187E0
1.264240990E2,-7.519424438E0,-3.441162109E0,-1.951171875E0
1.265243188E2,-1.063667297E1,-5.074020386E0,-1.149108887E0
1.266245690E2,-8.175430298E0,-4.762771606E0,-1.426834106E0
1.267247887E2,-5.316757202E0,-4.178588867E0,-1.331069946E0
1.268250084E2,-7.576889038E0,-4.097183228E0,-1.975112915E0
1.269252282E2,-9.676605225E0,-4.169006348E0,-8.665924072E-1
1.270254479E2,-9.406051636E0,-4.549682617E0,-1.043762207E0
1.271256676E2,-8.922424316E0,-3.872131348E0,-2.695755005E0
1.272258874E2,-9.355773926E0,-3.517776489E0,-3.392471313E0
1.273261071E2,-8.012634277E0,-3.072463989E0,-2.750823975E0
1.274263268E2,-8.996643066E0,-2.588836670E0,-2.228897095E0
1.275265771E2,-9.188186646E0,-3.017395020E0,-3.236846924E0
1.276267968E2,-8.424438477E0,-2.725296021E0,-3.050109863E0
1.277270165E2,-8.654281616E0,-2.878524780E0,-3.306289673E0
1.278272668E2,-8.235290527E0,-2.739669800E0,-3.026168823E0
1.279274865E2,-7.964752197E0,-2.268005371E0,-3.991027832E0
1.280276757E2,-8.852996826E0,-2.332656860E0,-3.634292603E0
1.281279259E2,-8.659057617E0,-2.452362061E0,-3.495422363E0
1.282281457E2,-8.714126587E0,-2.109985352E0,-3.531341553E0
1.283283654E2,-8.637512207E0,-2.121963501E0,-3.011795044E0
1.284285851E2,-8.886520386E0,-2.169845581E0,-3.636688232E0
1.285288354E2,-8.486679077E0,-2.234497070E0,-2.626327515E0
1.286290246E2,-8.920028687E0,-2.950363159E0,-2.293533325E0
1.287292748E2,-8.395706177E0,-2.370956421E0,-2.611968994E0
1.288294945E2,-9.643081665E0,-3.405258179E0,-3.516967773E0
1.289297143E2,-8.431610107E0,-2.933593750E0,-2.501831055E0
1.290299340E2,-8.086853027E0,-2.967117310E0,-2.633514404E0
1.291301537E2,-8.024597168E0,-2.888107300E0,-1.932006836E0
1.292303734E2,-8.790740967E0,-3.074859619E0,-1.355010986E0
1.293305932E2,-8.958343506E0,-3.398071289E0,-1.802719116E0
1.294308434E2,-8.738067627E0,-3.407653809E0,-1.582458496E0
1.295310326E2,-8.094039917E0,-3.405258179E0,-1.694992065E0
1.296312829E2,-9.434783936E0,-3.419616699E0,-1.785964966E0
1.297315331E2,-8.697372437E0,-3.151473999E0,-1.532180786E0
1.298317223E2,-8.860183716E0,-2.830642700E0,-2.317474365E0
1.299319420E2,-9.528152466E0,-1.456375122E0,-1.331069946E0
1.300321618E2,-7.928833008E0,-2.951812744E-1,-1.268814087E0
1.301324120E2,-8.778778076E0,3.521728516E-2,-1.594436646E0
1.302326317E2,-9.037353516E0,-7.022094727E-1,-1.189804077E0
1.303328515E2,-9.688568115E0,-8.985290527E-1,-1.647094727E0
1.304331146E2,-8.671035767E0,-6.327667236E-1,-2.022994995E0
1.305333343E2,-8.879333496E0,-7.979736328E-1,-1.795547485E0
1.306335540E2,-9.372543335E0,-7.213592529E-1,-1.726104736E0
1.307338043E2,-8.551330566E0,-8.650054932E-1,-1.594436646E0
1.308340240E2,-9.092407227E0,-1.015838623E0,-1.740478516E0
1.309342743E2,-9.312683105E0,-1.279205322E0,-1.594436646E0
1.310344940E2,-8.881729126E0,-1.420455933E0,-1.733291626E0
1.311347137E2,-8.932006836E0,-1.791564941E0,-2.044540405E0
1.312349334E2,-8.876937866E0,-1.793960571E0,-2.125946045E0
1.313351532E2,-8.963134766E0,-1.731704712E0,-2.485076904E0
1.314353729E2,-9.133117676E0,-1.813110352E0,-2.396484375E0
1.315355926E2,-8.881729126E0,-1.896911621E0,-2.090026855E0
1.316358123E2,-9.216918945E0,-1.956756592E0,-1.836242676E0
1.317360321E2,-9.106781006E0,-1.923248291E0,-1.508239746E0
1.318362518E2,-9.032562256E0,-1.956756592E0,-1.522598267E0
1.319365020E2,-8.915237427E0,-1.669464111E0,-1.177841187E0
1.320367218E2,-9.159454346E0,-1.700576782E0,-1.661468506E0
1.321369415E2,-8.958343506E0,-1.559326172E0,-1.644714355E0
1.322371612E2,-8.857788086E0,-1.561721802E0,-1.994262695E0
1.323373809E2,-8.718917847E0,-1.518630981E0,-1.690200806E0
1.324376007E2,-9.532943726E0,-1.858596802E0,-1.615982056E0
1.325378204E2,-9.274368286E0,-1.889724731E0,-1.671051025E0
1.326380706E2,-9.671813965E0,-1.758041382E0,-1.766815186E0
1.327382904E2,-9.176208496E0,-1.784378052E0,-1.218536377E0
1.328385101E2,-9.027770996E0,-1.231323242E0,-1.599212646E0
1.329387298E2,-8.824264526E0,-1.281600952E0,-8.163146973E-1
1.330389496E2,-9.066085815E0,-1.185836792E0,-1.316696167E0
1.331391693E2,-8.742858887E0,-1.015838623E0,-1.196990967E0
1.332394195E2,-8.987075806E0,-8.530426025E-1,-1.070098877E0
1.333396698E2,-9.549713135E0,-6.088256836E-1,-1.857788086E0
1.334398895E2,-9.384506226E0,-6.926269531E-1,-1.510635376E0
1.335401092E2,-9.044525146E0,-9.679565430E-1,-1.000671387E0
1.336403289E2,-8.484283447E0,-7.524871826E-1,-1.745269775E0
1.337405487E2,-9.386901855E0,-7.859954834E-1,-2.243255615E0
1.338407684E2,-8.843414307E0,-1.161895752E0,-8.737792969E-1
1.339409881E2,-8.999038696E0,-9.224700928E-1,-1.785964966E0
1.340412384E2,-8.711730957E0,-1.171463013E0,-1.129959106E0
1.341414276E2,-9.324645996E0,-1.334274292E0,-1.673431396E0
1.342416473E2,-8.927215576E0,-8.506469727E-1,-1.395706177E0
1.343418670E2,-8.587234497E0,-8.530426025E-1,-8.522338867E-1
1.344420868E2,-9.734054565E0,-7.141723633E-1,-1.910461426E0
1.345423370E2,-9.607162476E0,-8.458557129E-1,-1.690200806E0
1.346425262E2,-9.001434326E0,-5.705261230E-1,-1.888916016E0
1.347427765E2,-9.365356445E0,-5.346069336E-1,-2.003845215E0
1.348429962E2,-8.757232666E0,-6.040344238E-1,-9.743347168E-1
1.349432464E2,-8.977493286E0,-4.579925537E-1,-1.027008057E0
1.350434356E2,-9.372543335E0,-4.723510742E-1,-1.941589355E0
1.351436859E2,-8.908065796E0,9.745788574E-2,-1.151504517E0
1.352439056E2,-9.482666016E0,-3.097534180E-3,-1.740478516E0
1.353441253E2,-9.180999756E0,3.584289551E-1,-2.051727295E0
1.354443451E2,-8.699768066E0,2.411193848E-1,-1.402893066E0
1.355445648E2,-9.164245605E0,1.597137451E-1,-1.005462646E0
1.356447845E2,-9.559280396E0,2.698364258E-1,-1.671051025E0
1.357450348E2,-9.394088745E0,2.243499756E-1,-1.991867065E0
1.358452545E2,-9.157058716E0,7.893829346E-1,-1.374160767E0
1.359454742E2,-9.386901855E0,8.253021240E-1,-1.848220825E0
1.360456939E2,-8.826660156E0,9.761352539E-1,-1.338256836E0
1.361459137E2,-8.738067627E0,9.737396240E-1,-1.757232666E0
1.362461334E2,-8.723709106E0,9.545898438E-1,-2.037353516E0
1.363463836E2,-9.506607056E0,1.064712524E0,-1.821884155E0
1.364466034E2,-8.769195557E0,1.076690674E0,-2.085235596E0
1.365468231E2,-7.986297607E0,-6.303710938E-1,-1.548934937E0
1.366470428E2,-1.029191589E1,-1.509048462E0,-1.965530396E0
1.367472625E2,-8.881729126E0,-1.085281372E0,-1.651885986E0
1.368474823E2,-9.339019775E0,-4.220733643E-1,-1.817092896E0
1.369477020E2,-8.666244507E0,-5.944671631E-1,-1.929611206E0
1.370479522E2,-8.742858887E0,-6.854400635E-1,-2.374938965E0
1.371481720E2,-9.224090576E0,-6.662902832E-1,-2.058898926E0
1.372483917E2,-8.541748047E0,-6.399536133E-1,-1.702163696E0
1.373486114E2,-9.331832886E0,-8.889465332E-1,-1.754837036E0
1.374488311E2,-9.573654175E0,-6.231994629E-1,-2.125946045E0
1.375490814E2,-8.271209717E0,-5.992584229E-1,-2.054122925E0
1.376493011E2,-8.900878906E0,-3.550415039E-1,-1.649490356E0
1.377495208E2,-9.042129517E0,-3.382873535E-1,-1.994262695E0
1.378497406E2,-9.006225586E0,-1.180114746E-1,-1.979888916E0
1.379499603E2,-9.269592285E0,-3.191223145E-1,-1.953552246E0
1.380502105E2,-8.867355347E0,-8.450317383E-2,-2.022994995E0
1.381503997E2,-9.324645996E0,-9.646606445E-2,-2.231292725E0
1.382506500E2,-8.833847046E0,-2.712402344E-1,-1.493865967E0
1.383508697E2,-8.742858887E0,1.285858154E-1,-2.310302734E0
1.384510894E2,-9.475494385E0,-2.736358643E-1,-2.015808105E0
1.385513092E2,-8.659057617E0,-1.658935547E-1,-1.570480347E0
1.386515289E2,-8.843414307E0,9.506225586E-2,-2.291137695E0
1.387517486E2,-9.101989746E0,3.521728516E-2,-2.221710205E0
1.388520294E2,-9.180999756E0,1.860504150E-1,-1.836242676E0
1.389522491E2,-9.327041626E0,5.915832520E-2,-1.809906006E0
1.390524383E2,-9.288742065E0,1.333770752E-1,-1.869766235E0
1.391526886E2,-9.532943726E0,-1.028442383E-2,-2.066085815E0
1.392528778E2,-9.482666016E0,-3.182983398E-2,-2.322265625E0
1.393530975E2,-8.738067627E0,1.166076660E-1,-1.790756226E0
1.394533172E2,-9.233673096E0,4.957580566E-2,-2.281570435E0
1.395535675E2,-8.457946777E0,7.112121582E-2,-2.030166626E0
1.396537872E2,-9.394088745E0,2.554779053E-1,-3.600769043E0
1.397540069E2,-9.439575195E0,1.549224854E-1,-2.331848145E0
1.398542266E2,-8.785949707E0,1.501312256E-1,-2.358184814E0
1.399544464E2,-9.073257446E0,1.237945557E-1,-2.293533325E0
1.400546661E2,-8.371765137E0,2.219543457E-1,-2.286346436E0
1.401549163E2,-8.745254517E0,1.166076660E-1,-2.142700195E0
1.402551361E2,-8.783569336E0,3.009643555E-1,-2.427612305E0
1.403553558E2,-9.391693115E0,-1.850585938E-1,-3.689361572E0
1.404555531E2,-9.142700195E0,-1.539306641E-1,-3.782730103E0
1.405557728E2,-8.378936768E0,8.880615234E-3,-2.578445435E0
1.406560230E2,-8.479492188E0,-4.603881836E-1,-1.455566406E0
1.407562123E2,-9.073257446E0,-9.080963135E-1,-3.722869873E0
1.408564625E2,-9.288742065E0,-8.338775635E-1,-3.083618164E0
1.409566822E2,-8.321487427E0,-4.651794434E-1,-2.382125854E0
1.410569019E2,-8.855392456E0,-1.051757812E0,-2.779556274E0
1.411571217E2,-8.623153687E0,-8.386688232E-1,-2.772369385E0
1.412573719E2,-8.975097656E0,-1.157104492E0,-3.552886963E0
1.413575611E2,-8.982284546E0,-7.022094727E-1,-2.884902954E0
1.414578114E2,-9.003829956E0,-4.412384033E-1,-2.322265625E0
1.415580311E2,-8.513015747E0,-2.161865234E-1,-2.099609375E0
1.416582508E2,-9.101989746E0,-3.717956543E-1,-2.839416504E0
1.417584706E2,-8.438796997E0,2.323913574E-2,-2.353393555E0
1.418587208E2,-8.970306396E0,-3.909606934E-1,-2.324661255E0
1.419589405E2,-9.288742065E0,-3.646240234E-1,-3.387680054E0
1.420591603E2,-8.706954956E0,-2.257537842E-1,-3.014190674E0
1.421593800E2,-8.522598267E0,-3.957366943E-1,-1.953552246E0
1.422595997E2,-9.123535156E0,-4.508056641E-1,-2.947158813E0
1.423598194E2,-8.524993896E0,-2.640686035E-1,-2.585632324E0
1.424600392E2,-8.817077637E0,-2.544860840E-1,-1.862579346E0
1.425602894E2,-8.970306396E0,-3.670196533E-1,-2.324661255E0
1.426605091E2,-9.149871826E0,1.367187500E-2,-1.587249756E0
1.427607289E2,-8.831451416E0,-2.520904541E-1,-1.867370605E0
1.428609486E2,-8.934402466E0,6.872558594E-2,-2.159454346E0
1.429611683E2,-9.386901855E0,4.089355469E-3,-1.843429565E0
1.430613880E2,-9.298309326E0,-2.664642334E-1,-1.989471436E0
1.431616383E2,-8.836242676E0,-3.422546387E-2,-2.104400635E0
1.432618885E2,-8.716522217E0,-2.703857422E-2,-1.146713257E0
1.433621082E2,-9.451538086E0,5.044708252E-1,-2.039749146E0
1.434623280E2,-9.446762085E0,1.091049194E0,-1.019821167E0
1.435625477E2,-9.111572266E0,9.976806641E-1,-1.431625366E0
1.436627674E2,-9.197753906E0,3.368835449E-1,-1.527389526E0
1.437630177E2,-8.474716187E0,6.792449951E-1,-1.098831177E0
1.438632374E2,-8.050933838E0,1.095840454E0,-1.378952026E0
1.439634266E2,-8.776382446E0,1.404693604E0,-6.319580078E-1
1.440636769E2,-1.030867004E1,1.325683594E0,-1.936798096E0
1.441638966E2,-9.679000854E0,9.617614746E-1,-1.311920166E0
1.442641163E2,-9.353378296E0,9.569854736E-1,-1.608795166E0
1.443643360E2,-8.852996826E0,9.689483643E-1,-1.005462646E0
1.444645558E2,-8.635116577E0,1.730300903E0,-1.477111816E0
1.445647755E2,-9.564071655E0,1.682418823E0,-4.380340576E-1
1.446649952E2,-9.884902954E0,1.457366943E0,-1.450775146E0
1.447652149E2,-9.875320435E0,1.375961304E0,-1.077285767E0
1.448654347E2,-8.173034668E0,1.723129272E0,-3.877563477E-1
1.449656849E2,-7.938415527E0,1.835647583E0,-7.588500977E-1
1.450659046E2,-9.264801025E0,2.008041382E0,-3.877563477E-1
1.451661244E2,-1.042837524E1,1.725524902E0,-6.367492676E-1
1.452663441E2,-1.027754211E1,1.366394043E0,-6.798400879E-1
1.453665943E2,-9.506607056E0,1.134155273E0,-1.287979126E0
1.454668141E2,-8.718917847E0,1.088653564E0,-1.539367676E0
1.455670338E2,-1.048823547E1,1.002471924E0,2.850189209E-1
1.456672535E2,-9.468307495E0,1.531585693E0,-3.925476074E-1
1.457674732E2,-7.833068848E0,1.505249023E0,-4.883117676E-1
1.458676930E2,-1.226951599E1,7.295379639E-1,-7.636413574E-1
1.459679127E2,-1.002854919E1,1.059936523E0,-6.966094971E-1
1.460681324E2,-8.469924927E0,1.194000244E0,-3.302917480E-1
1.461683827E2,-9.051712036E0,1.093444824E0,-9.384155273E-1
1.462686024E2,-9.774765015E0,7.630462646E-1,-1.151504517E0
1.463688221E2,-1.098384094E1,-9.679565430E-1,-1.674804688E-1
1.464690724E2,-6.602447510E0,-1.922302246E-1,-6.152038574E-1
1.465692921E2,-7.670257568E0,-8.267059326E-1,-8.282775879E-1
1.466695118E2,-9.772369385E0,-1.118789673E0,-1.153900146E0
1.467697315E2,-9.152267456E0,1.844787598E-2,-1.845825195E0
1.468699513E2,-9.793914795E0,-1.406097412E0,-1.924835205E0
1.469701710E2,-9.180999756E0,1.127624512E-2,-5.553436279E-1
1.470703907E2,-1.043795776E1,6.529235840E-1,-2.470703125E0
1.471706104E2,-1.170927429E1,1.031204224E0,-1.989471436E0
1.472708607E2,-7.912078857E0,2.941772461E0,-7.181549072E-1
1.473710804E2,-7.552947998E0,1.589050293E0,-2.628723145E0
1.474713001E2,-1.019853210E1,1.893112183E0,6.154174805E-1
1.475715199E2,-9.585617065E0,1.126968384E0,-1.110794067E0
1.476717396E2,-9.394088745E0,1.067108154E0,-1.836242676E0
1.477719593E2,-5.781234741E0,2.005645752E0,1.989685059E0
1.478722096E2,-1.078990173E1,1.495681763E0,-1.350219727E0
1.479724293E2,-1.093594360E1,1.921844482E0,-3.981445312E0
1.480726490E2,-1.071328735E1,2.283370972E0,1.896316528E0
1.481728687E2,-9.413238525E0,-7.971191406E-2,-2.726882935E0
1.482730885E2,-3.693496704E0,1.538772583E0,-2.374938965E0
1.483733082E2,-1.077554321E1,1.917053223E0,-4.739379883E-1
1.484735584E2,-7.562515259E0,2.403076172E0,2.233901978E0
1.485737477E2,-8.302322388E0,1.821289062E0,-5.556838989E0
1.486739979E2,-5.699829102E0,1.912261963E0,2.887512207E0
1.487742176E2,-9.080444336E0,3.346389771E0,-6.677322388E0
1.488744679E2,-8.194595337E0,1.917053223E0,-1.455566406E0
1.489746571E2,-7.710952759E0,2.513214111E0,-1.387481689E-1
1.490748768E2,-8.208953857E0,3.051910400E0,-3.564865112E0
1.491751270E2,-1.065582275E1,2.055923462E0,-2.303115845E0
1.492753468E2,-1.041880798E1,1.447784424E0,-3.538528442E0
1.493755665E2,-1.385208130E1,1.557922363E0,-2.623931885E0
1.494757862E2,-1.137408447E1,2.927413940E0,3.284957886E0
1.495760060E2,-8.220932007E0,1.991271973E0,-5.477828979E0
1.496762562E2,-5.793197632E0,2.189987183E0,-3.248825073E0
1.497764759E2,-7.682235718E0,2.668838501E0,-3.232070923E0
1.498766957E2,-9.789123535E0,2.429412842E0,-1.869766235E0
1.499769154E2,-1.033500671E1,2.292938232E0,-2.382125854E0
1.500771351E2,-9.403656006E0,2.807693481E0,-2.001449585E0
1.501773548E2,-8.031784058E0,2.642501831E0,9.721527100E-1
1.502776051E2,-1.059837341E1,3.236267090E0,-3.279953003E0
1.503778248E2,-9.463516235E0,1.945785522E0,-3.574432373E0
1.504780605E2,-1.153210449E1,2.070281982E0,-7.247146606E0
1.505783107E2,-9.049316406E0,4.957580566E-2,-5.125869751E0
1.506784999E2,-7.825881958E0,-1.080490112E0,-1.239945984E1
1.507787197E2,-8.544143677E0,-2.773193359E0,-5.422760010E0
1.508789699E2,-6.588073730E0,-1.837051392E0,-1.431625366E0
1.509791896E2,-1.084017944E1,-4.003799438E0,-3.825820923E0
1.510794094E2,-5.951217651E0,-2.852188110E0,-4.158615112E0
1.511796291E2,-8.891296387E0,-4.185760498E0,-4.287902832E0
1.512798488E2,-5.857849121E0,-3.362167358E0,-2.738861084E0
1.513800685E2,-7.416473389E0,-3.410049438E0,-2.695755005E0
1.514802883E2,-1.067738342E1,-4.236038208E0,-5.475433350E0
1.515805385E2,-7.481109619E0,-3.855361938E0,-1.771606445E0
1.516807888E2,-6.439636230E0,-3.412445068E0,-3.560073853E0
1.517809780E2,-7.603225708E0,-4.310256958E0,-2.540145874E0
1.518811977E2,-9.942352295E0,-4.482650757E0,-2.382125854E0
1.519814479E2,-8.515411377E0,-4.944732666E0,-3.071655273E0
1.520816677E2,-6.420486450E0,-3.048522949E0,-2.580841064E0
1.521818874E2,-9.224090576E0,-4.681365967E0,-2.312683105E0
1.522821071E2,-9.803497314E0,-4.037322998E0,-1.687805176E0
1.523823268E2,-7.550552368E0,-4.382095337E0,-1.357406616E0
1.524825466E2,-8.173034668E0,-4.348571777E0,-8.426513672E-1
1.525827663E2,-8.960739136E0,-4.365325928E0,-1.568099976E0
1.526830165E2,-9.080444336E0,-5.038101196E0,6.728820801E-1
1.527832363E2,-9.789123535E0,-5.392440796E0,4.454345703E-1
1.528834560E2,-8.975097656E0,-4.619110107E0,-3.351776123E0
1.529836757E2,-7.521820068E0,-5.524124146E0,-2.276779175E0
1.530838954E2,-7.004669189E0,-4.992614746E0,-8.665924072E-1
1.531841152E2,-8.508224487E0,-5.030914307E0,-2.379730225E0
1.532843654E2,-9.923202515E0,-4.338989258E0,-1.905670166E0
1.533845851E2,-7.253662109E0,-4.631088257E0,-2.123550415E0
1.534848049E2,-1.021530151E1,-5.136260986E0,-2.173828125E0
1.535850246E2,-1.151055908E1,-5.131469727E0,-2.837020874E0
1.536852443E2,-8.031784058E0,-4.281539917E0,-1.637527466E0
1.537854946E2,-8.170654297E0,-4.927963257E0,-4.390853882E0
1.538857448E2,-4.378234863E0,-2.959930420E0,-9.192657471E-1
1.539859645E2,-1.141479492E1,-3.972686768E0,-2.327056885E0
1.540861843E2,-9.734054565E0,-3.340606689E0,-2.058898926E0
1.541864040E2,-7.907287598E0,-2.955139160E0,-1.860183716E0
1.542866237E2,-8.819473267E0,-2.636718750E0,-2.286346436E0
1.543868434E2,-8.127548218E0,-1.319900513E0,-1.884124756E0
1.544870632E2,-8.802719116E0,-1.252868652E0,-1.541763306E0
1.545872829E2,-9.183395386E0,-1.001480103E0,-2.058898926E0
1.546875026E2,-8.649490356E0,-1.015838623E0,-2.468307495E0
1.547877529E2,-8.254440308E0,-1.063720703E0,-1.970321655E0
1.548879726E2,-9.061294556E0,-1.032608032E0,-2.238464355E0
1.549881923E2,-9.310287476E0,-9.918975830E-1,-2.552108765E0
1.550884120E2,-8.879333496E0,-1.032608032E0,-1.932006836E0
1.551886318E2,-8.773986816E0,-6.543121338E-1,-1.991867065E0
1.552888515E2,-9.595199585E0,-8.697967529E-1,-1.785964966E0
1.553890712E2,-9.157058716E0,-8.171234131E-1,-2.683792114E0
1.554892910E2,-9.233673096E0,-1.492294312E0,-2.896881104E0
1.555895412E2,-9.456329346E0,-4.699707031E-1,-2.659851074E0
1.556897609E2,-9.671813965E0,-2.975769043E-1,-1.893707275E0
1.557899806E2,-8.426834106E0,-3.047637939E-1,-1.364593506E0
1.558902004E2,-9.774765015E0,-4.220733643E-1,-1.139526367E0
1.559904506E2,-1.074920654E1,8.085327148E-1,-9.479980469E-1
1.560906703E2,-8.244873047E0,1.929031372E0,-1.601608276E0
1.561909206E2,-8.180221558E0,4.320831299E0,1.470153809E0
1.562911403E2,-5.601669312E0,5.211471558E0,7.532272339E0
1.563913600E2,-4.663146973E0,6.090148926E0,3.134124756E0
1.564915798E2,-6.602447510E0,8.024658203E0,4.381500244E0
1.565918300E2,-2.350341797E0,8.960800171E0,5.236221313E0
1.566920497E2,9.413146973E-2,7.828338623E0,7.151596069E0
1.567922390E2,3.927261353E0,6.961639404E0,5.628875732E0
1.568924892E2,2.943237305E0,8.055786133E0,3.936172485E0
1.569926784E2,3.208999634E0,7.586517334E0,5.099761963E0
1.570928981E2,2.440460205E0,7.825942993E0,4.118133545E0
1.571931484E2,2.521850586E0,7.737365723E0,3.766189575E0
1.572933681E2,3.718719482E-1,8.970367432E0,2.312911987E0
1.573935878E2,7.693023682E-1,7.976776123E0,5.571411133E0
1.574938076E2,-5.690612793E-1,8.096496582E0,6.713455200E0
1.575940273E2,8.818359375E-1,7.517089844E0,6.866683960E0
1.576942470E2,6.926879883E-1,7.483566284E0,5.676757812E0
1.577944667E2,1.391799927E0,6.995162964E0,6.931320190E0
1.578947170E2,6.831054688E-1,7.232177734E0,5.542678833E0
1.579949367E2,1.446853638E0,6.276901245E0,6.756546021E0
1.580951564E2,1.145187378E0,5.546661377E0,8.233764648E0
1.581953762E2,2.366241455E0,4.679962158E0,8.161941528E0
1.582956264E2,5.681915283E-1,5.616088867E0,8.525863647E0
1.583958156E2,1.616851807E0,3.858749390E0,1.000308228E1
1.584960659E2,1.588119507E0,4.837982178E0,9.763656616E0
1.585962856E2,1.470809937E0,4.881072998E0,9.428482056E0
1.586965053E2,2.035827637E0,4.849945068E0,7.417343140E0
1.587967250E2,1.035064697E0,4.773330688E0,9.019073486E0
1.588970058E2,2.217788696E0,4.411819458E0,9.052581787E0
1.589971950E2,1.712615967E0,5.007965088E0,6.995971680E0
1.590974452E2,2.347076416E0,5.189926147E0,7.687896729E0
1.591976345E2,2.732543945E0,5.553848267E0,8.750915527E0
1.592978542E2,3.108444214E0,5.230636597E0,5.705490112E0
