"Time (s)","Gyroscope x (rad/s)","Gyroscope y (rad/s)","Gyroscope z (rad/s)"
1.383567580E-1,-2.040283203E0,-1.492828369E0,-7.000274658E-1
2.385764850E-1,-1.590744019E0,-1.388427734E0,-4.337158203E-1
3.387656940E-1,-1.100311279E-1,-1.516265869E0,3.833465576E-1
4.389854200E-1,-4.328002930E-1,3.245239258E-1,5.921325684E-1
5.392051470E-1,1.185333252E0,6.994934082E-1,-1.759185791E-1
6.393943560E-1,6.680297852E-2,-2.880096436E-1,9.571838379E-2
7.396140820E-1,1.004241943E0,3.703308105E-1,1.553802490E-1
8.398338090E-1,2.525329590E-2,1.222534180E0,-1.164474487E0
9.400535360E-1,2.276611328E-1,-5.905456543E-1,4.672241211E-2
1.040242745E0,1.039398193E0,7.144012451E-1,3.982543945E-1
1.140462471E0,2.841186523E-1,1.046768188E0,-5.402374268E-1
1.240682198E0,6.132812500E-1,4.875030518E-1,5.175781250E-1
1.340901924E0,-3.997802734E-1,1.625976562E-1,-1.080322266E-2
1.441152168E0,-6.437225342E-1,-5.000000000E-1,-1.759185791E-1
1.541341377E0,-5.052490234E-1,-9.932098389E-1,-1.247863770E-1
1.641530586E0,-1.251998901E0,-7.588500977E-1,-3.804473877E-1
1.741780830E0,4.982299805E-1,2.517700195E-2,1.649627686E-1
1.841970039E0,8.384704590E-2,-1.101074219E-1,2.542114258E-2
1.942189766E0,-1.590270996E-1,-1.165008545E-1,9.359741211E-2
2.042378975E0,1.264648438E-1,-2.688293457E-1,1.053161621E-1
2.142598702E0,-6.682281494E-1,-5.788269043E-1,-1.077423096E-1
2.242818428E0,-7.214965820E-1,-6.001281738E-1,1.043807983E0
2.343038155E0,3.565521240E-1,1.487426758E-1,3.141021729E-1
2.443288399E0,1.019149780E0,6.025543213E-1,-1.801757812E-1
2.543447090E0,-1.526336670E-1,6.398315430E-1,-1.961517334E-1
2.643697334E0,1.360473633E-1,-6.129150391E-1,1.181030273E-1
2.743886543E0,-7.459869385E-1,-1.452636719E-1,-9.495544434E-2
2.844106270E0,-2.602386475E-1,-2.560577393E-1,1.809539795E-1
2.944325996E0,-1.020828247E0,3.980255127E-1,-2.004241943E-1
3.044545723E0,5.508422852E-2,-3.061218262E-1,-2.643280029E-1
3.144765450E0,-2.154846191E-1,6.888427734E-1,1.477050781E-2
3.244954659E0,-8.978271484E-2,5.492858887E-1,1.745605469E-1
3.345174385E0,1.492126465E0,-4.147796631E-1,7.015991211E-2
3.541108442E0,-1.125228882E0,-1.187088013E0,9.999084473E-2
3.641328168E0,-6.848144531E-2,-4.541931152E-1,-1.599426270E-1
3.741547895E0,-2.762145996E-1,-2.901458740E-1,-2.057495117E-1
3.841737104E0,-1.183822632E0,-9.665832520E-1,5.410003662E-1
3.941956830E0,-4.008483887E-1,7.357025146E-1,6.038513184E-1
4.042176557E0,1.413726807E-1,4.754638672E-2,3.854827881E-1
4.142396283E0,4.130096436E-1,1.121337891E0,-3.293151855E-1
4.242616010E0,9.130859375E-2,2.456817627E-1,7.229614258E-2
4.342835737E0,3.011627197E-1,-2.443389893E-1,3.500366211E-2
4.443024945E0,3.171386719E-1,-2.176971436E-1,4.885864258E-2
4.543244672E0,1.285858154E-1,-2.102508545E-1,9.678649902E-2
4.643464399E0,3.373870850E-1,-1.271514893E-1,2.967834473E-2
4.743684125E0,-8.233642578E-2,1.508789062E-1,-1.931762695E-2
4.843873334E0,1.147460938E-1,-9.732055664E-2,1.902770996E-2
4.944123578E0,-2.799987793E-2,-1.742553711E-2,1.795959473E-2
5.044312787E0,-1.057739258E-1,4.542541504E-2,-6.512451172E-2
5.144532514E0,-1.628112793E-2,1.878356934E-2,-1.292419434E-2
5.244752240E0,6.680297852E-2,-5.046081543E-2,2.754211426E-2
5.344971967E0,-9.191894531E-2,-2.488708496E-2,-5.873107910E-2
5.445191694E0,-4.718017578E-2,1.739501953E-3,-1.506042480E-2
5.545411420E0,3.057861328E-2,-4.653930664E-3,2.116394043E-2
5.645600629E0,6.466674805E-2,-7.815551758E-2,3.607177734E-2
5.745820356E0,-2.693176270E-2,1.040039062E-1,2.221679688E-2
5.846040082E0,-1.132202148E-1,3.370666504E-2,1.902770996E-2
5.946259809E0,-1.110992432E-1,2.126617432E-1,-6.546020508E-3
6.046479535E0,-8.834838867E-3,2.254486084E-1,3.074645996E-2
6.146699262E0,7.106018066E-2,9.548950195E-2,-2.571105957E-2
6.246888471E0,6.680297852E-2,7.098388672E-2,8.187866211E-2
6.347138715E0,2.223358154E-1,-8.241271973E-2,1.255493164E-1
6.447327924E0,-1.628112793E-2,-1.449584961E-3,1.795959473E-2
6.547547651E0,-1.095581055E-2,-7.843017578E-3,-3.742980957E-2
6.647767377E0,2.099609375E-2,7.524108887E-2,3.181457520E-2
6.747987104E0,-1.416015625E-2,2.073364258E-1,-5.873107910E-2
6.848176313E0,-9.617614746E-2,3.287811279E-1,-1.119995117E-1
6.948426557E0,3.057861328E-2,-3.753662109E-1,1.127777100E-1
7.048615766E0,1.221923828E-1,1.008148193E-1,-9.735107422E-3
7.148835492E0,1.445617676E-1,-1.250305176E-1,-3.742980957E-2
7.249055219E0,-2.346649170E-1,1.114654541E-1,2.542114258E-2
7.349274945E0,1.466979980E-1,-3.433990479E-1,-8.110046387E-2
7.449494672E0,-2.267456055E-2,2.659301758E-1,-2.677917480E-2
7.549714399E0,6.147766113E-2,-2.485961914E-1,-1.130676270E-1
7.649903608E0,6.254577637E-2,2.838134766E-2,4.119873047E-3
7.750123334E0,-2.314758301E-1,4.353027344E-1,-3.849792480E-2
7.850343061E0,1.992797852E-2,7.844543457E-2,3.926086426E-2
7.950562787E0,-1.760711670E-1,2.424926758E-1,-7.598876953E-3
8.050782514E0,-9.405517578E-2,1.349029541E-1,8.720397949E-2
8.151002240E0,4.017639160E-2,3.096008301E-1,-2.038574219E-2
8.251221967E0,-1.202392578E-2,2.701873779E-1,-5.021667480E-2
8.351411176E0,-1.416015625E-2,1.242523193E-1,4.353332520E-2
8.451661420E0,-5.783081055E-2,-3.039855957E-1,-9.176635742E-2
8.551850629E0,9.877014160E-2,-1.644439697E-1,-7.472229004E-2
8.652100873E0,2.952575684E-2,-1.316833496E-2,3.500366211E-2
8.752290082E0,1.248168945E-2,8.270263672E-2,-2.145385742E-2
8.852509809E0,-1.771392822E-1,3.234558105E-1,-6.619262695E-2
8.952729535E0,7.629394531E-4,-9.838867188E-2,1.902770996E-2
9.052949262E0,1.232604980E-1,-9.519958496E-2,1.937255859E-1
9.153138471E0,2.819824219E-1,-3.178405762E-1,2.075805664E-1
9.253358197E0,1.957092285E-1,-3.679046631E-1,4.779052734E-2
9.353577924E0,1.887512207E-2,-9.094238281E-2,6.590270996E-2
9.453797651E0,1.168670654E-1,-8.880615234E-2,5.630493164E-2
9.554017377E0,5.020141602E-3,-1.761627197E-1,1.138305664E-1
9.654237104E0,-4.292297363E-2,1.739501953E-3,3.051757812E-3
9.754456830E0,-3.013610840E-2,2.808380127E-1,-7.598876953E-3
9.854676557E0,1.914367676E-1,3.511505127E-1,1.010589600E-1
9.954865766E0,-1.270751953E-1,-2.443389893E-1,1.607055664E-1
1.005508549E1,7.000732422E-2,-6.011962891E-1,9.678649902E-2
1.015530522E1,-6.315612793E-2,-3.380737305E-1,-1.258544922E-1
1.025552495E1,1.626739502E-1,-1.814880371E-1,-1.506042480E-2
1.035574467E1,-8.766174316E-2,-4.653930664E-3,2.435302734E-2
1.045595370E1,-5.889892578E-2,6.713867188E-4,-4.063415527E-2
1.055614291E1,-2.693176270E-2,-2.809143066E-2,-4.914855957E-2
1.065636264E1,-4.562377930E-3,-2.702331543E-2,-1.506042480E-2
1.075658236E1,3.910827637E-2,-1.849365234E-2,-4.409790039E-3
1.085680209E1,-4.078674316E-2,1.519470215E-1,-8.216857910E-2
1.095699130E1,-8.020019531E-2,1.508789062E-1,-6.300354004E-2
1.105721102E1,-7.594299316E-2,-1.449584961E-3,-9.495544434E-2
1.115743075E1,-1.867218018E-1,2.520751953E-1,-1.056060791E-1
1.125765048E1,3.256683350E-1,-2.091827393E-1,6.269836426E-2
1.135787020E1,-1.877899170E-1,9.016418457E-2,-6.546020508E-3
1.145808993E1,-4.078674316E-2,7.205200195E-2,-6.193542480E-2
1.155827914E1,9.130859375E-2,-5.151367188E-2,-1.826477051E-2
1.165852938E1,3.057861328E-2,-1.742553711E-2,2.967834473E-2
1.175871859E1,3.271484375E-2,4.861450195E-2,-2.891540527E-2
1.185893832E1,-5.036926270E-2,1.444854736E-1,-2.273559570E-3
1.195915805E1,2.723999023E-1,-1.059265137E0,1.788177490E-1
1.205937777E1,-5.372009277E-1,-8.134460449E-2,3.288269043E-2
1.215959750E1,1.243286133E-1,-4.406738281E-2,1.181030273E-1
1.225984774E1,1.200714111E-1,-1.530456543E-2,-2.273559570E-3
1.236003695E1,-3.013610840E-2,9.655761719E-2,-3.210449219E-2
1.246025668E1,3.591918945E-2,-6.323242188E-2,-3.341674805E-3
1.256047641E1,3.378295898E-2,-5.790710449E-2,9.445190430E-3
1.266066561E1,3.485107422E-2,-3.128051758E-2,-8.666992188E-3
1.276088534E1,1.353454590E-2,4.542541504E-2,-1.931762695E-2
1.286110507E1,9.277343750E-3,-8.911132812E-3,5.172729492E-3
1.296132479E1,1.780700684E-2,-5.685424805E-2,7.308959961E-3
1.306154452E1,4.656982422E-2,3.582763672E-2,2.221679688E-2
1.316173373E1,-7.380676270E-2,-1.441955566E-1,-6.619262695E-2
1.326195346E1,3.192749023E-1,7.312011719E-2,1.085052490E-1
1.336220370E1,1.829223633E-1,7.205200195E-2,4.227600098E-1
1.346242343E1,-6.863403320E-1,6.611480713E-1,1.329299927E0
1.356264315E1,-6.053771973E-1,9.018859863E-1,2.555084229E-1
1.366283236E1,-4.860687256E-1,-1.674987793E0,-8.342437744E-1
1.376305209E1,8.171081543E-2,-2.496643066E-1,5.537872314E-1
1.386327182E1,8.369903564E-1,1.136245728E0,-9.921264648E-2
1.396349154E1,-7.843475342E-1,4.598083496E-1,-5.285186768E-1
1.406371127E1,-1.537017822E-1,4.662017822E-1,-4.965667725E-1
1.416393100E1,-2.186889648E-1,7.996215820E-1,-4.635314941E-1
1.426412020E1,-3.465118408E-1,-1.028366089E0,-7.937774658E-1
1.436433993E1,2.276611328E-1,-6.832275391E-1,-1.876373291E-1
1.446455966E1,6.207427979E-1,1.286453247E0,1.583862305E-2
1.456480990E1,7.602844238E-1,3.125091553E0,1.606277466E0
1.466499911E1,-5.957946777E-1,-6.512603760E-1,-3.058776855E-1
1.476521884E1,6.772003174E-1,-8.249053955E-1,-1.045379639E-1
1.486543856E1,-4.317321777E-1,-6.544647217E-1,-3.058776855E-1
1.496565829E1,2.447052002E-1,2.861633301E-1,-1.251831055E0
1.506584750E1,1.552276611E-1,3.468933105E-1,-9.769897461E-1
1.516609774E1,3.246002197E-1,2.107772827E0,-5.189361572E-1
1.526628695E1,-4.562377930E-3,2.482742310E0,-8.587493896E-1
1.536650668E1,-3.944549561E-1,6.558074951E-1,-3.154602051E-1
1.546672641E1,-6.618347168E-1,-1.058502197E-1,-5.317077637E-1
1.556697665E1,-3.710174561E-1,2.286376953E-1,-6.648712158E-1
1.566719638E1,-1.813964844E-1,-5.223693848E-1,-3.516845703E-1
1.576741610E1,-1.047058105E-1,-4.086303711E-2,-2.164001465E-1
1.586763583E1,-3.332519531E-2,1.452636719E-2,-2.891540527E-2
1.596785556E1,7.638549805E-2,5.386352539E-1,2.331390381E-1
1.606804477E1,8.171081543E-2,1.254486084E0,3.684387207E-1
1.616826449E1,-1.522827148E-2,-9.623260498E-1,-3.591461182E-1
1.626848422E1,1.141357422E-2,-1.517318726E0,-2.145385742E-2
1.636870394E1,-9.505157471E-1,-2.595367432E0,8.296966553E-1
1.646892367E1,-1.357452393E0,-7.876129150E-1,1.150344849E0
1.656914340E1,-4.146881104E-1,1.625976562E-1,6.752319336E-1
1.666936312E1,4.992980957E-1,8.986968994E-1,1.333557129E0
1.676958285E1,-1.267974854E0,-1.197738647E0,7.189025879E-1
1.686977206E1,1.626739502E-1,1.146545410E-1,2.619018555E-1
1.697002230E1,2.489624023E-1,-1.974639893E-1,1.788177490E-1
1.707024203E1,1.136779785E-1,-6.774902344E-3,1.106414795E-1
1.717043124E1,-2.133636475E-1,-3.071899414E-1,-6.193542480E-2
1.727065097E1,7.709503174E-1,1.338348389E-1,5.985260010E-1
1.737084018E1,2.867385864E0,5.926513672E-2,1.528503418E0
1.747105990E1,4.124450684E-2,-1.988174438E0,2.761016846E0
1.757127963E1,9.009094238E-1,-1.202011108E0,1.314392090E0
1.767152987E1,1.200241089E0,-1.425704956E0,3.034515381E-1
1.777171908E1,1.153381348E0,-4.201049805E-1,-2.142639160E-1
1.787193881E1,4.869079590E-2,2.957611084E-1,-6.787261963E-1
1.797218905E1,-5.606384277E-1,6.142730713E-1,-1.791076660E-1
1.807240878E1,-1.152923584E0,5.034790039E-1,-4.060211182E-1
1.817262850E1,1.992797852E-2,-1.282196045E-1,2.981262207E-1
1.827278720E1,1.988983154E-1,-4.086303711E-2,2.542114258E-2
1.837303744E1,3.299255371E-1,-2.858734131E-1,2.542114258E-2
1.847322665E1,-6.810150146E-1,1.657867432E-1,-1.088104248E-1
1.857347689E1,-9.643707275E-1,7.239990234E-1,-2.920379639E-1
1.867369662E1,-7.268218994E-1,6.408996582E-1,-2.930908203E-1
1.877388583E1,2.947692871E-1,3.607330322E-1,-1.130676270E-1
1.887410556E1,-6.741333008E-2,-6.750488281E-2,1.159667969E-1
1.897432528E1,-2.144317627E-1,-5.692443848E-1,9.155273438E-4
1.907454501E1,-1.057739258E-1,-2.276611328E-2,7.015991211E-2
1.917476474E1,-8.126831055E-2,7.312011719E-2,-9.735107422E-3
1.927498446E1,2.883758545E-1,4.193267822E-1,-6.193542480E-2
1.937520419E1,1.034545898E-2,-5.897521973E-2,-1.187133789E-2
1.947539340E1,4.336547852E-2,-2.169799805E-2,-6.546020508E-3
1.957561312E1,1.978302002E-1,2.318420410E-1,-9.281921387E-2
1.967586337E1,1.992797852E-2,-3.341674805E-2,-1.525878906E-4
1.977605258E1,3.378295898E-2,9.201049805E-3,-5.128479004E-2
1.987627230E1,-3.635559082E-1,5.180358887E-2,-3.742980957E-2
1.997649203E1,-2.932586670E-1,2.936248779E-1,-6.193542480E-2
2.007671176E1,-1.867218018E-1,-4.939270020E-2,-1.525878906E-4
2.017693148E1,-1.068267822E-1,-1.473999023E-1,-5.661010742E-2
2.027715121E1,2.099609375E-2,-4.725646973E-2,-5.477905273E-3
2.037740145E1,-3.198852539E-1,-2.400665283E-1,3.500366211E-2
2.047759888E1,-7.380676270E-2,-1.218261719E-1,2.648925781E-2
2.057784913E1,-2.186889648E-1,-2.528533936E-1,1.795959473E-2
2.067806885E1,3.591918945E-2,-2.809143066E-2,3.051757812E-3
2.077825806E1,-1.110992432E-1,6.565856934E-2,1.983642578E-3
2.087844727E1,2.525329590E-2,-2.517700195E-3,-2.273559570E-3
2.097866700E1,7.745361328E-2,-4.653930664E-3,7.308959961E-3
2.107888672E1,8.810424805E-2,-8.560180664E-2,2.221679688E-2
2.117910645E1,-8.340454102E-2,2.198791504E-2,-4.409790039E-3
2.127932618E1,3.952026367E-3,-9.626770020E-2,6.240844727E-3
2.137954590E1,1.248168945E-2,-1.111755371E-1,4.885864258E-2
2.147976563E1,-2.160644531E-2,4.435729980E-2,-4.914855957E-2
2.157998536E1,-4.185485840E-2,-4.406738281E-2,2.967834473E-2
2.168020508E1,1.034545898E-2,5.926513672E-2,-1.525878906E-4
2.178042481E1,6.254577637E-2,-1.742553711E-2,2.542114258E-2
2.188064454E1,-9.887695312E-3,5.180358887E-2,-2.273559570E-3
2.198086426E1,1.062164307E-1,-3.585815430E-3,2.328491211E-2
2.208108399E1,-4.718017578E-2,-3.128051758E-2,1.156616211E-2
2.218127320E1,8.284759521E-1,7.630920410E-2,-2.377014160E-1
2.228149293E1,6.633453369E-1,2.616729736E-1,-3.442230225E-1
2.238174317E1,9.211425781E-1,1.451568604E0,-8.640747070E-1
2.248193238E1,-1.430511475E-1,1.790328979E0,-1.896316528E0
2.258215211E1,-1.430511475E-1,1.023330688E0,-1.355163574E0
2.268240235E1,6.388549805E-1,2.755126953E-1,-1.302963257E0
2.278262208E1,9.275360107E-1,1.693389893E0,-1.816421509E0
2.288284180E1,-1.628036499E0,1.816955566E0,2.533874512E-1
2.298306153E1,-7.118988037E-1,-8.014678955E-1,-1.758895874E0
2.308328126E1,-1.302642822E-1,1.199798584E-1,-6.744537354E-1
2.318350098E1,2.596130371E-1,1.487426758E-1,-9.388732910E-2
2.328369019E1,-2.612915039E-1,7.080078125E-1,-5.935058594E-1
2.338390992E1,4.961090088E-1,1.053161621E0,-5.370483398E-1
2.348412965E1,-6.969909668E-1,4.725952148E-1,-8.749389648E-2
2.358434937E1,2.521667480E-1,2.062683105E-1,-4.369049072E-1
2.368456910E1,-1.920471191E-1,-5.990600586E-1,-7.598876953E-3
2.378481934E1,-4.824829102E-2,-2.496643066E-1,-5.661010742E-2
2.388503907E1,-5.996704102E-2,-9.732055664E-2,-6.086730957E-2
2.398522828E1,-1.569061279E-1,9.548950195E-2,-2.462310791E-1
2.408541749E1,-1.164245605E-1,-1.047821045E-1,-9.069824219E-2
2.418566773E1,2.632141113E-2,-2.169799805E-2,-1.876373291E-1
2.428588746E1,1.062164307E-1,3.713836670E-1,-2.302398682E-1
2.438607667E1,4.055633545E-1,4.129333496E-1,-2.909698486E-1
2.448629639E1,-1.628112793E-2,2.838134766E-2,2.501831055E-1
2.458654664E1,-8.766174316E-2,1.370239258E-1,-1.876373291E-1
2.468673585E1,-1.132202148E-1,5.610046387E-1,-3.165283203E-1
2.478695557E1,-3.971862793E-2,1.140502930E0,-2.696533203E-1
2.488720582E1,-6.315612793E-2,-2.507324219E-1,-5.661010742E-2
2.498739503E1,2.952575684E-2,-7.141113281E-1,-2.464294434E-2
2.508761475E1,-1.057739258E-1,-3.553771973E-2,-2.377014160E-1
2.518783448E1,-6.422424316E-2,1.201232910E0,-7.365417480E-2
2.528805420E1,2.845764160E-2,-4.627075195E-1,1.745605469E-1
2.538827393E1,-6.698608398E-3,5.247802734E-1,1.639099121E-1
2.548849366E1,-2.101593018E-1,5.578155518E-1,-7.365417480E-2
2.558871339E1,-2.441406250E-3,-1.530456543E-2,-1.080322266E-2
2.568893311E1,5.020141602E-3,-7.843017578E-3,9.155273438E-4
2.578915284E1,-3.509521484E-3,1.559448242E-2,-4.409790039E-3
2.588937257E1,1.034545898E-2,-1.316833496E-2,-1.931762695E-2
2.598959229E1,-9.887695312E-3,-1.104736328E-2,6.240844727E-3
2.608981202E1,1.460266113E-2,9.201049805E-3,-8.666992188E-3
2.619003174E1,-9.887695312E-3,1.133728027E-2,-3.341674805E-3
2.629028199E1,1.353454590E-2,-6.217956543E-2,-7.598876953E-3
2.639047120E1,-5.630493164E-3,4.115295410E-2,1.983642578E-3
2.649069092E1,1.831054688E-3,1.239013672E-2,-7.598876953E-3
2.659091065E1,1.141357422E-2,-2.595520020E-2,-1.525878906E-4
2.669113038E1,-5.630493164E-3,-1.104736328E-2,8.377075195E-3
2.679135010E1,-7.766723633E-3,7.312011719E-2,7.308959961E-3
2.689156983E1,7.156372070E-3,-1.956176758E-2,-5.477905273E-3
2.699178956E1,2.883911133E-3,-2.488708496E-2,7.308959961E-3
2.709200928E1,6.787109375E-2,-2.517852783E-1,2.861022949E-2
2.719222901E1,1.307220459E-1,-2.062988281E-2,-1.343688965E-1
2.729244874E1,-2.799987793E-2,-4.939270020E-2,-5.767822266E-2
2.739266846E1,1.034545898E-2,1.026916504E-2,4.119873047E-3
2.749288819E1,-8.834838867E-3,1.666259766E-2,6.240844727E-3
2.759307740E1,7.156372070E-3,-3.660583496E-2,3.051757812E-3
2.769332764E1,-2.441406250E-3,4.115295410E-2,-6.546020508E-3
2.779351685E1,2.883911133E-3,-6.774902344E-3,-1.612854004E-2
2.789376710E1,1.831054688E-3,-1.423645020E-2,1.689147949E-2
2.799398682E1,-1.095581055E-2,4.008483887E-2,1.263427734E-2
2.809417603E1,5.020141602E-3,-1.316833496E-2,-4.409790039E-3
2.819442628E1,3.952026367E-3,-1.530456543E-2,1.477050781E-2
2.829461548E1,-4.562377930E-3,3.582763672E-2,9.155273438E-4
2.839483521E1,1.831054688E-3,-2.517700195E-3,-3.341674805E-3
2.849508546E1,-3.509521484E-3,1.026916504E-2,1.795959473E-2
2.859530518E1,3.952026367E-3,5.996704102E-3,-6.546020508E-3
2.869552491E1,1.831054688E-3,-8.911132812E-3,3.051757812E-3
2.879574464E1,-8.834838867E-3,1.345825195E-2,6.240844727E-3
2.889596436E1,7.156372070E-3,9.201049805E-3,-7.598876953E-3
2.899618409E1,5.020141602E-3,-2.488708496E-2,-1.525878906E-4
2.909640382E1,-5.630493164E-3,2.943420410E-2,7.308959961E-3
2.919659302E1,3.952026367E-3,-1.423645020E-2,-1.292419434E-2
2.929684327E1,7.629394531E-4,-7.843017578E-3,7.308959961E-3
2.939703248E1,1.831054688E-3,4.647827148E-2,-6.546020508E-3
2.949725220E1,1.248168945E-2,-4.086303711E-2,-8.666992188E-3
2.959750245E1,-1.202392578E-2,1.133728027E-2,3.051757812E-3
2.969772217E1,2.883911133E-3,1.666259766E-2,-7.598876953E-3
2.979791138E1,1.034545898E-2,-3.128051758E-2,5.172729492E-3
2.989819215E1,1.831054688E-3,4.222106934E-2,-2.273559570E-3
2.999838135E1,5.020141602E-3,-1.742553711E-2,-2.273559570E-3
3.009857056E1,7.629394531E-4,-1.104736328E-2,-1.220703125E-3
3.019879029E1,1.831054688E-3,3.157043457E-2,-8.666992188E-3
3.029901002E1,9.277343750E-3,-4.299926758E-2,-4.409790039E-3
3.039922974E1,-4.562377930E-3,2.517700195E-2,9.155273438E-4
3.049945781E1,7.629394531E-4,9.201049805E-3,-6.546020508E-3
3.059967754E1,1.248168945E-2,-3.981018066E-2,9.155273438E-4
3.069989727E1,-3.051757812E-4,5.287170410E-2,3.051757812E-3
3.080011699E1,1.460266113E-2,-6.323242188E-2,-2.273559570E-3
3.090033672E1,1.831054688E-3,4.222106934E-2,1.983642578E-3
3.100055645E1,1.831054688E-3,-1.316833496E-2,5.172729492E-3
3.110080669E1,3.952026367E-3,1.559448242E-2,-1.080322266E-2
3.120102642E1,-3.509521484E-3,1.739501953E-3,9.445190430E-3
3.130124614E1,8.209228516E-3,-1.449584961E-3,-9.735107422E-3
3.140146587E1,-3.509521484E-3,8.132934570E-3,1.263427734E-2
3.150165508E1,6.088256836E-3,3.157043457E-2,-5.477905273E-3
3.160187481E1,1.992797852E-2,-8.454895020E-2,-1.506042480E-2
3.170209453E1,-1.841735840E-2,8.695983887E-2,6.240844727E-3
3.180231426E1,1.353454590E-2,-6.217956543E-2,-8.666992188E-3
3.190253399E1,-4.562377930E-3,1.345825195E-2,1.049804688E-2
3.200275371E1,7.629394531E-4,3.263854980E-2,-3.341674805E-3
3.210300396E1,1.887512207E-2,-6.323242188E-2,-5.477905273E-3
3.220319317E1,-1.416015625E-2,7.524108887E-2,8.377075195E-3
3.230341289E1,1.034545898E-2,-5.471801758E-2,-1.719665527E-2
3.240363262E1,-1.416015625E-2,7.844543457E-2,2.009582520E-2
3.250385234E1,1.780700684E-2,-7.389831543E-2,-1.399230957E-2
3.260407207E1,-7.766723633E-3,3.263854980E-2,8.377075195E-3
3.270429180E1,5.020141602E-3,1.133728027E-2,-2.273559570E-3
3.280451152E1,1.460266113E-2,-1.210021973E-2,-8.666992188E-3
3.290473125E1,-2.441406250E-3,7.630920410E-2,3.051757812E-3
3.300498150E1,2.313232422E-2,-9.094238281E-2,-2.273559570E-3
3.310520122E1,-6.698608398E-3,7.737731934E-2,-1.220703125E-3
3.320539043E1,2.099609375E-2,-6.643676758E-2,-7.598876953E-3
3.330561016E1,-6.698608398E-3,4.754638672E-2,9.445190430E-3
3.340582988E1,3.952026367E-3,-8.911132812E-3,-1.292419434E-2
3.350608013E1,7.156372070E-3,-3.234863281E-2,1.983642578E-3
3.360629986E1,-1.373291016E-3,4.861450195E-2,-4.409790039E-3
3.370651958E1,7.629394531E-4,-1.210021973E-2,-5.477905273E-3
3.380670879E1,5.020141602E-3,-3.128051758E-2,1.983642578E-3
3.390695904E1,-5.630493164E-3,2.517700195E-2,1.983642578E-3
3.400717876E1,2.313232422E-2,-2.809143066E-2,3.051757812E-3
3.410739849E1,7.156372070E-3,-2.702331543E-2,-1.220703125E-3
3.420758770E1,6.088256836E-3,1.133728027E-2,1.156616211E-2
3.430780742E1,3.591918945E-2,-3.981018066E-2,-6.546020508E-3
3.440802715E1,1.034545898E-2,2.838134766E-2,-3.341674805E-3
3.450824688E1,8.209228516E-3,3.875732422E-3,8.377075195E-3
3.460846660E1,3.378295898E-2,6.713867188E-4,3.051757812E-3
3.470868633E1,1.992797852E-2,1.666259766E-2,9.445190430E-3
3.480890606E1,3.378295898E-2,8.132934570E-3,-3.341674805E-3
3.490912578E1,2.845764160E-2,-8.911132812E-3,6.240844727E-3
3.500934551E1,5.828857422E-2,-3.814697266E-4,9.445190430E-3
3.510956524E1,8.384704590E-2,-1.210021973E-2,-8.666992188E-3
3.520978496E1,7.745361328E-2,-1.104736328E-2,-4.409790039E-3
3.531000469E1,8.491516113E-2,6.713867188E-4,-1.525878906E-4
3.541022442E1,1.115417480E-1,-3.021240234E-2,-9.735107422E-3
3.551044414E1,1.072845459E-1,4.328918457E-2,3.051757812E-3
3.561066387E1,1.083526611E-1,3.796386719E-2,-2.273559570E-3
3.571088360E1,7.212829590E-2,4.008483887E-2,1.689147949E-2
3.581110332E1,6.040954590E-2,-3.585815430E-3,2.116394043E-2
3.591132305E1,8.065795898E-2,-4.193115234E-2,1.902770996E-2
3.601154277E1,1.104736328E-1,-6.774902344E-3,1.583862305E-2
3.611176250E1,1.520233154E-1,-2.488708496E-2,-3.341674805E-3
3.621201275E1,1.552276611E-1,4.968261719E-2,1.795959473E-2
3.631220196E1,1.594848633E-1,1.133728027E-2,2.754211426E-2
3.641242168E1,1.381835938E-1,3.475952148E-2,4.032897949E-2
3.651264141E1,1.211395264E-1,2.943420410E-2,3.713989258E-2
3.661286113E1,1.317901611E-1,-1.956176758E-2,3.074645996E-2
3.671308086E1,1.360473633E-1,2.731323242E-2,4.246520996E-2
3.681330059E1,1.424407959E-1,2.838134766E-2,4.992675781E-2
3.691352031E1,1.456298828E-1,3.582763672E-2,4.672241211E-2
3.701374004E1,1.275177002E-1,5.180358887E-2,5.525207520E-2
3.711395977E1,1.466979980E-1,4.328918457E-2,4.565429688E-2
3.721421001E1,1.349792480E-1,4.754638672E-2,5.525207520E-2
3.731439922E1,1.552276611E-1,-3.446960449E-2,3.500366211E-2
3.741461895E1,1.616058350E-1,-3.234863281E-2,2.754211426E-2
3.751483867E1,1.754608154E-1,5.075073242E-2,2.967834473E-2
3.761505840E1,1.967620850E-1,4.328918457E-2,4.779052734E-2
3.771527813E1,2.020874023E-1,9.442138672E-2,2.009582520E-2
3.781549785E1,1.893157959E-1,-1.210021973E-2,2.009582520E-2
3.791574810E1,1.594848633E-1,-4.618835449E-2,-1.506042480E-2
3.801596782E1,1.552276611E-1,-3.874206543E-2,2.328491211E-2
3.811618755E1,9.130859375E-2,1.559448242E-2,1.795959473E-2
3.821640728E1,1.248168945E-2,1.008148193E-1,4.458618164E-2
3.831662700E1,2.738952637E-2,5.075073242E-2,1.049804688E-2
3.841681621E1,5.934143066E-2,-3.874206543E-2,-2.145385742E-2
3.851706646E1,1.141357422E-2,1.985168457E-2,-2.359008789E-2
3.861725567E1,1.460266113E-2,-1.175689697E-1,-2.784729004E-2
3.871747539E1,-3.227233887E-2,3.157043457E-2,-2.891540527E-2
3.881769512E1,-4.185485840E-2,-1.484527588E-1,-4.409790039E-3
3.891791484E1,-1.004486084E-1,-3.585815430E-3,-1.506042480E-2
3.901813457E1,-8.445739746E-2,-1.037139893E-1,-5.873107910E-2
3.911838482E1,-6.741333008E-2,-1.637268066E-2,-6.619262695E-2
3.921860454E1,-9.298706055E-2,-3.767395020E-2,-1.612854004E-2
3.931882427E1,-8.659362793E-2,-1.356811523E-1,-5.477905273E-3
3.941901348E1,-1.334686279E-1,6.565856934E-2,1.983642578E-3
3.951923321E1,-1.228179932E-1,-7.708740234E-2,-8.323669434E-2
3.961948345E1,-9.938049316E-2,-9.838867188E-2,-3.849792480E-2
3.971967266E1,-1.419830322E-1,8.589172363E-2,-3.317260742E-2
3.981989238E1,-1.366577148E-1,5.607604980E-2,-6.300354004E-2
3.992011211E1,-1.643524170E-1,4.115295410E-2,-3.849792480E-2
4.002033184E1,-1.579589844E-1,-4.832458496E-2,-2.359008789E-2
4.012058208E1,-1.941833496E-1,7.064819336E-3,-3.424072266E-2
4.022077129E1,-1.675567627E-1,-5.790710449E-2,-4.808044434E-2
4.032102154E1,-1.270751953E-1,-1.239624023E-1,-4.168701172E-2
4.042121074E1,-2.048339844E-1,-9.945678711E-2,1.049804688E-2
4.052145768E1,-1.803436279E-1,2.943420410E-2,-1.292419434E-2
4.062167740E1,-1.419830322E-1,6.565856934E-2,-2.359008789E-2
4.072192765E1,-1.792755127E-1,2.091979980E-2,-5.128479004E-2
4.082214737E1,-1.419830322E-1,-2.315521240E-1,-8.749389648E-2
4.092236710E1,-2.325286865E-1,-7.843017578E-3,-1.399230957E-2
4.102258683E1,-1.515808105E-1,-1.104736328E-2,-1.506042480E-2
4.112277604E1,-1.952514648E-1,-2.488708496E-2,-5.661010742E-2
4.122302628E1,-1.185455322E-1,-1.026611328E-1,-7.151794434E-2
4.132324601E1,-1.430511475E-1,-6.962585449E-2,-3.742980957E-2
4.142343522E1,-1.313323975E-1,7.417297363E-2,-4.409790039E-3
4.152368546E1,-8.340454102E-2,2.198791504E-2,-1.931762695E-2
4.162390519E1,-1.153564453E-1,8.589172363E-2,3.393554688E-2
4.172412491E1,-1.068267822E-1,7.951354980E-2,3.181457520E-2
4.182434464E1,-6.315612793E-2,-3.553771973E-2,5.204772949E-2
4.192456437E1,-3.546142578E-2,-3.660583496E-2,6.269836426E-2
4.202478409E1,-4.718017578E-2,-4.406738281E-2,3.393554688E-2
4.212500382E1,-1.416015625E-2,-6.004333496E-2,8.377075195E-3
4.222522355E1,-4.504394531E-2,1.476898193E-1,2.542114258E-2
4.232544327E1,3.164672852E-2,-5.790710449E-2,-4.489135742E-2
4.242566300E1,2.206420898E-2,-5.790710449E-2,-4.382324219E-2
4.252588272E1,-3.051757812E-4,-1.133117676E-1,-5.767822266E-2
4.262610245E1,9.982299805E-2,-2.283477783E-1,-6.300354004E-2
4.272635270E1,7.156372070E-3,3.875732422E-3,-5.554199219E-2
4.282657242E1,5.722045898E-2,-1.282196045E-1,-8.110046387E-2
4.292676163E1,8.209228516E-3,-1.101074219E-1,-7.044982910E-2
4.302701188E1,-3.546142578E-2,1.082763672E-1,-2.359008789E-2
4.312723160E1,1.567077637E-2,5.500793457E-2,-4.275512695E-2
4.322745133E1,1.248168945E-2,-8.666992188E-2,-2.273559570E-3
4.332764054E1,-4.611206055E-2,6.033325195E-2,7.308959961E-3
4.342786026E1,-4.718017578E-2,5.500793457E-2,1.370239258E-2
4.352807999E1,3.164672852E-2,-1.058502197E-1,-3.530883789E-2
4.362829972E1,-3.971862793E-2,6.884765625E-2,1.049804688E-2
4.372851944E1,-2.481079102E-2,-4.086303711E-2,-2.996826172E-2
4.382873917E1,2.883911133E-3,-5.897521973E-2,-5.873107910E-2
4.392895890E1,-3.227233887E-2,2.807617188E-3,6.240844727E-3
4.402917862E1,7.629394531E-4,-1.814880371E-1,9.155273438E-4
4.412939835E1,-4.824829102E-2,6.672668457E-2,4.353332520E-2
4.422961808E1,-9.831237793E-2,8.589172363E-2,2.648925781E-2
4.432983780E1,-1.345367432E-1,2.307739258E-1,1.049804688E-2
4.443005753E1,-7.168579102E-2,-1.335449219E-1,-9.069824219E-2
4.453027726E1,-8.978271484E-2,-1.090393066E-1,1.983642578E-3
4.463049698E1,-1.377258301E-1,1.146545410E-1,9.678649902E-2
4.473071671E1,-2.112274170E-1,9.228515625E-2,-1.220703125E-3
4.483093644E1,-1.622314453E-1,3.157043457E-2,-2.677917480E-2
4.493115616E1,-1.899261475E-1,-1.165008545E-1,-6.300354004E-2
4.503137589E1,-1.132202148E-1,-3.497924805E-1,-4.275512695E-2
4.513159562E1,-2.953796387E-1,3.937530518E-1,6.483459473E-2
4.523181534E1,-2.783355713E-1,6.033325195E-2,9.445190430E-3
4.533203507E1,-2.250823975E-1,-1.441955566E-1,7.122802734E-2
4.543225480E1,-2.762145996E-1,-8.348083496E-2,-9.735107422E-3
4.553250504E1,-3.060455322E-1,7.098388672E-2,-1.931762695E-2
4.563269425E1,-3.092346191E-1,-9.306335449E-2,-9.281921387E-2
4.573291398E1,-3.337402344E-1,-5.046081543E-2,-7.684326172E-2
4.583313370E1,-3.507843018E-1,-9.626770020E-2,-1.119995117E-1
4.593335343E1,-3.475799561E-1,1.508789062E-1,-1.641998291E-1
4.603357316E1,-2.996520996E-1,-2.488708496E-2,-1.119995117E-1
4.613382340E1,-3.262786865E-1,4.943847656E-3,-6.300354004E-2
4.623401261E1,-3.326721191E-1,4.943847656E-3,-1.066741943E-1
4.633426285E1,-3.252105713E-1,-5.685424805E-2,-9.281921387E-2
4.643445206E1,-3.614349365E-1,8.163452148E-2,-8.216857910E-2
4.653470230E1,-3.688812256E-1,8.132934570E-3,-3.956604004E-2
4.663489151E1,-3.625030518E-1,-8.911132812E-3,-8.856201172E-2
4.673511124E1,-3.603668213E-1,1.345825195E-2,-3.424072266E-2
4.683536149E1,-3.688812256E-1,-3.553771973E-2,-1.183929443E-1
4.693558121E1,-4.157562256E-1,6.033325195E-2,-6.512451172E-2
4.703577042E1,-4.466552734E-1,-1.849365234E-2,-8.644104004E-2
4.713599015E1,-4.232177734E-1,-1.303558350E-1,-7.044982910E-2
4.723620987E1,-4.903259277E-1,9.761047363E-2,-4.275512695E-2
4.733642960E1,-4.626312256E-1,4.542541504E-2,-2.996826172E-2
4.743667984E1,-4.221496582E-1,-7.495117188E-2,-6.086730957E-2
4.753689957E1,-4.264068604E-1,-1.101074219E-1,-6.086730957E-2
4.763711930E1,-4.679565430E-1,7.098388672E-2,-5.128479004E-2
4.773733902E1,-3.656921387E-1,-3.902740479E-1,-8.963012695E-2
4.783755875E1,-4.775390625E-1,1.306457520E-1,-1.492919922E-1
4.793777848E1,-4.722137451E-1,7.205200195E-2,-7.577514648E-2
4.803799820E1,-4.328002930E-1,3.689575195E-2,-4.595947266E-2
4.813824845E1,-4.871368408E-1,7.524108887E-2,-8.644104004E-2
4.823846817E1,-4.530487061E-1,-6.111145020E-2,-1.130676270E-1
4.833865738E1,-4.455871582E-1,-2.595520020E-2,-7.577514648E-2
4.843887711E1,-4.413299561E-1,-2.169799805E-2,-3.636169434E-2
4.853909684E1,-3.784790039E-1,-1.069183350E-1,-8.323669434E-2
4.863931656E1,-4.168243408E-1,-1.037139893E-1,-9.388732910E-2
4.873953629E1,-3.901977539E-1,-9.979248047E-3,-1.719665527E-2
4.883975602E1,-4.509124756E-1,1.551361084E-1,-2.359008789E-2
4.893997574E1,-3.358612061E-1,-9.945678711E-2,-8.430480957E-2
4.904019547E1,-3.582305908E-1,-2.914428711E-2,-9.602355957E-2
4.914041520E1,-3.358612061E-1,-1.346130371E-1,-3.956604004E-2
4.924063492E1,-3.901977539E-1,4.968261719E-2,-1.506042480E-2
4.934085465E1,-3.220214844E-1,5.500793457E-2,-2.038574219E-2
4.944107438E1,-3.124237061E-1,6.033325195E-2,-5.979919434E-2
4.954129410E1,-2.634277344E-1,-2.315521240E-1,3.288269043E-2
4.964154435E1,-3.497161865E-1,-1.260833740E-1,-7.684326172E-2
4.974173355E1,-2.708892822E-1,-2.368774414E-1,-1.205291748E-1
4.984195328E1,-2.975158691E-1,-1.143646240E-1,-3.530883789E-2
4.994217301E1,-2.730102539E-1,3.875732422E-3,-4.382324219E-2
5.004239274E1,-2.314758301E-1,6.565856934E-2,-7.791137695E-2
5.014261246E1,-3.550415039E-1,7.559509277E-1,-8.216857910E-2
5.024283219E1,-3.273468018E-1,2.797698975E-1,1.983642578E-3
5.034305192E1,-1.888580322E-1,3.032073975E-1,-3.636169434E-2
5.044330583E1,-1.728820801E-1,-1.356811523E-1,-8.323669434E-2
5.054349504E1,-9.085083008E-2,2.304077148E-2,-4.382324219E-2
5.064371477E1,-1.888580322E-1,-2.517700195E-3,9.155273438E-4
5.074393450E1,-1.355895996E-1,-1.104736328E-2,-5.021667480E-2
5.084415422E1,-7.380676270E-2,-8.773803711E-2,-4.275512695E-2
5.094440447E1,-1.941833496E-1,2.691192627E-1,-5.340576172E-2
5.104462419E1,8.209228516E-3,-4.328918457E-1,-1.780395508E-1
5.114481340E1,-1.494445801E-1,1.998748779E-1,-1.098632812E-1
5.124506365E1,-1.121673584E-1,8.270263672E-2,2.648925781E-2
5.134528337E1,-1.015014648E-1,-3.981018066E-2,4.779052734E-2
5.144547258E1,-9.191894531E-2,7.064819336E-3,-7.258605957E-2
5.154572283E1,-1.750030518E-1,1.828308105E-1,-8.004760742E-2
5.164594255E1,-1.803436279E-1,5.993499756E-1,-9.388732910E-2
5.174616228E1,-3.039093018E-1,2.126617432E-1,-4.808044434E-2
5.184635149E1,2.206420898E-2,-2.517852783E-1,6.697082520E-2
5.194660173E1,-9.298706055E-2,4.008483887E-2,-5.767822266E-2
5.204682146E1,-5.569458008E-2,-7.601928711E-2,-3.103637695E-2
5.214704119E1,-6.698608398E-3,1.050720215E-1,2.221679688E-2
5.224726091E1,2.393798828E-1,-1.761627197E-1,-7.151794434E-2
5.234748064E1,-5.630493164E-3,6.991577148E-2,9.155273438E-4
5.244770036E1,-3.971862793E-2,7.205200195E-2,5.630493164E-2
5.254792009E1,-5.889892578E-2,1.402282715E-1,-2.891540527E-2
5.264813982E1,-5.630493164E-3,-1.175689697E-1,-3.636169434E-2
5.274839006E1,-3.759765625E-2,-2.488708496E-2,-2.996826172E-2
5.284857927E1,-3.051757812E-4,-1.133117676E-1,-3.341674805E-3
5.294879900E1,-3.013610840E-2,8.483886719E-2,-2.571105957E-2
5.304901872E1,-3.332519531E-2,-2.517700195E-3,-6.512451172E-2
5.314926897E1,-1.628112793E-2,1.050720215E-1,-4.489135742E-2
5.324945818E1,1.567077637E-2,-1.218261719E-1,-4.409790039E-3
5.334967790E1,1.248168945E-2,-5.151367188E-2,-3.530883789E-2
5.344989763E1,1.034545898E-2,-1.175689697E-1,-1.719665527E-2
5.355011736E1,-3.051757812E-4,-8.134460449E-2,-1.525878906E-4
5.365033708E1,-3.051757812E-4,-4.618835449E-2,1.049804688E-2
5.375055681E1,9.277343750E-3,-1.005249023E-1,1.983642578E-3
5.385080705E1,-1.373291016E-3,-8.134460449E-2,1.263427734E-2
5.395099626E1,-6.101989746E-2,1.306457520E-1,2.328491211E-2
5.405121599E1,-1.948547363E-2,7.524108887E-2,1.049804688E-2
5.415143572E1,1.673889160E-2,-1.601715088E-1,-1.080322266E-2
5.425165544E1,1.831054688E-3,-9.732055664E-2,-1.719665527E-2
5.435187517E1,-4.611206055E-2,1.519470215E-1,5.172729492E-3
5.445209490E1,-2.055358887E-2,1.178588867E-1,-1.220703125E-3
5.455231462E1,3.952026367E-3,-5.790710449E-2,-9.735107422E-3
5.465253435E1,6.088256836E-3,-1.015930176E-1,-1.931762695E-2
5.475278459E1,-1.628112793E-2,4.943847656E-3,-1.187133789E-2
5.485300432E1,-3.227233887E-2,9.442138672E-2,7.308959961E-3
5.495319353E1,1.460266113E-2,-1.335449219E-1,5.172729492E-3
5.505344377E1,-1.373291016E-3,-7.389831543E-2,-3.341674805E-3
5.515363298E1,-4.931640625E-2,1.476898193E-1,1.370239258E-2
5.525385271E1,-3.051757812E-4,-1.849365234E-2,-3.341674805E-3
5.535410295E1,2.420043945E-2,-1.559143066E-1,-1.826477051E-2
5.545429216E1,-5.357360840E-2,1.210479736E-1,2.542114258E-2
5.555454241E1,-3.120422363E-2,1.476898193E-1,4.119873047E-3
5.565476213E1,4.336547852E-2,-1.900024414E-1,-1.292419434E-2
5.575498186E1,-4.078674316E-2,1.093292236E-1,-1.220703125E-3
5.585520159E1,-1.309204102E-2,9.442138672E-2,9.155273438E-4
5.595542131E1,3.164672852E-2,-1.335449219E-1,-2.891540527E-2
5.605564104E1,2.525329590E-2,-9.945678711E-2,-2.891540527E-2
5.615586076E1,-4.397583008E-2,1.604614258E-1,5.172729492E-3
5.625608049E1,6.088256836E-3,4.008483887E-2,-7.598876953E-3
5.635630022E1,3.804016113E-2,-1.740264893E-1,-2.145385742E-2
5.645651994E1,-3.509521484E-3,-6.774902344E-3,-1.220703125E-3
5.655673967E1,-9.887695312E-3,9.655761719E-2,4.119873047E-3
5.665695940E1,2.420043945E-2,-1.175689697E-1,-1.931762695E-2
5.675717913E1,2.883911133E-3,-1.015930176E-1,-8.666992188E-3
5.685739885E1,-3.546142578E-2,1.945495605E-1,2.648925781E-2
5.695764910E1,1.673889160E-2,-8.134460449E-2,-1.826477051E-2
5.705783830E1,8.209228516E-3,-6.217956543E-2,-1.220703125E-3
5.715805803E1,-2.481079102E-2,7.844543457E-2,-1.399230957E-2
5.725827776E1,-6.698608398E-3,3.875732422E-3,-2.677917480E-2
5.735849748E1,1.992797852E-2,-9.306335449E-2,-2.252197266E-2
5.745871721E1,-2.441406250E-3,4.968261719E-2,9.445190430E-3
5.755893694E1,1.353454590E-2,5.287170410E-2,1.583862305E-2
5.765915666E1,2.313232422E-2,-8.241271973E-2,1.795959473E-2
5.775937639E1,-3.227233887E-2,2.304077148E-2,1.156616211E-2
5.785959612E1,1.780700684E-2,-1.423645020E-2,2.221679688E-2
5.795981584E1,-3.509521484E-3,4.008483887E-2,1.263427734E-2
5.806006609E1,1.248168945E-2,-5.471801758E-2,-1.525878906E-4
5.816028581E1,1.887512207E-2,-5.364990234E-2,8.377075195E-3
5.826047502E1,1.673889160E-2,-1.047821045E-1,-1.220703125E-3
5.836069475E1,1.248168945E-2,-3.814697266E-4,-1.220703125E-3
5.846091448E1,-1.628112793E-2,8.589172363E-2,-3.103637695E-2
5.856116472E1,3.952026367E-3,4.222106934E-2,3.607177734E-2
5.866138445E1,-3.120422363E-2,-4.939270020E-2,3.926086426E-2
5.876160417E1,6.088256836E-3,-8.666992188E-2,-6.546020508E-3
5.886182390E1,7.156372070E-3,9.121704102E-2,9.155273438E-4
5.896204363E1,-4.718017578E-2,1.316986084E-1,1.902770996E-2
5.906226335E1,3.164672852E-2,2.410888672E-2,-7.598876953E-3
5.916248308E1,-1.015014648E-1,2.424926758E-1,-6.405639648E-2
5.926270281E1,3.271484375E-2,-9.626770020E-2,1.049804688E-2
5.936292253E1,1.673889160E-2,-1.058502197E-1,-2.891540527E-2
5.946314226E1,-2.055358887E-2,6.246948242E-2,-2.273559570E-3
5.956336199E1,7.426452637E-2,-8.987426758E-2,-1.220703125E-3
5.966358171E1,-1.628112793E-2,1.359710693E-1,-1.080322266E-2
5.976380144E1,8.810424805E-2,-3.178405762E-1,3.288269043E-2
5.986402117E1,-4.611206055E-2,2.478179932E-1,2.116394043E-2
5.996424089E1,5.401611328E-2,-1.239624023E-1,-5.661010742E-2
6.006449114E1,-2.267456055E-2,2.520751953E-1,-3.317260742E-2
6.016468035E1,2.952575684E-2,-8.134460449E-2,-1.399230957E-2
6.026490007E1,9.449768066E-2,-3.767395020E-2,-3.849792480E-2
6.036511980E1,4.124450684E-2,1.771545410E-2,-6.512451172E-2
6.046533824E1,9.770202637E-2,-2.038574219E-1,4.565429688E-2
6.056555796E1,1.673889160E-2,4.086761475E-1,1.212921143E-1
6.066577769E1,7.426452637E-2,1.050720215E-1,1.689147949E-2
6.076599742E1,2.420043945E-2,-2.475280762E-1,5.737304688E-2
6.086624766E1,1.296539307E-1,-8.773803711E-2,5.172729492E-3
6.096646738E1,1.179351807E-1,-1.484527588E-1,-3.530883789E-2
6.106668711E1,4.017639160E-2,7.312011719E-2,4.119873047E-3
6.116687632E1,7.156372070E-3,1.966857910E-1,2.861022949E-2
6.126715708E1,2.632141113E-2,8.909606934E-2,1.156616211E-2
6.136734629E1,7.852172852E-2,-4.193115234E-2,-2.571105957E-2
6.146756602E1,1.353454590E-2,8.695983887E-2,3.181457520E-2
6.156778575E1,4.656982422E-2,-1.687011719E-1,9.571838379E-2
6.166800547E1,8.209228516E-3,2.584686279E-1,1.263427734E-2
6.176822520E1,7.212829590E-2,-9.732055664E-2,-3.849792480E-2
6.186844493E1,-5.630493164E-3,1.316986084E-1,4.992675781E-2
6.196866465E1,-5.464172363E-2,2.904357910E-1,9.678649902E-2
6.206888438E1,9.277343750E-3,2.052154541E-1,5.737304688E-2
6.216910410E1,7.533264160E-2,-2.762908936E-1,6.240844727E-3
6.226932383E1,-1.734924316E-2,-6.750488281E-2,-1.080322266E-2
6.236954356E1,-2.587890625E-2,1.263732910E-1,9.445190430E-3
6.246976328E1,2.632141113E-2,-6.536865234E-2,9.678649902E-2
6.256998301E1,1.673889160E-2,-1.530456543E-2,3.288269043E-2
6.267020274E1,-3.120422363E-2,1.380920410E-1,2.967834473E-2
6.277042246E1,-5.630493164E-3,1.316986084E-1,-4.489135742E-2
6.287067271E1,3.697204590E-2,-3.553771973E-2,-4.914855957E-2
6.297089243E1,7.533264160E-2,-3.220977783E-1,-4.409790039E-3
6.307111216E1,5.020141602E-3,-5.364990234E-2,4.458618164E-2
6.317133189E1,-1.373291016E-3,-2.276611328E-2,4.992675781E-2
6.327158213E1,1.780700684E-2,5.393981934E-2,-3.530883789E-2
6.337177134E1,3.271484375E-2,-1.420745850E-1,-3.103637695E-2
6.347202159E1,-6.208801270E-2,2.041473389E-1,4.458618164E-2
6.357221079E1,7.629394531E-4,-1.665649414E-1,2.648925781E-2
6.367243052E1,6.040954590E-2,-1.346130371E-1,-1.719665527E-2
6.377268076E1,-5.464172363E-2,2.211914062E-1,3.926086426E-2
6.387290049E1,-8.872985840E-2,3.500823975E-1,5.630493164E-2
6.397308970E1,-1.095581055E-2,1.125335693E-1,1.583862305E-2
6.407330943E1,8.209228516E-3,-1.495208740E-1,-1.506042480E-2
6.417352915E1,-9.887695312E-3,1.743164062E-1,-6.405639648E-2
6.427374888E1,-1.025695801E-1,5.556793213E-1,-2.038574219E-2
6.437396861E1,-4.292297363E-2,1.018829346E-1,3.607177734E-2
6.447418833E1,-1.734924316E-2,6.565856934E-2,6.802368164E-2
6.457440806E1,3.164672852E-2,-1.665649414E-1,6.240844727E-3
6.467462779E1,3.485107422E-2,-2.219696045E-1,-1.931762695E-2
6.477484751E1,-5.630493164E-3,8.270263672E-2,-1.080322266E-2
6.487506724E1,2.632141113E-2,-2.731018066E-1,-1.719665527E-2
6.497528697E1,-6.529235840E-2,1.345825195E-2,4.779052734E-2
6.507550669E1,-4.504394531E-2,-6.643676758E-2,3.713989258E-2
6.517575694E1,2.845764160E-2,-2.006530762E-1,-7.365417480E-2
6.527594614E1,-1.628112793E-2,-3.668365479E-1,-4.275512695E-2
6.537616587E1,-6.315612793E-2,-4.243621826E-1,-2.891540527E-2
6.547638560E1,-1.675567627E-1,2.115936279E-1,4.992675781E-2
6.557660532E1,-1.558380127E-1,1.072082520E-1,-4.409790039E-3
6.567685557E1,-4.397583008E-2,-4.193115234E-2,1.477050781E-2
6.577707530E1,-8.445739746E-2,-1.228942871E-1,4.119873047E-3
6.587729502E1,-8.872985840E-2,-1.410064697E-1,6.240844727E-3
6.597751475E1,-9.938049316E-2,-1.101074219E-1,-3.317260742E-2
6.607773448E1,-1.505126953E-1,1.444854736E-1,-1.506042480E-2
6.617795420E1,-6.741333008E-2,-6.323242188E-2,5.172729492E-3
6.627820445E1,-1.004486084E-1,7.098388672E-2,4.672241211E-2
6.637839366E1,-9.831237793E-2,1.239013672E-2,-3.636169434E-2
6.647861338E1,-7.701110840E-2,-3.814697266E-4,-2.359008789E-2
6.657883311E1,-8.233642578E-2,1.771545410E-2,-2.038574219E-2
6.667905284E1,-1.398620605E-1,9.974670410E-2,-1.931762695E-2
6.677927256E1,-1.174926758E-1,1.082763672E-1,5.737304688E-2
6.687949229E1,-8.233642578E-2,2.091979980E-2,1.983642578E-3
6.697974253E1,-9.617614746E-2,1.452636719E-2,-5.767822266E-2
6.707993174E1,-6.954956055E-2,-6.430053711E-2,-3.849792480E-2
6.718015147E1,-1.110992432E-1,1.359710693E-1,-3.424072266E-2
6.728037119E1,-1.185455322E-1,1.487426758E-1,-7.151794434E-2
6.738059092E1,-9.085083008E-2,-2.169799805E-2,-5.021667480E-2
6.748081065E1,-8.766174316E-2,-5.151367188E-2,8.377075195E-3
6.758103037E1,-1.164245605E-1,3.050231934E-2,7.229614258E-2
6.768128062E1,-1.089630127E-1,2.198791504E-2,1.983642578E-3
6.778150034E1,-5.464172363E-2,6.246948242E-2,-9.069824219E-2
6.788168955E1,-4.504394531E-2,-1.825408936E-1,-1.088104248E-1
6.798193980E1,-9.191894531E-2,1.146545410E-1,1.263427734E-2
6.808215952E1,-5.464172363E-2,2.943420410E-2,1.583862305E-2
6.818237925E1,-8.445739746E-2,1.093292236E-1,8.081054688E-2
6.828262950E1,-1.206817627E-1,1.345825195E-2,1.042480469E-1
6.838281870E1,-7.701110840E-2,8.909606934E-2,-2.996826172E-2
6.848303843E1,-9.831237793E-2,1.540679932E-1,-3.210449219E-2
6.858325816E1,-7.487487793E-2,5.500793457E-2,1.983642578E-3
6.868347788E1,-6.636047363E-2,9.121704102E-2,3.820800781E-2
6.878369761E1,-5.889892578E-2,-6.536865234E-2,6.483459473E-2
6.888391734E1,-8.233642578E-2,6.779479980E-2,1.159667969E-1
6.898413706E1,-5.783081055E-2,5.393981934E-2,7.867431641E-2
6.908435679E1,-1.202392578E-2,-1.580505371E-1,-2.996826172E-2
6.918457652E1,-6.848144531E-2,2.531433105E-1,3.820800781E-2
6.928479624E1,6.088256836E-3,-2.496643066E-1,-5.128479004E-2
6.938504649E1,-3.759765625E-2,7.630920410E-2,-6.300354004E-2
6.948523570E1,-1.948547363E-2,6.033325195E-2,5.172729492E-3
6.958548594E1,9.277343750E-3,-2.283477783E-1,2.435302734E-2
6.968570567E1,-5.569458008E-2,9.335327148E-2,-4.063415527E-2
6.978592539E1,-2.441406250E-3,-1.314086914E-1,-1.506042480E-2
6.988614512E1,-4.292297363E-2,1.785736084E-1,6.269836426E-2
6.998636485E1,-5.630493164E-3,5.393981934E-2,-1.220703125E-3
7.008658457E1,-5.036926270E-2,2.350311279E-1,1.795959473E-2
7.018680430E1,-4.562377930E-3,-6.536865234E-2,5.172729492E-3
7.028702403E1,4.869079590E-2,-2.581787109E-1,-9.735107422E-3
7.038724375E1,5.020141602E-3,4.435729980E-2,-1.292419434E-2
7.048744716E1,5.020141602E-3,5.075073242E-2,-7.598876953E-3
7.058766688E1,2.206420898E-2,-5.722045898E-3,-5.340576172E-2
7.068788661E1,4.229736328E-2,-1.090393066E-1,-2.464294434E-2
7.078810634E1,5.020141602E-3,-1.849365234E-2,2.861022949E-2
7.088832606E1,2.883911133E-3,1.263732910E-1,3.500366211E-2
7.098854579E1,1.673889160E-2,6.565856934E-2,5.172729492E-3
7.108876552E1,-9.887695312E-3,1.732482910E-1,5.418395996E-2
7.118898524E1,2.099609375E-2,-1.210021973E-2,5.950927734E-2
7.128923548E1,4.229736328E-2,-6.750488281E-2,1.583862305E-2
7.138945521E1,3.164672852E-2,-5.046081543E-2,-2.145385742E-2
7.148967494E1,7.106018066E-2,-1.527252197E-1,-4.595947266E-2
7.158989466E1,-5.630493164E-3,3.875732422E-3,-7.598876953E-3
7.169011439E1,-6.315612793E-2,4.542541504E-2,7.308959961E-3
7.179033412E1,-1.206817627E-1,-3.446960449E-2,-2.038574219E-2
7.189055384E1,-1.846008301E-1,7.951354980E-2,-6.300354004E-2
7.199077357E1,-1.984405518E-1,2.624511719E-2,-4.808044434E-2
7.209099330E1,-2.474517822E-1,3.796386719E-2,-3.210449219E-2
7.219121302E1,-3.103027344E-1,1.860351562E-1,-2.784729004E-2
7.229143275E1,-3.305358887E-1,5.500793457E-2,-6.300354004E-2
7.239165248E1,-3.699493408E-1,-2.517700195E-3,-7.791137695E-2
7.249190272E1,-4.253540039E-1,-2.517700195E-3,-6.300354004E-2
7.259209193E1,-4.487762451E-1,-2.276611328E-2,-6.086730957E-2
7.269231166E1,-4.732818604E-1,-5.471801758E-2,-6.726074219E-2
7.279256190E1,-4.988555908E-1,-1.956176758E-2,-7.365417480E-2
7.289275111E1,-5.190887451E-1,-8.880615234E-2,-1.141357422E-1
7.299300135E1,-5.414581299E-1,-6.004333496E-2,-9.921264648E-2
7.309322108E1,-5.254821777E-1,-1.260833740E-1,-9.281921387E-2
7.319344081E1,-5.382690430E-1,-1.101074219E-1,-7.577514648E-2
7.329366053E1,-5.819396973E-1,-1.079864502E-1,-6.939697266E-2
7.339388026E1,-5.936584473E-1,-3.021240234E-2,-8.110046387E-2
7.349413050E1,-5.968475342E-1,2.807617188E-3,-3.424072266E-2
7.359431971E1,-5.766143799E-1,1.050720215E-1,-7.472229004E-2
7.369453944E1,-5.840759277E-1,9.201049805E-3,-9.602355957E-2
7.379475917E1,-5.883331299E-1,6.884765625E-2,-1.024169922E-1
7.389497889E1,-5.819396973E-1,1.199798584E-1,-8.004760742E-2
7.399519862E1,-5.585021973E-1,1.530151367E-1,-8.749389648E-2
7.409544886E1,-5.340118408E-1,9.016418457E-2,-9.815979004E-2
7.419563807E1,-5.478515625E-1,3.582763672E-2,-9.602355957E-2
7.429585780E1,-5.883331299E-1,1.434173584E-1,-6.939697266E-2
7.439610804E1,-4.700927734E-1,-6.750488281E-2,-1.002807617E-1
7.449632777E1,-4.850006104E-1,-7.815551758E-2,-8.004760742E-2
7.459651698E1,-4.519805908E-1,-1.612396240E-1,-7.151794434E-2
7.469676722E1,-4.232177734E-1,-2.145080566E-1,-8.749389648E-2
7.479698695E1,-4.040374756E-1,-1.569824219E-1,-6.939697266E-2
7.489720668E1,-4.168243408E-1,4.115295410E-2,-1.719665527E-2
7.499742640E1,-4.285430908E-1,1.136016846E-1,-1.931762695E-2
7.509764613E1,-3.848724365E-1,9.867858887E-2,-4.382324219E-2
7.519786586E1,-3.411865234E-1,1.008148193E-1,-3.742980957E-2
7.529808558E1,-3.369293213E-1,4.647827148E-2,-6.619262695E-2
7.539830531E1,-3.198852539E-1,7.951354980E-2,-4.382324219E-2
7.549852504E1,-2.591705322E-1,-6.643676758E-2,-4.063415527E-2
7.559877528E1,-2.250823975E-1,-1.431274414E-1,-5.873107910E-2
7.569899501E1,-2.623596191E-1,1.402282715E-1,-2.359008789E-2
7.579921473E1,-1.803436279E-1,6.565856934E-2,-3.849792480E-2
7.589943446E1,-8.552551270E-2,-2.283477783E-1,-5.128479004E-2
7.599962367E1,-1.313323975E-1,3.263854980E-2,-8.666992188E-3
7.609987391E1,-9.405517578E-2,1.423645020E-1,-2.273559570E-3
7.620012416E1,-2.374267578E-2,-1.292877197E-1,-3.210449219E-2
7.630034388E1,-2.267456055E-2,-6.323242188E-2,-1.931762695E-2
7.640053309E1,-4.611206055E-2,1.775054932E-1,1.689147949E-2
7.650075282E1,8.209228516E-3,-3.341674805E-2,-1.525878906E-4
7.660097255E1,1.992797852E-2,-5.471801758E-2,7.308959961E-3
7.670119227E1,-9.887695312E-3,7.417297363E-2,9.445190430E-3
7.680141200E1,2.206420898E-2,-6.750488281E-2,4.119873047E-3
7.690163173E1,1.673889160E-2,-7.495117188E-2,-5.477905273E-3
7.700185145E1,-7.766723633E-3,7.312011719E-2,-1.292419434E-2
7.710207118E1,2.738952637E-2,-7.495117188E-2,-1.187133789E-2
7.720229090E1,-3.051757812E-4,4.754638672E-2,1.049804688E-2
7.730254115E1,6.088256836E-3,3.875732422E-3,-1.506042480E-2
7.740276088E1,1.887512207E-2,-7.283020020E-2,-1.525878906E-4
7.750298060E1,-2.441406250E-3,3.903198242E-2,1.049804688E-2
7.760320033E1,5.020141602E-3,-5.722045898E-3,-7.598876953E-3
7.770342006E1,2.099609375E-2,-5.364990234E-2,-7.598876953E-3
7.780363978E1,-9.887695312E-3,4.115295410E-2,-2.273559570E-3
7.790385951E1,-1.948547363E-2,4.222106934E-2,1.689147949E-2
7.800407924E1,8.209228516E-3,3.263854980E-2,-1.292419434E-2
7.810429896E1,1.034545898E-2,1.559448242E-2,-1.931762695E-2
7.820451869E1,-4.562377930E-3,3.582763672E-2,-1.931762695E-2
7.830473842E1,-1.416015625E-2,2.943420410E-2,-1.080322266E-2
7.840495814E1,-2.799987793E-2,3.157043457E-2,-1.292419434E-2
7.850517787E1,-6.636047363E-2,1.559448242E-2,-3.341674805E-3
7.860542811E1,-1.036376953E-1,1.133728027E-2,5.172729492E-3
7.870564784E1,-1.249389648E-1,-2.276611328E-2,-5.477905273E-3
7.880586756E1,-1.355895996E-1,-4.193115234E-2,-7.598876953E-3
7.890608729E1,-1.377258301E-1,-3.660583496E-2,-1.931762695E-2
7.900633754E1,-1.451873779E-1,-6.323242188E-2,-2.891540527E-2
7.910652674E1,-1.654205322E-1,-2.595520020E-2,-2.464294434E-2
7.920674647E1,-1.632995605E-1,-2.381896973E-2,-3.424072266E-2
7.930696620E1,-1.792755127E-1,2.624511719E-2,-3.742980957E-2
7.940718593E1,-1.803436279E-1,-3.814697266E-4,-3.636169434E-2
7.950740565E1,-1.877899170E-1,-2.169799805E-2,-3.636169434E-2
7.960765590E1,-2.037658691E-1,-8.911132812E-3,-4.409790039E-3
7.970787562E1,-2.027130127E-1,1.559448242E-2,-1.187133789E-2
7.980809535E1,-1.984405518E-1,3.582763672E-2,-2.784729004E-2
7.990834559E1,-2.122955322E-1,4.943847656E-3,-2.996826172E-2
8.000853480E1,-2.059020996E-1,2.731323242E-2,-2.784729004E-2
8.010875453E1,-2.059020996E-1,8.132934570E-3,-6.546020508E-3
8.020897426E1,-1.952514648E-1,-1.423645020E-2,-1.826477051E-2
8.030919398E1,-2.005767822E-1,7.064819336E-3,-1.292419434E-2
8.040941371E1,-2.229461670E-1,3.689575195E-2,-1.080322266E-2
8.050964735E1,-2.069702148E-1,-2.169799805E-2,-2.677917480E-2
8.060986708E1,-1.792755127E-1,-3.981018066E-2,-3.317260742E-2
8.071008680E1,-1.920471191E-1,-5.685424805E-2,-5.554199219E-2
8.081033705E1,-1.963195801E-1,1.666259766E-2,-2.359008789E-2
8.091055677E1,-1.782073975E-1,-1.104736328E-2,-1.826477051E-2
8.101077650E1,-1.664886475E-1,-3.767395020E-2,-4.063415527E-2
8.111099623E1,-1.686248779E-1,3.875732422E-3,-3.103637695E-2
8.121121595E1,-1.494445801E-1,1.239013672E-2,-2.464294434E-2
8.131143568E1,-1.462554932E-1,3.796386719E-2,-9.735107422E-3
8.141165540E1,-1.110992432E-1,5.996704102E-3,-1.719665527E-2
8.151187513E1,-6.954956055E-2,-5.897521973E-2,-2.677917480E-2
8.161209486E1,-8.552551270E-2,4.222106934E-2,-6.546020508E-3
8.171231458E1,-7.487487793E-2,4.115295410E-2,-1.612854004E-2
8.181253431E1,-3.865051270E-2,-5.151367188E-2,-1.612854004E-2
8.191275404E1,-2.587890625E-2,-4.513549805E-2,-1.220703125E-3
8.201297376E1,-1.948547363E-2,-2.276611328E-2,-9.735107422E-3
8.211322401E1,-2.441406250E-3,-1.210021973E-2,-3.341674805E-3
8.221344374E1,7.156372070E-3,-3.553771973E-2,-4.409790039E-3
8.231366346E1,3.952026367E-3,-5.258178711E-2,-3.341674805E-3
8.241388319E1,1.353454590E-2,-7.708740234E-2,-9.735107422E-3
8.251410292E1,1.034545898E-2,-7.495117188E-2,-8.666992188E-3
8.261432264E1,8.209228516E-3,-6.111145020E-2,1.983642578E-3
8.271454237E1,2.883911133E-3,-3.234863281E-2,9.445190430E-3
8.281479261E1,-3.509521484E-3,-2.062988281E-2,1.049804688E-2
8.291498182E1,-1.522827148E-2,4.115295410E-2,1.263427734E-2
8.301520155E1,2.883911133E-3,-4.653930664E-3,-1.220703125E-3
8.311542127E1,-2.441406250E-3,-7.843017578E-3,3.051757812E-3
8.321564100E1,-3.546142578E-2,2.807617188E-3,1.795959473E-2
8.331589124E1,-4.611206055E-2,1.345825195E-2,2.221679688E-2
8.341611097E1,-4.185485840E-2,-1.104736328E-2,5.172729492E-3
8.351633070E1,-5.569458008E-2,9.201049805E-3,1.049804688E-2
8.361655042E1,-7.168579102E-2,-1.956176758E-2,1.049804688E-2
8.371677015E1,-6.848144531E-2,-1.956176758E-2,-1.220703125E-3
8.381698988E1,-5.569458008E-2,-9.979248047E-3,-1.080322266E-2
8.391724012E1,-9.938049316E-2,3.796386719E-2,4.119873047E-3
8.401742933E1,-1.547698975E-1,1.771545410E-2,-1.525878906E-4
8.411764906E1,-1.835327148E-1,2.807617188E-3,-1.220703125E-3
8.421786878E1,-2.037658691E-1,-3.767395020E-2,-1.612854004E-2
8.431811903E1,-2.431945801E-1,-2.517700195E-3,-8.666992188E-3
8.441830824E1,-2.644958496E-1,2.091979980E-2,-1.292419434E-2
8.451855848E1,-2.932586670E-1,5.996704102E-3,-1.506042480E-2
8.461877821E1,-3.060455322E-1,-4.653930664E-3,-3.424072266E-2
8.471899793E1,-3.443908691E-1,3.582763672E-2,-5.128479004E-2
8.481921766E1,-3.656921387E-1,3.689575195E-2,-5.979919434E-2
8.491946790E1,-3.795471191E-1,2.838134766E-2,-4.382324219E-2
8.501965711E1,-4.317321777E-1,4.008483887E-2,-6.405639648E-2
8.511987684E1,-4.253540039E-1,-9.519958496E-2,-7.577514648E-2
8.522012708E1,-4.466552734E-1,-2.169799805E-2,-8.323669434E-2
8.532037733E1,-4.168243408E-1,-6.643676758E-2,-6.832885742E-2
8.542059706E1,-4.104309082E-1,-1.239624023E-1,-8.323669434E-2
8.552081678E1,-3.688812256E-1,-9.413146973E-2,-7.044982910E-2
8.562103651E1,-3.774108887E-1,5.393981934E-2,-7.684326172E-2
8.572122572E1,-3.539733887E-1,4.008483887E-2,-7.365417480E-2
8.582144544E1,-3.507843018E-1,5.996704102E-3,-6.726074219E-2
8.592169569E1,-3.411865234E-1,-1.530456543E-2,-2.571105957E-2
8.602188490E1,-2.889862061E-1,-1.186370850E-1,-7.258605957E-2
8.612210462E1,-2.634277344E-1,6.713867188E-4,-5.554199219E-2
8.622232435E1,-2.730102539E-1,9.121704102E-2,-2.252197266E-2
8.632254408E1,-2.453155518E-1,-2.702331543E-2,6.240844727E-3
8.642279432E1,-2.368011475E-1,3.875732422E-3,9.445190430E-3
8.652298353E1,-1.494445801E-1,3.582763672E-2,-4.063415527E-2
8.662320326E1,-9.085083008E-2,2.731323242E-2,-1.612854004E-2
8.672342298E1,-3.120422363E-2,-3.341674805E-2,-2.891540527E-2
8.682367323E1,-4.931640625E-2,-7.601928711E-2,-2.359008789E-2
8.692389295E1,-1.522827148E-2,1.239013672E-2,-1.931762695E-2
8.702411268E1,3.910827637E-2,-1.104736328E-2,1.689147949E-2
8.712433241E1,4.550170898E-2,5.607604980E-2,3.288269043E-2
8.722455213E1,8.277893066E-2,-3.981018066E-2,4.032897949E-2
8.732477186E1,8.384704590E-2,-9.519958496E-2,2.009582520E-2
8.742499159E1,4.762268066E-2,6.033325195E-2,1.689147949E-2
8.752524183E1,4.656982422E-2,5.393981934E-2,3.051757812E-3
8.762543104E1,7.319641113E-2,-4.086303711E-2,-6.546020508E-3
8.772568128E1,1.190032959E-1,-1.069183350E-1,-5.021667480E-2
8.782590101E1,9.130859375E-2,-1.058502197E-1,-2.273559570E-3
8.792612074E1,9.449768066E-2,-8.773803711E-2,-1.826477051E-2
8.802637098E1,6.466674805E-2,1.072082520E-1,-3.742980957E-2
8.812656019E1,1.126098633E-1,2.304077148E-2,-7.684326172E-2
8.822677992E1,8.917236328E-2,8.377075195E-2,-2.784729004E-2
8.832699964E1,1.040954590E-1,-1.005249023E-1,3.607177734E-2
8.842721937E1,5.401611328E-2,-1.742553711E-2,6.909179688E-2
8.852743910E1,2.845764160E-2,2.052154541E-1,5.844116211E-2
8.862768934E1,4.336547852E-2,1.764526367E-1,1.063842773E-1
8.872790907E1,7.533264160E-2,5.819702148E-2,6.909179688E-2
8.882812879E1,6.787109375E-2,-7.708740234E-2,9.445190430E-3
8.892834852E1,6.147766113E-2,-8.241271973E-2,1.156616211E-2
8.902856825E1,3.057861328E-2,9.442138672E-2,2.967834473E-2
8.912878797E1,1.567077637E-2,2.435607910E-1,4.992675781E-2
8.922900770E1,6.147766113E-2,5.287170410E-2,1.583862305E-2
8.932922743E1,3.485107422E-2,1.519470215E-1,1.319427490E-1
8.942947767E1,5.020141602E-3,1.263732910E-1,1.809539795E-1
8.952972792E1,3.910827637E-2,4.008483887E-2,1.617736816E-1
8.962994764E1,1.460266113E-2,1.711120605E-1,8.081054688E-2
8.973016737E1,1.040954590E-1,-9.306335449E-2,-6.300354004E-2
8.983035658E1,9.237670898E-2,-8.241271973E-2,-6.619262695E-2
8.993057630E1,1.307220459E-1,-3.018646240E-1,-1.931762695E-2
9.003079603E1,5.401611328E-2,2.158660889E-1,2.116394043E-2
9.013101576E1,1.317901611E-1,-1.654968262E-1,-5.767822266E-2
9.023123548E1,1.243286133E-1,3.263854980E-2,3.713989258E-2
9.033145521E1,1.807861328E-1,-8.348083496E-2,6.240844727E-3
9.043169312E1,1.221923828E-1,7.064819336E-3,2.861022949E-2
9.053194336E1,4.975891113E-2,2.158660889E-1,4.458618164E-2
9.063216309E1,2.521667480E-1,-3.615112305E-1,1.049804688E-2
9.073238282E1,1.072845459E-1,-1.316833496E-2,-4.701232910E-2
9.083260254E1,1.520233154E-1,-8.348083496E-2,-3.424072266E-2
9.093282227E1,9.449768066E-2,3.149261475E-1,-2.677917480E-2
9.103304200E1,3.022308350E-1,-4.850769043E-1,-5.873107910E-2
9.113329224E1,2.148742676E-1,-3.767395020E-2,3.288269043E-2
9.123351197E1,2.244567871E-1,-1.197052002E-1,9.359741211E-2
9.133370118E1,2.372436523E-1,1.221160889E-1,1.788177490E-1
9.143392090E1,2.542877197E-1,-3.988037109E-1,4.458618164E-2
9.153414063E1,2.095489502E-1,-1.676330566E-1,1.583862305E-2
9.163439087E1,1.765289307E-1,2.052154541E-1,1.031799316E-1
9.173461060E1,1.509552002E-1,-1.665649414E-1,-1.663360596E-1
9.183483033E1,-1.628112793E-2,2.787170410E-1,1.702880859E-1
9.193505005E1,7.533264160E-2,-5.578613281E-2,1.063842773E-1
9.203526978E1,-1.628112793E-2,1.402282715E-1,5.097961426E-2
9.213548951E1,1.679992676E-1,-5.894775391E-1,-8.749389648E-2
9.223570923E1,1.831054688E-3,1.231842041E-1,-3.636169434E-2
9.233592896E1,3.485107422E-2,-8.987426758E-2,-6.405639648E-2
9.243617920E1,2.099609375E-2,2.030792236E-1,5.204772949E-2
9.253636841E1,-9.298706055E-2,1.732482910E-1,2.648925781E-2
9.263661866E1,-1.675567627E-1,3.157043457E-2,-5.661010742E-2
9.273683838E1,-1.068267822E-1,2.595367432E-1,-1.292419434E-2
9.283705811E1,-5.783081055E-2,-2.017211914E-1,1.117095947E-1
9.293727784E1,-1.398620605E-1,5.407714844E-1,2.160949707E-1
9.303749756E1,1.104736328E-1,-4.350128174E-1,-1.220703125E-3
9.313771729E1,-1.057739258E-1,2.382354736E-1,1.156616211E-2
9.323796753E1,4.229736328E-2,-2.986602783E-1,-1.077423096E-1
9.333815674E1,-1.948547363E-2,1.114654541E-1,-7.044982910E-2
9.343837647E1,-4.931640625E-2,1.924285889E-1,9.571838379E-2
9.353862671E1,-4.292297363E-2,-8.880615234E-2,1.532440186E-1
9.363884644E1,-6.954956055E-2,-5.151367188E-2,1.170349121E-1
9.373906617E1,3.804016113E-2,-3.508605957E-1,-2.571105957E-2
9.383928589E1,-1.569061279E-1,4.566040039E-1,3.500366211E-2
9.393950562E1,3.591918945E-2,-2.826843262E-1,-7.044982910E-2
9.403972535E1,-2.133636475E-1,4.587402344E-1,5.097961426E-2
9.413994507E1,-1.004486084E-1,-1.431274414E-1,-3.210449219E-2
9.424016480E1,-9.085083008E-2,8.270263672E-2,-3.742980957E-2
9.434038453E1,-2.374267578E-2,-4.467315674E-1,-1.609954834E-1
9.444063477E1,-1.430511475E-1,2.329101562E-1,-1.719665527E-2
9.454085450E1,-1.387939453E-1,1.487426758E-1,1.370239258E-2
9.464110474E1,-2.091064453E-1,1.966857910E-1,-2.891540527E-2
9.474129395E1,-3.332519531E-2,-1.849365234E-2,-1.503448486E-1
9.484151368E1,-1.494445801E-1,1.871032715E-1,1.689147949E-2
9.494173340E1,-1.590270996E-1,1.178588867E-1,-5.477905273E-3
9.504195313E1,-5.036926270E-2,-1.473999023E-1,-1.205291748E-1
9.514217286E1,-8.020019531E-2,-9.732055664E-2,-7.598876953E-3
9.524239258E1,-5.464172363E-2,-2.762908936E-1,-6.546020508E-3
9.534264283E1,-1.899261475E-1,1.026916504E-2,6.590270996E-2
9.544286255E1,-2.272033691E-1,5.823059082E-1,-3.742980957E-2
9.554308228E1,-9.510803223E-2,-6.536865234E-2,-2.464294434E-2
9.564330201E1,-1.430511475E-1,-1.921386719E-1,1.049804688E-2
9.574352173E1,-7.594299316E-2,1.103973389E-1,-1.002807617E-1
9.584374146E1,-1.373291016E-3,-3.860168457E-1,-1.354370117E-1
9.594396119E1,-1.558380127E-1,3.096008301E-1,-7.258605957E-2
9.604418091E1,-1.547698975E-1,-4.832458496E-2,7.308959961E-3
9.614440064E1,-1.373291016E-3,-2.667083740E-1,-1.292419434E-2
9.624465088E1,-2.906799316E-2,-3.284912109E-1,-9.921264648E-2
9.634487061E1,-7.487487793E-2,-2.209014893E-1,-2.359008789E-2
9.644509034E1,-4.824829102E-2,-4.513549805E-2,-1.292419434E-2
9.654531006E1,2.845764160E-2,1.625976562E-1,-1.791076660E-1
9.664552979E1,-7.487487793E-2,2.776489258E-1,-6.619262695E-2
9.674574952E1,-1.522827148E-2,-2.081146240E-1,-6.726074219E-2
9.684596924E1,5.296325684E-2,-1.974639893E-1,-2.464294434E-2
9.694621949E1,-6.315612793E-2,2.286376953E-1,-1.226501465E-1
9.704640870E1,-6.741333008E-2,1.199798584E-1,-4.063415527E-2
9.714665894E1,-5.889892578E-2,3.475952148E-2,-1.525878906E-4
9.724687867E1,-7.273864746E-2,5.287170410E-2,1.983642578E-3
9.734709839E1,-5.464172363E-2,-7.708740234E-2,-4.701232910E-2
9.744731812E1,-9.617614746E-2,-1.104736328E-2,-4.701232910E-2
9.754753785E1,-6.741333008E-2,-2.062988281E-2,-3.210449219E-2
9.764775757E1,-1.132202148E-1,-2.276611328E-2,-5.767822266E-2
9.774797730E1,-1.600952148E-1,-2.517700195E-3,-5.128479004E-2
9.784819703E1,-1.558380127E-1,3.875732422E-3,-2.996826172E-2
9.794844727E1,-1.409149170E-1,-7.069396973E-2,1.583862305E-2
9.804866700E1,-1.462554932E-1,-1.292877197E-1,-1.450195312E-1
9.814888672E1,-2.165527344E-1,1.380920410E-1,-9.709167480E-2
9.824910645E1,-2.005767822E-1,7.524108887E-2,-4.489135742E-2
9.834932618E1,-2.133636475E-1,6.352233887E-2,-3.424072266E-2
9.844954590E1,-1.899261475E-1,-3.359527588E-1,-5.873107910E-2
9.854979615E1,-2.091064453E-1,-2.155761719E-1,-5.235290527E-2
9.864998536E1,-2.783355713E-1,-4.299926758E-2,2.435302734E-2
9.875023560E1,-2.453155518E-1,2.807617188E-3,-3.530883789E-2
9.885045533E1,-2.495727539E-1,-3.660583496E-2,-6.832885742E-2
9.895067505E1,-2.698211670E-1,-1.175689697E-1,-5.767822266E-2
9.905089478E1,-2.975158691E-1,2.517700195E-2,-4.275512695E-2
9.915111451E1,-3.411865234E-1,5.607604980E-2,-5.767822266E-2
9.925133423E1,-3.923187256E-1,8.270263672E-2,-4.168701172E-2
9.935155396E1,-4.668884277E-1,2.190551758E-1,2.116394043E-2
9.945177369E1,-3.955230713E-1,-2.272949219E-1,-1.162567139E-1
9.955202393E1,-4.381256104E-1,-4.406738281E-2,-1.826477051E-2
9.965221314E1,-3.699493408E-1,-2.805480957E-1,-3.849792480E-2
9.975246338E1,-4.349365234E-1,-1.889343262E-1,-4.489135742E-2
9.985268311E1,-5.382690430E-1,1.338348389E-1,-1.311798096E-1
9.995290284E1,-4.487762451E-1,-3.668365479E-1,-1.514129639E-1
1.000531226E2,-4.711608887E-1,-1.101074219E-1,-4.168701172E-2
1.001533423E2,-4.604949951E-1,7.844543457E-2,2.328491211E-2
1.002535620E2,-5.627593994E-1,1.743164062E-1,7.015991211E-2
1.003537817E2,-4.519805908E-1,-1.069183350E-1,6.909179688E-2
1.004540227E2,-4.434509277E-1,2.084045410E-1,6.269836426E-2
1.005542425E2,-4.455871582E-1,-1.423645020E-2,3.288269043E-2
1.006544622E2,-3.859252930E-1,-1.985321045E-1,5.097961426E-2
1.007546819E2,-4.210815430E-1,-3.553771973E-2,5.844116211E-2
1.008549016E2,-3.901977539E-1,3.903198242E-2,3.074645996E-2
1.009551214E2,-3.103027344E-1,-1.441955566E-1,1.689147949E-2
1.010553716E2,-2.772827148E-1,-1.346130371E-1,5.418395996E-2
1.011555913E2,-3.209533691E-1,9.201049805E-3,-4.382324219E-2
1.012558111E2,-2.847290039E-1,-1.601715088E-1,-8.430480957E-2
1.013560308E2,-2.485198975E-1,1.239013672E-2,3.713989258E-2
1.014562505E2,-1.920471191E-1,-1.729583740E-1,-3.103637695E-2
1.015564703E2,-2.474517822E-1,3.370666504E-2,1.795959473E-2
1.016566900E2,-1.547698975E-1,-6.111145020E-2,1.983642578E-3
1.017569097E2,-1.462554932E-1,1.345825195E-2,2.009582520E-2
1.018571600E2,-1.441192627E-1,5.075073242E-2,1.370239258E-2
1.019573492E2,-9.831237793E-2,-3.874206543E-2,-2.145385742E-2
1.020575994E2,-6.101989746E-2,-3.767395020E-2,-3.210449219E-2
1.021578191E2,-3.120422363E-2,-1.956176758E-2,-2.038574219E-2
1.022580389E2,-1.309204102E-2,-6.430053711E-2,-5.477905273E-3
1.023582586E2,7.156372070E-3,-6.855773926E-2,-1.525878906E-4
1.024585088E2,1.353454590E-2,-5.364990234E-2,1.983642578E-3
1.025586980E2,1.353454590E-2,-2.381896973E-2,-1.506042480E-2
1.026589483E2,-3.509521484E-3,1.018829346E-1,2.435302734E-2
1.027591680E2,1.567077637E-2,1.316986084E-1,2.328491211E-2
1.028593877E2,5.828857422E-2,-5.258178711E-2,-2.571105957E-2
1.029596075E2,7.533264160E-2,-1.410064697E-1,-1.826477051E-2
1.030598272E2,2.952575684E-2,5.393981934E-2,6.240844727E-3
1.031600469E2,2.525329590E-2,7.737731934E-2,-1.525878906E-4
1.032602666E2,6.466674805E-2,-1.026611328E-1,-1.826477051E-2
1.033604864E2,1.887512207E-2,6.459045410E-2,1.983642578E-3
1.034607061E2,7.156372070E-3,4.861450195E-2,-2.891540527E-2
1.035609563E2,1.780700684E-2,-1.015930176E-1,-4.382324219E-2
1.036611761E2,-3.652954102E-2,1.327667236E-1,-1.506042480E-2
1.037613958E2,-3.652954102E-2,2.304077148E-2,-1.399230957E-2
1.038616155E2,-5.783081055E-2,-4.725646973E-2,-3.317260742E-2
1.039618352E2,-1.121673584E-1,1.625976562E-1,-6.619262695E-2
1.040620550E2,-8.020019531E-2,9.201049805E-3,-4.914855957E-2
1.041622747E2,-9.831237793E-2,-1.292877197E-1,-5.128479004E-2
1.042625555E2,-1.675567627E-1,1.040039062E-1,-4.275512695E-2
1.043627752E2,-1.579589844E-1,-6.962585449E-2,-1.258544922E-1
1.044629949E2,-1.750030518E-1,-1.282196045E-1,-1.343688965E-1
1.045632146E2,-2.240142822E-1,9.335327148E-2,-6.832885742E-2
1.046634344E2,-2.144317627E-1,-6.323242188E-2,-9.176635742E-2
1.047636541E2,-2.517089844E-1,1.199798584E-1,-1.354370117E-1
1.048638738E2,-2.037658691E-1,-1.303558350E-1,-5.447387695E-2
1.049640630E2,-2.548980713E-1,-1.388702393E-1,-1.088104248E-1
1.050643133E2,-2.591705322E-1,1.668548584E-1,-1.013488770E-1
1.051645330E2,-2.485198975E-1,1.452636719E-2,-2.302398682E-1
1.052647527E2,-2.506408691E-1,3.050231934E-2,-8.430480957E-2
1.053649724E2,-2.996520996E-1,1.338348389E-1,-1.826477051E-2
1.054652227E2,-2.655639648E-1,-2.276611328E-2,-9.176635742E-2
1.055654119E2,-2.857971191E-1,9.655761719E-2,-2.359008789E-2
1.056656316E2,-2.538452148E-1,-8.911132812E-3,-7.365417480E-2
1.057658819E2,-2.794036865E-1,4.435729980E-2,-5.340576172E-2
1.058661016E2,-2.911224365E-1,3.370666504E-2,-4.595947266E-2
1.059663213E2,-2.548980713E-1,-1.687011719E-1,-9.709167480E-2
1.060665411E2,-2.996520996E-1,2.731323242E-2,-5.554199219E-2
1.061667608E2,-2.272033691E-1,-2.496643066E-1,-4.168701172E-2
1.062669805E2,-2.932586670E-1,1.285095215E-1,8.377075195E-3
1.063672002E2,-2.666168213E-1,-4.653930664E-3,-3.636169434E-2
1.064674505E2,-2.368011475E-1,-1.804199219E-1,-6.619262695E-2
1.065676702E2,-2.900543213E-1,1.316986084E-1,-3.849792480E-2
1.066678899E2,-2.240142822E-1,-1.260833740E-1,-6.193542480E-2
1.067681402E2,-2.208099365E-1,-2.276611328E-2,-4.168701172E-2
1.068683294E2,-2.517089844E-1,1.050720215E-1,-2.273559570E-3
1.069685491E2,-2.069702148E-1,-5.046081543E-2,-1.399230957E-2
1.070687994E2,-1.515808105E-1,-1.654968262E-1,-2.891540527E-2
1.071690191E2,-1.824645996E-1,1.306457520E-1,-5.477905273E-3
1.072692388E2,-1.238708496E-1,-4.939270020E-2,-3.424072266E-2
1.073694585E2,-1.238708496E-1,-4.653930664E-3,-1.187133789E-2
1.074696783E2,-1.164245605E-1,1.434173584E-1,9.155273438E-4
1.075698980E2,-5.996704102E-2,-1.356811523E-1,-4.382324219E-2
1.076701177E2,-8.445739746E-2,-2.914428711E-2,-9.735107422E-3
1.077703374E2,-8.552551270E-2,9.974670410E-2,8.377075195E-3
1.078705877E2,-3.865051270E-2,-8.880615234E-2,-7.598876953E-3
1.079708074E2,-7.806396484E-2,9.335327148E-2,1.983642578E-3
1.080710271E2,-5.357360840E-2,9.201049805E-3,-1.080322266E-2
1.081712469E2,-2.374267578E-2,-1.228942871E-1,-6.546020508E-3
1.082714666E2,-6.315612793E-2,1.604614258E-1,1.902770996E-2
1.083716863E2,-2.055358887E-2,-7.601928711E-2,-2.571105957E-2
1.084719060E2,-3.759765625E-2,-3.660583496E-2,-4.409790039E-3
1.085721563E2,-5.357360840E-2,1.242523193E-1,1.795959473E-2
1.086723760E2,3.952026367E-3,-1.239624023E-1,-1.506042480E-2
1.087725957E2,-2.160644531E-2,-4.086303711E-2,5.172729492E-3
1.088728155E2,-2.481079102E-2,-2.062988281E-2,1.477050781E-2
1.089730352E2,-1.628112793E-2,-3.814697266E-4,1.156616211E-2
1.090732549E2,-5.630493164E-3,6.713867188E-4,1.370239258E-2
1.091734746E2,-2.374267578E-2,5.287170410E-2,2.221679688E-2
1.092737249E2,2.883911133E-3,-2.702331543E-2,1.983642578E-3
1.093739446E2,-3.051757812E-4,1.452636719E-2,-4.409790039E-3
1.094741643E2,8.209228516E-3,-9.979248047E-3,-1.525878906E-4
1.095743841E2,-7.766723633E-3,1.559448242E-2,-4.409790039E-3
1.096746038E2,6.088256836E-3,-1.849365234E-2,-3.341674805E-3
1.097748235E2,-1.416015625E-2,1.239013672E-2,-7.598876953E-3
1.098750738E2,-2.481079102E-2,-3.234863281E-2,-1.187133789E-2
1.099752935E2,-5.250549316E-2,1.133728027E-2,-9.735107422E-3
1.100755132E2,-6.315612793E-2,-2.062988281E-2,-1.080322266E-2
1.101757329E2,-6.529235840E-2,-6.323242188E-2,-2.359008789E-2
1.102759527E2,-1.174926758E-1,2.943420410E-2,9.445190430E-3
1.103761724E2,-9.405517578E-2,-5.364990234E-2,-3.742980957E-2
1.104763806E2,-1.142883301E-1,4.435729980E-2,-1.506042480E-2
1.105766004E2,-1.718139648E-1,8.163452148E-2,-4.409790039E-3
1.106768506E2,-1.494445801E-1,1.050720215E-1,-2.145385742E-2
1.107770703E2,-1.270751953E-1,-6.750488281E-2,-4.063415527E-2
1.108772901E2,-1.313323975E-1,-5.790710449E-2,-5.477905273E-3
1.109775403E2,-1.569061279E-1,-1.165008545E-1,-2.252197266E-2
1.110777295E2,-1.419830322E-1,-8.773803711E-2,-5.477905273E-3
1.111779492E2,-1.750030518E-1,1.391601562E-1,9.155273438E-4
1.112781690E2,-1.664886475E-1,5.996704102E-3,-8.666992188E-3
1.113783887E2,-1.430511475E-1,-6.962585449E-2,-2.252197266E-2
1.114786389E2,-1.846008301E-1,2.943420410E-2,1.049804688E-2
1.115788587E2,-1.611633301E-1,2.304077148E-2,-1.292419434E-2
1.116790784E2,-1.515808105E-1,-7.922363281E-2,-4.595947266E-2
1.117792981E2,-1.718139648E-1,-3.021240234E-2,-7.577514648E-2
1.118795179E2,-1.526336670E-1,9.548950195E-2,-9.921264648E-2
1.119797681E2,-8.126831055E-2,-1.548461914E-1,-3.424072266E-2
1.120799878E2,-1.973876953E-1,-3.660583496E-2,-3.636169434E-2
1.121802076E2,-1.632995605E-1,6.246948242E-2,-7.897949219E-2
1.122804273E2,-1.355895996E-1,-7.815551758E-2,-1.109313965E-1
1.123806470E2,-1.920471191E-1,3.475952148E-2,-4.382324219E-2
1.124808667E2,-1.867218018E-1,1.956176758E-1,-3.317260742E-2
1.125810865E2,-1.686248779E-1,9.121704102E-2,-9.921264648E-2
1.126813367E2,-1.952514648E-1,-7.601928711E-2,-6.619262695E-2
1.127815564E2,-1.803436279E-1,6.991577148E-2,2.009582520E-2
1.128817762E2,-1.632995605E-1,8.909606934E-2,-3.530883789E-2
1.129819959E2,-1.292114258E-1,-1.058502197E-1,-8.644104004E-2
1.130822461E2,-1.302642822E-1,2.410888672E-2,-7.684326172E-2
1.131824353E2,-1.334686279E-1,8.483886719E-2,-2.464294434E-2
1.132826856E2,-5.143737793E-2,-9.306335449E-2,-7.472229004E-2
1.133829053E2,-5.996704102E-2,-2.702331543E-2,-4.808044434E-2
1.134831250E2,-6.208801270E-2,1.125335693E-1,5.172729492E-3
1.135833448E2,-6.315612793E-2,6.672668457E-2,-1.612854004E-2
1.136835645E2,-4.824829102E-2,1.133728027E-2,-8.666992188E-3
1.137837842E2,-1.628112793E-2,-4.939270020E-2,2.648925781E-2
1.138840039E2,-2.441406250E-3,-1.410064697E-1,-2.996826172E-2
1.139842237E2,-4.562377930E-3,-9.945678711E-2,-1.080322266E-2
1.140844739E2,-1.095581055E-2,1.739501953E-3,-3.636169434E-2
1.141846631E2,-2.055358887E-2,-6.774902344E-3,-1.525878906E-4
1.142849134E2,-4.931640625E-2,1.466217041E-1,1.370239258E-2
1.143851331E2,-1.734924316E-2,2.838134766E-2,8.377075195E-3
1.144853528E2,2.420043945E-2,-1.079864502E-1,-1.399230957E-2
1.145855725E2,1.141357422E-2,-9.626770020E-2,-1.612854004E-2
1.146857923E2,-2.906799316E-2,9.442138672E-2,6.240844727E-3
1.147860120E2,-1.734924316E-2,5.500793457E-2,-2.273559570E-3
1.148862622E2,3.697204590E-2,-1.250305176E-1,-1.931762695E-2
1.149864820E2,-5.630493164E-3,-3.585815430E-3,9.155273438E-4
1.150867017E2,-2.267456055E-2,1.199798584E-1,1.049804688E-2
1.151869214E2,1.353454590E-2,-1.218261719E-1,-1.399230957E-2
1.152871411E2,1.831054688E-3,-9.306335449E-2,3.820800781E-2
1.153873609E2,-2.906799316E-2,1.295776367E-1,3.820800781E-2
1.154875806E2,3.952026367E-3,-2.702331543E-2,-1.399230957E-2
1.155878308E2,1.460266113E-2,-7.389831543E-2,3.051757812E-3
1.156880200E2,-1.841735840E-2,6.246948242E-2,1.049804688E-2
1.157882703E2,1.353454590E-2,-5.151367188E-2,-2.273559570E-3
1.158884900E2,-1.948547363E-2,2.731323242E-2,3.074645996E-2
1.159887097E2,-1.416015625E-2,8.270263672E-2,3.051757812E-3
1.160889295E2,1.992797852E-2,-1.015930176E-1,-6.546020508E-3
1.161891797E2,-1.309204102E-2,7.844543457E-2,8.377075195E-3
1.162893689E2,-6.698608398E-3,2.807617188E-3,-7.598876953E-3
1.163896192E2,9.277343750E-3,-4.939270020E-2,4.119873047E-3
1.164898389E2,1.460266113E-2,-4.406738281E-2,1.477050781E-2
1.165900586E2,-4.562377930E-3,-2.702331543E-2,-1.525878906E-4
1.166902784E2,9.277343750E-3,-6.323242188E-2,-1.826477051E-2
1.167904981E2,-2.160644531E-2,4.328918457E-2,5.172729492E-3
1.168907178E2,-1.309204102E-2,1.559448242E-2,1.983642578E-3
1.169909680E2,-3.051757812E-4,1.239013672E-2,1.983642578E-3
1.170911878E2,-1.522827148E-2,-2.702331543E-2,4.119873047E-3
1.171914075E2,-3.759765625E-2,4.222106934E-2,-1.187133789E-2
1.172916272E2,-3.227233887E-2,6.033325195E-2,4.119873047E-3
1.173918470E2,-5.357360840E-2,1.466217041E-1,3.393554688E-2
1.174920667E2,-4.718017578E-2,6.672668457E-2,1.689147949E-2
1.175922864E2,-1.416015625E-2,-4.725646973E-2,-3.317260742E-2
1.176925061E2,-9.298706055E-2,5.607604980E-2,-1.292419434E-2
1.177927564E2,-4.611206055E-2,-6.774902344E-3,1.156616211E-2
1.178930066E2,-5.630493164E-3,-1.548461914E-1,-2.677917480E-2
1.179932263E2,-5.996704102E-2,-1.956176758E-2,-3.530883789E-2
1.180934461E2,-3.865051270E-2,1.253204346E-1,-4.489135742E-2
1.181936353E2,8.209228516E-3,-7.389831543E-2,-7.598876953E-3
1.182938550E2,-8.552551270E-2,4.968261719E-2,7.441711426E-2
1.183940747E2,-1.948547363E-2,-1.495208740E-1,6.240844727E-3
1.184942945E2,-6.636047363E-2,-6.774902344E-3,-5.447387695E-2
1.185945447E2,-2.441406250E-3,2.624511719E-2,-2.891540527E-2
1.186947644E2,9.130859375E-2,-4.296875000E-1,3.051757812E-3
1.187949842E2,-7.487487793E-2,4.001464844E-1,1.156616211E-2
1.188952039E2,-1.202392578E-2,4.008483887E-2,-1.098632812E-1
1.189954236E2,-1.522827148E-2,-1.228942871E-1,-2.038574219E-2
1.190956433E2,-1.430511475E-1,1.530151367E-1,4.672241211E-2
1.191958936E2,-5.569458008E-2,3.796386719E-2,3.820800781E-2
1.192961133E2,-5.569458008E-2,4.140014648E-1,1.191558838E-1
1.193963330E2,7.319641113E-2,-3.167724609E-1,-7.258605957E-2
1.194965528E2,-5.996704102E-2,2.201232910E-1,-1.130676270E-1
1.195967725E2,8.598327637E-2,-1.889343262E-1,-7.472229004E-2
1.196970227E2,-6.636047363E-2,7.098388672E-2,4.032897949E-2
1.197972425E2,2.099609375E-2,-2.914428711E-2,-1.546173096E-1
1.198974622E2,-7.766723633E-3,3.404998779E-1,2.523193359E-1
1.199976514E2,1.992797852E-2,-1.687011719E-1,-1.292419434E-2
1.200979016E2,-3.652954102E-2,-7.176208496E-2,5.525207520E-2
1.201981214E2,2.084808350E-1,-9.048004150E-1,-2.568817139E-1
1.202983716E2,-2.687530518E-1,-9.094238281E-2,-4.489135742E-2
1.203985913E2,1.349792480E-1,-3.966674805E-1,4.565429688E-2
1.204987755E2,9.277343750E-3,-6.962585449E-2,-1.931762695E-2
1.205989953E2,3.378295898E-2,-3.981018066E-2,4.139709473E-2
1.206992150E2,6.573486328E-2,-3.103790283E-1,4.565429688E-2
1.207994347E2,2.420043945E-2,-7.283020020E-2,2.542114258E-2
1.208996544E2,6.254577637E-2,-1.623077393E-1,-3.742980957E-2
1.209998742E2,-9.887695312E-3,2.659301758E-1,-4.489135742E-2
1.211000939E2,-2.374267578E-2,1.647338867E-1,9.999084473E-2
1.212003136E2,2.952575684E-2,2.243804932E-1,1.021118164E-1
1.213005334E2,7.533264160E-2,-8.454895020E-2,-3.956604004E-2
1.214007836E2,-1.841735840E-2,-9.838867188E-2,7.122802734E-2
1.215009728E2,5.722045898E-2,3.128051758E-1,5.630493164E-2
1.216012230E2,6.466674805E-2,8.132934570E-3,8.081054688E-2
1.217014428E2,8.491516113E-2,-1.015930176E-1,3.500366211E-2
1.218016625E2,2.845764160E-2,1.572723389E-1,2.221679688E-2
1.219018822E2,7.629394531E-4,-1.250305176E-1,7.015991211E-2
1.220021020E2,1.673889160E-2,4.693908691E-1,3.051757812E-3
1.221023217E2,1.179351807E-1,-2.922668457E-1,3.181457520E-2
1.222025719E2,3.378295898E-2,-7.815551758E-2,-1.034851074E-1
1.223027917E2,1.136779785E-1,2.807617188E-3,1.234283447E-1
1.224030419E2,4.656982422E-2,8.802795410E-2,1.085052490E-1
1.225032311E2,-1.373291016E-3,-1.356811523E-1,-6.086730957E-2
1.226034508E2,-6.101989746E-2,2.158660889E-1,7.441711426E-2
1.227036706E2,2.738952637E-2,-5.046081543E-2,8.506774902E-2
1.228038903E2,9.556579590E-2,-3.167724609E-1,-5.340576172E-2
1.229041100E2,-1.015014648E-1,3.000183105E-1,7.334899902E-2
1.230043603E2,-4.504394531E-2,9.548950195E-2,7.441711426E-2
1.231045800E2,-7.701110840E-2,-1.260833740E-1,-5.128479004E-2
1.232047997E2,-8.340454102E-2,3.689575195E-2,2.542114258E-2
1.233050194E2,-2.186889648E-1,2.286376953E-1,-4.063415527E-2
1.234052697E2,-1.579589844E-1,1.860351562E-1,-8.537292480E-2
1.235054894E2,-2.389221191E-1,1.466217041E-1,9.785461426E-2
1.236057091E2,-2.112274170E-1,-2.251586914E-1,9.892272949E-2
1.237059289E2,-1.590270996E-1,-2.038574219E-1,-3.210449219E-2
1.238061486E2,-1.494445801E-1,-3.341674805E-2,-1.343688965E-1
1.239063683E2,-1.462554932E-1,-3.764190674E-1,-9.921264648E-2
1.240065880E2,-3.550415039E-1,4.757843018E-1,-1.695251465E-1
1.241068078E2,-3.486480713E-1,3.181304932E-1,-1.080322266E-2
1.242070580E2,-1.750030518E-1,-1.793518066E-1,-1.226501465E-1
1.243072472E2,-1.707458496E-1,-1.015930176E-1,-3.530883789E-2
1.244074975E2,-1.462554932E-1,-3.423309326E-1,-1.130676270E-1
1.245077477E2,-2.389221191E-1,9.548950195E-2,1.263427734E-2
1.246079369E2,-1.686248779E-1,4.435729980E-2,-3.341674805E-3
1.247081566E2,-1.473083496E-1,-6.536865234E-2,3.607177734E-2
1.248083764E2,-1.132202148E-1,-7.176208496E-2,8.934020996E-2
1.249086266E2,-9.617614746E-2,-3.446960449E-2,-8.004760742E-2
1.250088463E2,1.248168945E-2,-2.400665283E-1,-1.130676270E-1
1.251090661E2,-9.298706055E-2,3.138580322E-1,-4.595947266E-2
1.252092858E2,1.887512207E-2,-3.295593262E-1,-1.727142334E-1
1.253095360E2,-1.483764648E-1,3.927001953E-1,2.746887207E-1
1.254097252E2,-1.249389648E-1,3.042755127E-1,2.885437012E-1
1.255099755E2,-7.806396484E-2,1.008148193E-1,1.372680664E-1
1.256101647E2,5.020141602E-3,-1.314086914E-1,-1.173248291E-1
1.257104149E2,1.780700684E-2,-3.814697266E-4,-1.194610596E-1
1.258106347E2,1.460266113E-2,-1.250305176E-1,1.795959473E-2
1.259108544E2,-7.766723633E-3,5.180358887E-2,5.311584473E-2
1.260110741E2,-4.185485840E-2,6.140136719E-2,8.506774902E-2
1.261112939E2,-3.051757812E-4,-9.519958496E-2,3.713989258E-2
1.262115136E2,-1.734924316E-2,8.132934570E-3,-5.128479004E-2
1.263117638E2,2.206420898E-2,-9.732055664E-2,-6.832885742E-2
1.264119835E2,-1.095581055E-2,8.270263672E-2,4.119873047E-3
1.265122033E2,8.384704590E-2,-2.251586914E-1,-1.322479248E-1
1.266124230E2,-8.766174316E-2,3.554077148E-1,-1.220703125E-3
1.267126427E2,-3.120422363E-2,1.327667236E-1,1.223602295E-1
1.268128625E2,-1.373291016E-3,-1.175689697E-1,7.122802734E-2
1.269130822E2,-3.546142578E-2,2.201232910E-1,1.370239258E-2
1.270133324E2,-2.374267578E-2,8.589172363E-2,-2.359008789E-2
1.271135522E2,-8.834838867E-3,-1.637268066E-2,-6.832885742E-2
1.272137719E2,-7.061767578E-2,-6.536865234E-2,-4.168701172E-2
1.273139916E2,-1.366577148E-1,-8.666992188E-2,-1.399230957E-2
1.274142113E2,-2.133636475E-1,6.565856934E-2,2.328491211E-2
1.275144311E2,-2.655639648E-1,1.444854736E-1,-2.571105957E-2
1.276146813E2,-2.719421387E-1,7.417297363E-2,-5.235290527E-2
1.277148705E2,-2.570343018E-1,-1.228942871E-1,-7.791137695E-2
1.278151513E2,-2.975158691E-1,-4.086303711E-2,-4.275512695E-2
1.279153710E2,-3.656921387E-1,-4.513549805E-2,-1.220703125E-3
1.280155602E2,-3.422546387E-1,-1.367492676E-1,-6.086730957E-2
1.281157799E2,-3.997802734E-1,2.198791504E-2,-6.832885742E-2
1.282159997E2,-3.955230713E-1,-1.197052002E-1,-8.110046387E-2
1.283162194E2,-4.285430908E-1,-8.911132812E-3,-8.749389648E-2
1.284164696E2,-3.965911865E-1,-1.399383545E-1,-6.726074219E-2
1.285166894E2,-4.008483887E-1,-1.210021973E-2,-4.701232910E-2
1.286169091E2,-3.933868408E-1,1.878356934E-2,-7.151794434E-2
1.287171288E2,-3.816680908E-1,-7.843017578E-3,-7.577514648E-2
1.288173485E2,-3.465118408E-1,-6.430053711E-2,-7.151794434E-2
1.289175988E2,-2.975158691E-1,-8.348083496E-2,-6.300354004E-2
1.290177880E2,-2.730102539E-1,-1.026611328E-1,-4.275512695E-2
1.291180382E2,-2.368011475E-1,-6.855773926E-2,-2.359008789E-2
1.292182580E2,-1.856689453E-1,-4.653930664E-3,-2.359008789E-2
1.293184777E2,-1.771392822E-1,5.607604980E-2,1.983642578E-3
1.294186974E2,-1.217498779E-1,6.246948242E-2,-1.525878906E-4
1.295189171E2,-8.872985840E-2,5.287170410E-2,1.477050781E-2
1.296191369E2,-1.628112793E-2,-1.378021240E-1,-2.252197266E-2
1.297194176E2,-4.078674316E-2,2.410888672E-2,1.370239258E-2
1.298196068E2,-3.013610840E-2,1.157226562E-1,-1.525878906E-4
1.299198266E2,7.852172852E-2,-1.849365234E-2,1.156616211E-2
1.300200463E2,-1.734924316E-2,1.604614258E-1,4.672241211E-2
1.301202660E2,1.780700684E-2,-7.843017578E-3,3.288269043E-2
1.302204857E2,-6.698608398E-3,4.542541504E-2,2.221679688E-2
1.303207055E2,6.088256836E-3,-9.979248047E-3,-1.719665527E-2
1.304209557E2,8.209228516E-3,-3.767395020E-2,-3.341674805E-3
1.305212188E2,8.209228516E-3,-3.021240234E-2,-2.273559570E-3
1.306214386E2,3.952026367E-3,1.452636719E-2,-8.666992188E-3
1.307216583E2,7.156372070E-3,2.198791504E-2,9.445190430E-3
1.308218780E2,8.209228516E-3,-1.637268066E-2,3.051757812E-3
1.309221283E2,4.656982422E-2,-1.207580566E-1,-2.571105957E-2
1.310223785E2,1.034545898E-2,-1.423645020E-2,-1.292419434E-2
1.311225982E2,-4.611206055E-2,5.287170410E-2,1.263427734E-2
1.312228180E2,2.883911133E-3,4.968261719E-2,-3.210449219E-2
1.313230072E2,-2.587890625E-2,4.008483887E-2,-1.931762695E-2
1.314232269E2,-3.227233887E-2,2.624511719E-2,-2.252197266E-2
1.315234466E2,-4.185485840E-2,2.731323242E-2,-1.826477051E-2
1.316236969E2,-5.996704102E-2,-1.104736328E-2,-1.292419434E-2
1.317239166E2,-7.806396484E-2,-2.169799805E-2,-7.598876953E-3
1.318241363E2,-1.047058105E-1,-1.637268066E-2,1.983642578E-3
1.319243560E2,-1.260070801E-1,-1.637268066E-2,3.051757812E-3
1.320245758E2,-1.632995605E-1,-3.021240234E-2,-1.080322266E-2
1.321247955E2,-1.941833496E-1,6.713867188E-4,-2.359008789E-2
1.322250152E2,-2.431945801E-1,-3.341674805E-2,-3.636169434E-2
1.323252350E2,-2.847290039E-1,6.713867188E-4,-3.636169434E-2
1.324254852E2,-2.921905518E-1,-3.553771973E-2,-5.021667480E-2
1.325257049E2,-3.230895996E-1,-4.939270020E-2,-5.128479004E-2
1.326259246E2,-3.358612061E-1,-5.685424805E-2,-3.317260742E-2
1.327261444E2,-3.273468018E-1,4.222106934E-2,-3.341674805E-3
1.328263946E2,-3.145599365E-1,-7.389831543E-2,-9.735107422E-3
1.329266143E2,-3.081665039E-1,-7.843017578E-3,-5.477905273E-3
1.330268341E2,-2.911224365E-1,-1.316833496E-2,-1.719665527E-2
1.331270538E2,-2.751464844E-1,-1.956176758E-2,-5.447387695E-2
1.332273040E2,-2.527770996E-1,-8.027648926E-2,-6.193542480E-2
1.333275238E2,-2.506408691E-1,-8.880615234E-2,-3.103637695E-2
1.334277435E2,-2.304077148E-1,4.647827148E-2,-4.409790039E-3
1.335279937E2,-2.133636475E-1,4.222106934E-2,-1.931762695E-2
1.336282135E2,-2.197570801E-1,-6.430053711E-2,-4.382324219E-2
1.337284332E2,-2.421264648E-1,-8.666992188E-2,-3.742980957E-2
1.338286529E2,-2.197570801E-1,-9.979248047E-3,-1.080322266E-2
1.339288726E2,-2.591705322E-1,-2.595520020E-2,-2.145385742E-2
1.340290924E2,-2.282714844E-1,-5.046081543E-2,-3.103637695E-2
1.341293121E2,-2.495727539E-1,-1.956176758E-2,-4.808044434E-2
1.342295013E2,-2.751464844E-1,1.452636719E-2,-3.210449219E-2
1.343297516E2,-2.346649170E-1,-3.814697266E-4,-3.530883789E-2
1.344299713E2,-2.623596191E-1,-4.299926758E-2,-5.979919434E-2
1.345301910E2,-2.357330322E-1,-7.283020020E-2,-4.595947266E-2
1.346304107E2,-2.644958496E-1,-4.299926758E-2,-3.742980957E-2
1.347306305E2,-2.719421387E-1,-4.653930664E-3,-6.546020508E-3
1.348308807E2,-2.581024170E-1,2.517700195E-2,-2.359008789E-2
1.349311004E2,-2.176208496E-1,2.731323242E-2,-4.063415527E-2
1.350313202E2,-2.186889648E-1,-5.364990234E-2,-1.719665527E-2
1.351315399E2,-2.037658691E-1,5.926513672E-2,-2.273559570E-3
1.352317596E2,-1.856689453E-1,2.304077148E-2,-2.359008789E-2
1.353319793E2,-1.750030518E-1,-4.653930664E-3,-1.826477051E-2
1.354321991E2,-1.441192627E-1,-6.111145020E-2,-1.826477051E-2
1.355324493E2,-1.515808105E-1,9.867858887E-2,-5.477905273E-3
1.356326690E2,-1.206817627E-1,4.435729980E-2,-2.571105957E-2
1.357328888E2,-8.340454102E-2,-1.005249023E-1,-3.530883789E-2
1.358331085E2,-8.766174316E-2,-7.843017578E-3,-1.292419434E-2
1.359333587E2,-8.233642578E-2,-1.104736328E-2,-5.477905273E-3
1.360335785E2,-8.126831055E-2,1.093292236E-1,1.583862305E-2
1.361337982E2,-6.636047363E-2,1.231842041E-1,2.221679688E-2
1.362340179E2,-2.587890625E-2,2.943420410E-2,3.051757812E-3
1.363342376E2,2.099609375E-2,-1.143646240E-1,-1.719665527E-2
1.364344574E2,-9.887695312E-3,5.996704102E-3,4.119873047E-3
1.365346771E2,-4.562377930E-3,1.103973389E-1,-1.525878906E-4
1.366348968E2,2.632141113E-2,-1.026611328E-1,-6.832885742E-2
1.367351471E2,-3.509521484E-3,-1.449584961E-3,-1.399230957E-2
1.368353668E2,2.883911133E-3,-4.653930664E-3,-5.477905273E-3
1.369355865E2,-2.441406250E-3,-2.276611328E-2,6.240844727E-3
1.370358368E2,-1.202392578E-2,-2.169799805E-2,-2.273559570E-3
1.371360260E2,7.629394531E-4,1.878356934E-2,-1.612854004E-2
1.372362762E2,-7.766723633E-3,3.370666504E-2,1.583862305E-2
1.373364959E2,7.156372070E-3,-2.914428711E-2,-1.292419434E-2
1.374367157E2,-3.509521484E-3,8.132934570E-3,-8.666992188E-3
1.375369354E2,-6.698608398E-3,-5.151367188E-2,1.049804688E-2
1.376371551E2,7.156372070E-3,-3.553771973E-2,-5.477905273E-3
1.377373748E2,-1.309204102E-2,4.115295410E-2,7.308959961E-3
1.378375946E2,-5.630493164E-3,-5.722045898E-3,9.445190430E-3
1.379378448E2,-2.160644531E-2,2.943420410E-2,1.902770996E-2
1.380380645E2,-5.630493164E-3,-8.911132812E-3,-1.399230957E-2
1.381382843E2,-3.439331055E-2,-1.316833496E-2,9.155273438E-4
1.382385040E2,-5.630493164E-3,2.198791504E-2,-1.292419434E-2
1.383387237E2,-7.168579102E-2,-2.914428711E-2,-1.719665527E-2
1.384389740E2,-5.676269531E-2,2.304077148E-2,9.445190430E-3
1.385391937E2,-4.824829102E-2,3.689575195E-2,-1.506042480E-2
1.386394134E2,-1.015014648E-1,-2.488708496E-2,-3.424072266E-2
1.387396331E2,-1.185455322E-1,-3.767395020E-2,-1.506042480E-2
1.388398834E2,-1.249389648E-1,-2.276611328E-2,4.119873047E-3
1.389401031E2,-1.579589844E-1,1.771545410E-2,-3.341674805E-3
1.390402923E2,-1.632995605E-1,-4.299926758E-2,-1.292419434E-2
1.391405426E2,-1.909942627E-1,-3.021240234E-2,-2.038574219E-2
1.392407623E2,-2.122955322E-1,-3.021240234E-2,-3.103637695E-2
1.393409820E2,-2.197570801E-1,-3.446960449E-2,-2.252197266E-2
1.394412017E2,-2.495727539E-1,1.878356934E-2,-2.996826172E-2
1.395414215E2,-2.815399170E-1,9.548950195E-2,-3.742980957E-2
1.396416412E2,-2.964477539E-1,-1.218261719E-1,-6.619262695E-2
1.397418914E2,-3.156280518E-1,-4.406738281E-2,-5.128479004E-2
1.398421112E2,-2.762145996E-1,-1.271514893E-1,-8.749389648E-2
1.399423309E2,-3.518371582E-1,-7.176208496E-2,-5.235290527E-2
1.400425506E2,-3.912658691E-1,-2.517700195E-3,-4.489135742E-2
1.401427704E2,-4.040374756E-1,5.180358887E-2,-4.808044434E-2
1.402429901E2,-4.413299561E-1,-1.210021973E-2,-7.258605957E-2
1.403432403E2,-4.200286865E-1,-1.122436523E-1,-7.044982910E-2
1.404434376E2,-4.732818604E-1,-6.962585449E-2,-8.110046387E-2
1.405436573E2,-4.519805908E-1,-2.809143066E-2,-6.939697266E-2
1.406438770E2,-4.466552734E-1,6.672668457E-2,-4.275512695E-2
1.407440968E2,-4.519805908E-1,-1.207580566E-1,-6.619262695E-2
1.408443165E2,-5.190887451E-1,-1.316833496E-2,-7.791137695E-2
1.409445667E2,-4.807434082E-1,6.713867188E-4,-7.684326172E-2
1.410447865E2,-4.487762451E-1,1.739501953E-3,-7.151794434E-2
1.411450062E2,-4.487762451E-1,-8.241271973E-2,-9.388732910E-2
1.412452259E2,-4.562377930E-1,-6.536865234E-2,-7.577514648E-2
1.413454457E2,-4.445190430E-1,-2.381896973E-2,-6.832885742E-2
1.414456654E2,-4.530487061E-1,7.064819336E-3,-5.767822266E-2
1.415459156E2,-4.423980713E-1,-6.962585449E-2,-7.791137695E-2
1.416461353E2,-4.967193604E-1,6.713867188E-4,-7.258605957E-2
1.417463551E2,-4.924621582E-1,8.909606934E-2,-7.577514648E-2
1.418465748E2,-4.786071777E-1,5.500793457E-2,-7.684326172E-2
1.419467945E2,-4.711608887E-1,-7.601928711E-2,-8.323669434E-2
1.420470143E2,-5.063018799E-1,-2.488708496E-2,-9.069824219E-2
1.421472645E2,-4.338684082E-1,-8.454895020E-2,-6.619262695E-2
1.422474842E2,-4.360046387E-1,-2.517700195E-3,-6.832885742E-2
1.423477040E2,-3.561096191E-1,-3.660583496E-2,-7.044982910E-2
1.424479237E2,-3.060455322E-1,-7.708740234E-2,-1.292419434E-2
1.425481434E2,-2.868652344E-1,-4.653930664E-3,5.172729492E-3
1.426483631E2,-2.197570801E-1,-1.104736328E-2,-3.424072266E-2
1.427485829E2,-1.973876953E-1,-3.446960449E-2,-2.891540527E-2
1.428488331E2,-1.622314453E-1,-5.258178711E-2,-1.292419434E-2
1.429490528E2,-1.164245605E-1,-2.169799805E-2,-1.826477051E-2
1.430492726E2,-1.110992432E-1,5.500793457E-2,-1.931762695E-2
1.431494923E2,-8.445739746E-2,4.861450195E-2,-5.477905273E-3
1.432497425E2,-4.611206055E-2,6.246948242E-2,1.689147949E-2
1.433499928E2,-3.051757812E-4,-3.446960449E-2,3.051757812E-3
1.434502125E2,4.229736328E-2,-4.939270020E-2,1.983642578E-3
1.435504322E2,3.485107422E-2,5.500793457E-2,-1.506042480E-2
1.436506519E2,8.598327637E-2,2.807617188E-3,-1.506042480E-2
1.437508717E2,1.158142090E-1,3.050231934E-2,-1.506042480E-2
1.438511219E2,8.491516113E-2,2.410888672E-2,4.885864258E-2
1.439513416E2,1.253967285E-1,1.018829346E-1,5.204772949E-2
1.440515614E2,1.200714111E-1,4.222106934E-2,5.311584473E-2
1.441517506E2,1.765289307E-1,-5.790710449E-2,1.583862305E-2
1.442519703E2,1.221923828E-1,9.201049805E-3,-3.341674805E-3
1.443522206E2,1.530914307E-1,-3.021240234E-2,1.983642578E-3
1.444524098E2,1.371154785E-1,2.091979980E-2,4.565429688E-2
1.445526600E2,1.349792480E-1,7.844543457E-2,6.057739258E-2
1.446528492E2,1.360473633E-1,3.475952148E-2,2.967834473E-2
1.447530995E2,1.797180176E-1,-3.553771973E-2,1.477050781E-2
1.448533192E2,1.584167480E-1,4.968261719E-2,6.163024902E-2
1.449535389E2,1.211395264E-1,2.517700195E-2,9.252929688E-2
1.450537586E2,1.371154785E-1,-5.722045898E-3,2.435302734E-2
1.451540089E2,1.445617676E-1,-4.406738281E-2,-1.826477051E-2
1.452542286E2,1.392364502E-1,7.098388672E-2,-1.187133789E-2
1.453544483E2,1.669464111E-1,-3.234863281E-2,-2.252197266E-2
1.454546681E2,1.573486328E-1,4.861450195E-2,2.221679688E-2
1.455548878E2,1.626739502E-1,-8.348083496E-2,1.117095947E-1
1.456551075E2,1.147460938E-1,1.029357910E-1,1.212921143E-1
1.457553578E2,1.403045654E-1,9.228515625E-2,9.466552734E-2
1.458555775E2,1.477661133E-1,5.075073242E-2,-1.292419434E-2
1.459557972E2,1.413726807E-1,1.316986084E-1,-3.341674805E-3
1.460560169E2,1.562805176E-1,-2.488708496E-2,3.500366211E-2
1.461562672E2,1.669464111E-1,1.878356934E-2,7.308959961E-3
1.462564564E2,1.679992676E-1,-2.507324219E-1,-8.110046387E-2
1.463566761E2,1.062164307E-1,1.295776367E-1,-4.914855957E-2
1.464569569E2,8.491516113E-2,2.254486084E-1,1.902770996E-2
1.465571461E2,1.104736328E-1,6.779479980E-2,-2.571105957E-2
1.466573658E2,8.384704590E-2,5.500793457E-2,1.983642578E-3
1.467575855E2,7.852172852E-2,6.352233887E-2,6.697082520E-2
1.468578358E2,5.615234375E-2,-5.151367188E-2,3.074645996E-2
1.469580555E2,5.189514160E-2,7.098388672E-2,7.867431641E-2
1.470582752E2,8.917236328E-2,-1.154327393E-1,-5.477905273E-3
1.471584950E2,1.040954590E-1,-7.176208496E-2,-3.210449219E-2
1.472587147E2,9.449768066E-2,1.572723389E-1,7.122802734E-2
1.473589344E2,9.237670898E-2,-2.809143066E-2,-2.252197266E-2
1.474591541E2,1.136779785E-1,7.524108887E-2,2.861022949E-2
1.475594044E2,9.342956543E-2,1.796417236E-1,1.583862305E-2
1.476596241E2,8.171081543E-2,3.903198242E-2,7.548522949E-2
1.477598438E2,1.008911133E-1,4.222106934E-2,2.075805664E-1
1.478600636E2,4.869079590E-2,1.775054932E-1,1.181030273E-1
1.479602833E2,1.200714111E-1,-1.324768066E-1,-1.525878906E-4
1.480605335E2,2.255249023E-1,-2.858734131E-1,-9.069824219E-2
1.481607228E2,9.277343750E-3,-1.210021973E-2,-6.832885742E-2
1.482609730E2,-4.611206055E-2,6.352233887E-2,2.864074707E-1
1.483611927E2,-2.160644531E-2,9.335327148E-2,9.146118164E-2
1.484614124E2,8.209228516E-3,5.024108887E-1,2.009582520E-2
1.485616322E2,1.887512207E-2,-3.252868652E-1,2.435302734E-2
1.486618519E2,-1.100311279E-1,4.864349365E-1,-2.359008789E-2
1.487621021E2,-6.636047363E-2,-2.169799805E-2,-9.735107422E-3
1.488623524E2,-8.834838867E-3,8.909606934E-2,-6.546020508E-3
1.489625416E2,-9.510803223E-2,4.587402344E-1,4.246520996E-2
1.490627613E2,1.673889160E-2,4.222106934E-2,-9.921264648E-2
1.491629811E2,2.845764160E-2,-2.603149414E-1,-7.684326172E-2
1.492632008E2,9.770202637E-2,-4.829559326E-1,-5.021667480E-2
1.493634510E2,1.141357422E-2,-3.540496826E-1,1.148986816E-1
1.494636707E2,1.616058350E-1,-6.470031738E-1,-1.279754639E-1
1.495638905E2,-9.085083008E-2,1.732482910E-1,1.902770996E-2
1.496641102E2,-9.298706055E-2,6.217193604E-1,1.127777100E-1
1.497643299E2,-9.405517578E-2,2.169189453E-1,5.418395996E-2
1.498645802E2,-1.196136475E-1,3.138580322E-1,1.031799316E-1
1.499647999E2,1.530914307E-1,-3.519287109E-1,-3.210449219E-2
1.500650196E2,-1.537017822E-1,2.265167236E-1,7.122802734E-2
1.501652394E2,-1.373291016E-3,3.245239258E-1,7.015991211E-2
1.502654591E2,-1.483764648E-1,2.339630127E-1,6.376647949E-2
1.503656788E2,2.313232422E-2,-2.595520020E-2,-1.399230957E-2
1.504659450E2,-2.570343018E-1,-3.553771973E-2,5.630493164E-2
1.505661647E2,1.673889160E-2,6.033325195E-2,1.049804688E-2
1.506663845E2,-1.931152344E-1,-8.376922607E-1,-2.784729004E-2
1.507666042E2,-1.515808105E-1,5.500793457E-2,-1.237182617E-1
1.508668239E2,-3.546142578E-2,1.345825195E-2,-1.396942139E-1
1.509670436E2,-1.355895996E-1,-1.878814697E-1,-2.036132812E-1
1.510672939E2,-1.047058105E-1,9.201049805E-3,9.999084473E-2
1.511675136E2,-1.909942627E-1,-1.324768066E-1,4.353332520E-2
1.512677333E2,-2.634277344E-1,3.010864258E-1,7.334899902E-2
1.513679531E2,-9.085083008E-2,-3.540496826E-1,-4.914855957E-2
1.514681728E2,-9.831237793E-2,-1.154327393E-1,-1.226501465E-1
1.515683925E2,-1.217498779E-1,8.695983887E-2,2.967834473E-2
1.516686428E2,-1.217498779E-1,8.056640625E-2,3.820800781E-2
1.517688625E2,2.845764160E-2,-5.607147217E-1,-3.341674805E-3
1.518690822E2,-2.112274170E-1,3.799133301E-1,1.983642578E-3
1.519693019E2,-7.766723633E-3,-2.453918457E-1,-8.537292480E-2
1.520695217E2,6.787109375E-2,-4.041290283E-1,2.967834473E-2
1.521697414E2,-8.552551270E-2,6.884765625E-2,-1.612854004E-2
1.522699916E2,-1.015014648E-1,9.228515625E-2,-1.088104248E-1
1.523702114E2,-1.416015625E-2,7.524108887E-2,-6.405639648E-2
1.524704311E2,1.248168945E-2,8.377075195E-2,-6.193542480E-2
1.525706508E2,5.189514160E-2,1.739501953E-3,-5.235290527E-2
1.526709011E2,-1.628112793E-2,-1.985321045E-1,-5.128479004E-2
1.527710903E2,2.313232422E-2,3.128051758E-1,-1.428985596E-1
1.528713405E2,6.893920898E-2,-2.453918457E-1,-6.086730957E-2
1.529715602E2,-5.036926270E-2,1.881561279E-1,-4.595947266E-2
1.530717800E2,-6.636047363E-2,6.459045410E-2,1.795959473E-2
1.531719997E2,2.845764160E-2,-2.560577393E-1,-7.791137695E-2
1.532722194E2,-3.439331055E-2,2.410888672E-2,-4.701232910E-2
1.533724391E2,-5.464172363E-2,9.761047363E-2,4.565429688E-2
1.534726894E2,1.887512207E-2,1.583404541E-1,-9.602355957E-2
1.535729091E2,1.051483154E-1,-1.996002197E-1,-1.972198486E-1
1.536731288E2,4.656982422E-2,-1.857452393E-1,-1.333007812E-1
1.537733791E2,7.212829590E-2,-6.203765869E-1,-2.078704834E-1
1.538735988E2,-4.078674316E-2,7.951354980E-2,1.894683838E-1
1.539738185E2,-1.196136475E-1,1.412963867E-1,-3.956604004E-2
1.540740688E2,-3.759765625E-2,-3.874206543E-2,-1.187133789E-2
1.541742885E2,-1.324005127E-1,1.785736084E-1,3.393554688E-2
1.542744777E2,-6.529235840E-2,-1.761627197E-1,-8.666992188E-3
1.543746974E2,-1.025695801E-1,2.198791504E-2,1.795959473E-2
1.544749172E2,-1.355895996E-1,8.377075195E-2,5.172729492E-3
1.545751369E2,-1.334686279E-1,4.115295410E-2,-2.359008789E-2
1.546753871E2,-1.441192627E-1,-1.530456543E-2,-1.187133789E-2
1.547756069E2,-2.368011475E-1,2.410888672E-2,6.376647949E-2
1.548758266E2,-1.718139648E-1,-3.341674805E-2,-3.210449219E-2
1.549760463E2,-1.686248779E-1,-1.250305176E-1,-5.873107910E-2
1.550762661E2,-2.112274170E-1,-9.199523926E-2,6.240844727E-3
1.551765163E2,-2.261505127E-1,-7.311553955E-1,-1.931762695E-2
1.552767360E2,-2.868652344E-1,7.205200195E-2,9.146118164E-2
1.553769557E2,-2.772827148E-1,6.494293213E-1,3.926086426E-2
1.554771755E2,-1.345367432E-1,-8.880615234E-2,4.458618164E-2
1.555773952E2,-3.230895996E-1,-4.882812500E-1,3.790893555E-1
1.556776454E2,-3.177490234E-1,9.655761719E-2,2.480621338E-1
1.557778652E2,-3.060455322E-1,2.606048584E-1,5.250244141E-1
1.558780849E2,-2.527770996E-1,-6.651153564E-1,3.567199707E-1
1.559783046E2,-1.707458496E-1,7.098388672E-2,9.181060791E-1
1.560785244E2,-1.803436279E-1,-6.874847412E-1,1.900283813E0
1.561787746E2,-2.037658691E-1,-4.339447021E-1,1.889633179E0
1.562789943E2,-2.368011475E-1,3.575439453E-1,2.050491333E0
1.563792446E2,-1.625900269E0,-1.341552734E0,1.779907227E0
1.564794643E2,5.610809326E-1,-2.300292969E0,2.386047363E0
1.565796840E2,3.778686523E-1,-1.991363525E0,1.268585205E0
1.566799037E2,-1.565185547E0,-3.476348877E0,9.660491943E-1
1.567801540E2,4.321899414E-1,6.568756104E-1,1.457977295E-1
1.568803432E2,4.907836914E-1,-4.725646973E-2,-6.020202637E-1
1.569805629E2,-1.111373901E0,-1.073104858E0,3.607177734E-2
1.570807827E2,-1.281433105E-1,-2.762908936E-1,-5.359802246E-1
1.571810024E2,-8.173675537E-1,-1.467254639E0,-5.636749268E-1
1.572812221E2,-2.794036865E-1,-5.607147217E-1,-8.662109375E-1
1.573814418E2,-4.487762451E-1,3.735198975E-1,-4.028167725E-1
1.574816616E2,-7.523803711E-1,1.263732910E-1,2.011871338E-1
1.575819118E2,-3.763427734E-1,4.832458496E-1,1.894683838E-1
1.576821315E2,6.787109375E-2,6.142730713E-1,5.311584473E-2
1.577823513E2,-2.799987793E-2,4.193267822E-1,-1.354370117E-1
1.578825710E2,-7.246856689E-1,1.902923584E-1,1.532440186E-1
1.579828212E2,-1.135879517E0,-1.324768066E-1,9.039306641E-2
1.580830410E2,-5.798034668E-1,-6.246337891E-1,-8.430480957E-2
1.581832607E2,-1.159317017E0,-1.050735474E0,-5.128479004E-2
1.582834804E2,-4.078674316E-2,-1.718902588E-1,-6.190643311E-1
1.583837001E2,-3.805999756E-1,4.459533691E-1,-5.128479004E-2
1.584839199E2,-3.509521484E-3,-1.122436523E-1,2.512512207E-1
1.585841396E2,-2.165527344E-1,4.299774170E-1,3.051757812E-3
1.586843898E2,2.532196045E-1,-4.637756348E-1,-2.323760986E-1
1.587846096E2,6.088256836E-3,-2.709655762E-1,-1.993560791E-1
1.588848598E2,7.533264160E-2,3.689575195E-2,3.607177734E-2
1.589850795E2,-5.250549316E-2,-5.905456543E-1,7.974243164E-2
1.590853298E2,3.405761719E-1,-2.145080566E-1,-3.399658203E-1
1.591855190E2,1.232604980E-1,-6.033325195E-1,-3.399658203E-1
1.592857387E2,-1.547698975E-1,3.927001953E-1,-2.398376465E-1
