"Time (s)","Magnetic field x (µT)","Magnetic field y (µT)","Magnetic field z (µT)"
9.307861000E-3,5.386199951E1,1.156463623E1,6.294250488E0
1.100158690E-1,5.386199951E1,1.173553467E1,5.995178223E0
2.107238770E-1,5.476226807E1,1.139526367E1,7.194519043E0
3.132324220E-1,5.446166992E1,1.191558838E1,6.294250488E0
4.133911130E-1,5.446166992E1,1.104431152E1,7.794189453E0
5.135498050E-1,5.416259766E1,1.191558838E1,6.294250488E0
6.137390140E-1,5.296173096E1,1.208496094E1,5.393981934E0
7.142639160E-1,5.446166992E1,1.173553467E1,5.995178223E0
8.149719240E-1,5.416259766E1,1.139526367E1,7.194519043E0
9.157104490E-1,5.476226807E1,1.104431152E1,8.393859863E0
1.016387939E0,5.446166992E1,1.139526367E1,5.995178223E0
1.117095947E0,5.446166992E1,1.122436523E1,8.694458008E0
1.217803955E0,5.386199951E1,1.139526367E1,5.995178223E0
1.319976806E0,5.296173096E1,1.225433350E1,6.294250488E0
1.420135498E0,5.416259766E1,1.122436523E1,6.893920898E0
1.520324707E0,5.386199951E1,1.225433350E1,5.094909668E0
1.620635986E0,5.416259766E1,1.208496094E1,5.393981934E0
1.721343994E0,5.386199951E1,1.173553467E1,7.194519043E0
1.822052002E0,5.506134033E1,1.122436523E1,8.094787598E0
1.922760010E0,5.386199951E1,1.139526367E1,5.995178223E0
2.023468017E0,5.446166992E1,1.156463623E1,6.893920898E0
2.124176025E0,5.386199951E1,1.173553467E1,5.393981934E0
2.226562500E0,5.416259766E1,1.122436523E1,5.694580078E0
2.326721191E0,5.416259766E1,1.191558838E1,6.294250488E0
2.426910400E0,5.536193848E1,1.070556641E1,7.794189453E0
2.527069092E0,5.476226807E1,1.139526367E1,5.393981934E0
2.627716064E0,5.446166992E1,1.139526367E1,5.995178223E0
2.728424072E0,5.356140137E1,1.191558838E1,5.694580078E0
2.829132080E0,5.386199951E1,1.225433350E1,5.694580078E0
2.929840088E0,5.476226807E1,1.139526367E1,6.594848633E0
3.030517578E0,5.416259766E1,1.173553467E1,4.794311523E0
3.131256103E0,5.416259766E1,1.243438721E1,6.594848633E0
3.233306885E0,5.506134033E1,1.173553467E1,7.194519043E0
3.333496094E0,5.416259766E1,1.156463623E1,5.694580078E0
3.433654785E0,5.386199951E1,1.191558838E1,6.294250488E0
3.534088135E0,5.506134033E1,1.104431152E1,7.794189453E0
3.634796142E0,5.386199951E1,1.208496094E1,4.194641113E0
3.735504150E0,5.446166992E1,1.139526367E1,5.995178223E0
3.836242676E0,5.416259766E1,1.139526367E1,7.194519043E0
3.936920166E0,5.386199951E1,1.225433350E1,5.694580078E0
4.037658691E0,5.446166992E1,1.139526367E1,7.194519043E0
4.139862060E0,5.386199951E1,1.173553467E1,5.393981934E0
4.240081787E0,5.446166992E1,1.104431152E1,6.594848633E0
4.340270996E0,5.446166992E1,1.208496094E1,6.594848633E0
4.440460205E0,5.446166992E1,1.139526367E1,7.194519043E0
4.541168213E0,5.416259766E1,1.156463623E1,6.893920898E0
4.641876221E0,5.446166992E1,1.208496094E1,4.794311523E0
4.742584228E0,5.446166992E1,1.139526367E1,5.995178223E0
4.843292236E0,5.386199951E1,1.087493896E1,6.893920898E0
4.944030762E0,5.446166992E1,1.156463623E1,6.893920898E0
5.046478271E0,5.356140137E1,1.156463623E1,6.294250488E0
5.146667480E0,5.506134033E1,1.070556641E1,7.794189453E0
5.246826172E0,5.446166992E1,1.139526367E1,5.995178223E0
5.347015381E0,5.356140137E1,1.156463623E1,7.495117188E0
5.447540283E0,5.416259766E1,1.070556641E1,6.594848633E0
5.548248291E0,5.386199951E1,1.225433350E1,5.694580078E0
5.648956299E0,5.446166992E1,1.156463623E1,8.694458008E0
5.749664306E0,5.386199951E1,1.243438721E1,5.995178223E0
5.850372314E0,5.416259766E1,1.139526367E1,7.194519043E0
5.951080322E0,5.416259766E1,1.173553467E1,5.995178223E0
6.053222656E0,5.386199951E1,1.225433350E1,5.694580078E0
6.153411865E0,5.506134033E1,1.104431152E1,6.594848633E0
6.253601074E0,5.476226807E1,1.104431152E1,5.393981934E0
6.353912353E0,5.506134033E1,1.087493896E1,7.495117188E0
6.454620361E0,5.326232910E1,1.312561035E1,5.995178223E0
6.555328369E0,5.476226807E1,1.052551270E1,7.495117188E0
6.656036377E0,5.506134033E1,1.070556641E1,7.794189453E0
6.756744385E0,5.356140137E1,1.243438721E1,4.794311523E0
6.857452392E0,5.386199951E1,1.191558838E1,3.894042969E0
6.959808349E0,5.416259766E1,1.052551270E1,7.495117188E0
7.059997558E0,5.476226807E1,1.139526367E1,6.594848633E0
7.160156250E0,5.386199951E1,1.156463623E1,6.294250488E0
7.260284424E0,5.416259766E1,1.156463623E1,7.495117188E0
7.360992431E0,5.506134033E1,1.104431152E1,6.594848633E0
7.461700439E0,5.356140137E1,1.191558838E1,3.894042969E0
7.562412868E0,5.386199951E1,1.208496094E1,5.393981934E0
7.663120876E0,5.356140137E1,1.277465820E1,7.194519043E0
7.763828884E0,5.416259766E1,1.122436523E1,6.893920898E0
7.864536892E0,5.416259766E1,1.208496094E1,5.393981934E0
7.966587673E0,5.386199951E1,1.139526367E1,7.194519043E0
8.066746364E0,5.446166992E1,1.122436523E1,6.893920898E0
8.166935573E0,5.386199951E1,1.139526367E1,5.995178223E0
8.267368923E0,5.446166992E1,1.104431152E1,7.194519043E0
8.368076931E0,5.416259766E1,1.173553467E1,7.194519043E0
8.468784938E0,5.416259766E1,1.173553467E1,5.995178223E0
8.569492946E0,5.386199951E1,1.139526367E1,7.194519043E0
8.670200954E0,5.326232910E1,1.225433350E1,5.694580078E0
8.770908962E0,5.416259766E1,1.208496094E1,5.393981934E0
8.873173366E0,5.416259766E1,1.139526367E1,5.995178223E0
8.973332058E0,5.326232910E1,1.191558838E1,5.694580078E0
9.073521267E0,5.386199951E1,1.208496094E1,6.594848633E0
9.173740993E0,5.416259766E1,1.139526367E1,7.194519043E0
9.274449001E0,5.476226807E1,1.139526367E1,4.194641113E0
9.375157009E0,5.386199951E1,1.139526367E1,5.995178223E0
9.475865017E0,5.386199951E1,1.156463623E1,5.694580078E0
9.576573024E0,5.386199951E1,1.156463623E1,6.294250488E0
9.677281032E0,5.386199951E1,1.173553467E1,5.995178223E0
9.779759060E0,5.356140137E1,1.156463623E1,5.094909668E0
9.879917751E0,5.446166992E1,1.087493896E1,6.893920898E0
9.980106960E0,5.386199951E1,1.225433350E1,5.694580078E0
1.008026565E1,5.386199951E1,1.139526367E1,5.995178223E0
1.018082107E1,5.446166992E1,1.122436523E1,5.694580078E0
1.028152908E1,5.416259766E1,1.208496094E1,5.393981934E0
1.038223709E1,5.446166992E1,1.208496094E1,5.995178223E0
1.048294510E1,5.416259766E1,1.156463623E1,7.495117188E0
1.058365310E1,5.416259766E1,1.173553467E1,7.194519043E0
1.068436111E1,5.446166992E1,1.208496094E1,5.995178223E0
1.078650344E1,5.386199951E1,1.191558838E1,5.094909668E0
1.088669265E1,5.296173096E1,1.191558838E1,5.694580078E0
1.098685134E1,5.266265869E1,1.295471191E1,5.694580078E0
1.108719314E1,5.446166992E1,1.139526367E1,7.194519043E0
1.118790115E1,5.446166992E1,1.191558838E1,6.294250488E0
1.128860916E1,5.386199951E1,1.208496094E1,4.194641113E0
1.138931717E1,5.416259766E1,1.156463623E1,6.294250488E0
1.149002517E1,5.476226807E1,1.087493896E1,6.294250488E0
1.159076370E1,5.416259766E1,1.156463623E1,5.694580078E0
1.169311966E1,5.416259766E1,1.139526367E1,7.794189453E0
1.179327835E1,5.386199951E1,1.122436523E1,5.694580078E0
1.189346756E1,5.416259766E1,1.173553467E1,6.594848633E0
1.199362625E1,5.446166992E1,1.139526367E1,8.393859863E0
1.209427322E1,5.506134033E1,1.087493896E1,7.495117188E0
1.219498123E1,5.416259766E1,1.173553467E1,5.995178223E0
1.229571975E1,5.476226807E1,1.104431152E1,4.794311523E0
1.239642776E1,5.506134033E1,1.087493896E1,5.094909668E0
1.249713577E1,5.386199951E1,1.208496094E1,5.393981934E0
1.259784378E1,5.506134033E1,1.122436523E1,7.495117188E0
1.269989456E1,5.386199951E1,1.191558838E1,6.294250488E0
1.280008377E1,5.416259766E1,1.139526367E1,5.995178223E0
1.290021194E1,5.326232910E1,1.173553467E1,5.393981934E0
1.300064529E1,5.446166992E1,1.139526367E1,4.794311523E0
1.310135330E1,5.386199951E1,1.191558838E1,6.294250488E0
1.320206131E1,5.476226807E1,1.122436523E1,6.893920898E0
1.330276931E1,5.476226807E1,1.104431152E1,7.794189453E0
1.340347732E1,5.506134033E1,1.087493896E1,7.495117188E0
1.350418533E1,5.446166992E1,1.122436523E1,6.893920898E0
1.360644973E1,5.416259766E1,1.208496094E1,5.393981934E0
1.370660842E1,5.446166992E1,1.139526367E1,5.393981934E0
1.380682815E1,5.476226807E1,1.122436523E1,6.893920898E0
1.390701736E1,5.416259766E1,1.243438721E1,6.594848633E0
1.400772537E1,5.416259766E1,1.173553467E1,5.995178223E0
1.410843338E1,5.386199951E1,1.243438721E1,7.194519043E0
1.420914138E1,5.356140137E1,1.139526367E1,5.995178223E0
1.430984939E1,5.386199951E1,1.156463623E1,6.294250488E0
1.441055740E1,5.356140137E1,1.173553467E1,5.393981934E0
1.451303543E1,5.476226807E1,1.191558838E1,6.893920898E0
1.461322464E1,5.386199951E1,1.191558838E1,6.294250488E0
1.471341385E1,5.386199951E1,1.191558838E1,6.294250488E0
1.481357254E1,5.386199951E1,1.191558838E1,5.094909668E0
1.491409744E1,5.446166992E1,1.104431152E1,5.995178223E0
1.501483596E1,5.296173096E1,1.191558838E1,5.694580078E0
1.511551345E1,5.416259766E1,1.104431152E1,5.995178223E0
1.521622146E1,5.476226807E1,1.087493896E1,7.495117188E0
1.531692947E1,5.386199951E1,1.191558838E1,5.094909668E0
1.541763748E1,5.506134033E1,1.104431152E1,6.594848633E0
1.551977981E1,5.386199951E1,1.225433350E1,5.094909668E0
1.561996902E1,5.446166992E1,1.139526367E1,6.594848633E0
1.572012771E1,5.386199951E1,1.104431152E1,5.995178223E0
1.582046951E1,5.416259766E1,1.156463623E1,6.294250488E0
1.592117752E1,5.446166992E1,1.173553467E1,5.995178223E0
1.602188552E1,5.476226807E1,1.156463623E1,6.893920898E0
1.612259353E1,5.446166992E1,1.104431152E1,7.194519043E0
1.622330154E1,5.356140137E1,1.295471191E1,5.094909668E0
1.632400955E1,5.446166992E1,1.243438721E1,5.393981934E0
1.642636550E1,5.446166992E1,1.087493896E1,6.893920898E0
1.652652420E1,5.506134033E1,1.156463623E1,6.893920898E0
1.662674392E1,5.416259766E1,1.173553467E1,7.194519043E0
1.672690261E1,5.386199951E1,1.139526367E1,7.194519043E0
1.682754959E1,5.296173096E1,1.225433350E1,6.893920898E0
1.692828811E1,5.416259766E1,1.156463623E1,6.294250488E0
1.702896560E1,5.476226807E1,1.104431152E1,7.794189453E0
1.712967361E1,5.386199951E1,1.104431152E1,4.794311523E0
1.723038162E1,5.446166992E1,1.260528564E1,5.694580078E0
1.733108963E1,5.416259766E1,1.208496094E1,7.794189453E0
1.743314041E1,5.386199951E1,1.173553467E1,5.995178223E0
1.753326693E1,5.386199951E1,1.191558838E1,5.094909668E0
1.763345614E1,5.416259766E1,1.104431152E1,7.194519043E0
1.773388949E1,5.476226807E1,1.104431152E1,6.594848633E0
1.783462801E1,5.356140137E1,1.156463623E1,5.094909668E0
1.793530550E1,5.386199951E1,1.173553467E1,5.995178223E0
1.803601351E1,5.506134033E1,1.070556641E1,7.794189453E0
1.813672152E1,5.416259766E1,1.191558838E1,6.294250488E0
1.823746005E1,5.446166992E1,1.139526367E1,5.995178223E0
1.833972445E1,5.416259766E1,1.087493896E1,6.893920898E0
1.843985262E1,5.476226807E1,1.087493896E1,5.094909668E0
1.854004183E1,5.536193848E1,1.052551270E1,7.495117188E0
1.864026156E1,5.386199951E1,1.208496094E1,7.194519043E0
1.874096957E1,5.536193848E1,1.087493896E1,6.294250488E0
1.884167757E1,5.446166992E1,1.208496094E1,6.594848633E0
1.894241610E1,5.386199951E1,1.225433350E1,5.094909668E0
1.904309359E1,5.416259766E1,1.260528564E1,5.694580078E0
1.914380160E1,5.386199951E1,1.173553467E1,6.594848633E0
1.924627962E1,5.506134033E1,1.104431152E1,6.594848633E0
1.934643832E1,5.386199951E1,1.156463623E1,7.495117188E0
1.944662752E1,5.446166992E1,1.225433350E1,6.294250488E0
1.954681673E1,5.326232910E1,1.173553467E1,5.393981934E0
1.964734164E1,5.386199951E1,1.104431152E1,5.995178223E0
1.974804964E1,5.446166992E1,1.139526367E1,5.995178223E0
1.984875765E1,5.476226807E1,1.104431152E1,6.594848633E0
1.994946566E1,5.446166992E1,1.122436523E1,6.893920898E0
2.005017367E1,5.446166992E1,1.139526367E1,5.995178223E0
2.015088168E1,5.386199951E1,1.156463623E1,6.294250488E0
2.025305453E1,5.326232910E1,1.208496094E1,5.393981934E0
2.035321322E1,5.386199951E1,1.087493896E1,6.893920898E0
2.045337191E1,5.446166992E1,1.070556641E1,6.594848633E0
2.055371371E1,5.296173096E1,1.277465820E1,2.394104004E0
2.065442172E1,5.446166992E1,1.104431152E1,8.393859863E0
2.075512972E1,5.446166992E1,1.208496094E1,5.995178223E0
2.085583773E1,5.356140137E1,1.173553467E1,5.393981934E0
2.095654574E1,5.416259766E1,1.122436523E1,5.694580078E0
2.105728426E1,5.446166992E1,1.191558838E1,6.294250488E0
2.115960970E1,5.326232910E1,1.173553467E1,5.393981934E0
2.125979891E1,5.506134033E1,1.018524170E1,6.893920898E0
2.135995760E1,5.386199951E1,1.191558838E1,6.294250488E0
2.146017733E1,5.416259766E1,1.122436523E1,6.294250488E0
2.156079378E1,5.416259766E1,1.052551270E1,7.495117188E0
2.166150179E1,5.416259766E1,1.156463623E1,6.294250488E0
2.176224032E1,5.446166992E1,1.139526367E1,7.194519043E0
2.186291781E1,5.386199951E1,1.104431152E1,5.995178223E0
2.196362582E1,5.446166992E1,1.191558838E1,7.495117188E0
2.206433382E1,5.446166992E1,1.122436523E1,6.893920898E0
2.216641512E1,5.476226807E1,1.104431152E1,7.794189453E0
2.226657381E1,5.446166992E1,1.018524170E1,7.495117188E0
2.236676302E1,5.416259766E1,1.087493896E1,5.094909668E0
2.246716586E1,5.386199951E1,1.087493896E1,6.893920898E0
2.256787386E1,5.416259766E1,1.087493896E1,5.694580078E0
2.266861239E1,5.386199951E1,1.156463623E1,6.294250488E0
2.276928988E1,5.446166992E1,1.139526367E1,5.995178223E0
2.286999789E1,5.446166992E1,1.122436523E1,6.893920898E0
2.297073641E1,5.356140137E1,1.191558838E1,6.294250488E0
2.307297030E1,5.446166992E1,1.156463623E1,6.893920898E0
2.317312899E1,5.476226807E1,1.087493896E1,5.094909668E0
2.327331820E1,5.446166992E1,1.104431152E1,7.194519043E0
2.337353793E1,5.506134033E1,1.104431152E1,7.794189453E0
2.347424593E1,5.446166992E1,1.139526367E1,5.995178223E0
2.357495394E1,5.386199951E1,1.208496094E1,7.194519043E0
2.367566195E1,5.446166992E1,1.104431152E1,7.194519043E0
2.377636996E1,5.416259766E1,1.122436523E1,5.694580078E0
2.387707796E1,5.446166992E1,1.087493896E1,6.893920898E0
2.397955599E1,5.446166992E1,1.104431152E1,7.194519043E0
2.407974520E1,5.446166992E1,1.173553467E1,7.194519043E0
2.417987338E1,5.476226807E1,1.104431152E1,7.794189453E0
2.428009310E1,5.446166992E1,1.173553467E1,4.794311523E0
2.438061800E1,5.416259766E1,1.070556641E1,6.594848633E0
2.448132601E1,5.416259766E1,1.156463623E1,5.694580078E0
2.458203402E1,5.416259766E1,1.087493896E1,5.094909668E0
2.468277255E1,5.446166992E1,1.191558838E1,8.094787598E0
2.478345004E1,5.536193848E1,1.052551270E1,8.694458008E0
2.488415804E1,5.476226807E1,1.018524170E1,8.694458008E0
2.498630038E1,5.416259766E1,1.122436523E1,6.893920898E0
2.508648959E1,5.446166992E1,1.139526367E1,5.995178223E0
2.518664828E1,5.416259766E1,1.156463623E1,5.694580078E0
2.528699007E1,5.386199951E1,1.173553467E1,5.393981934E0
2.538769808E1,5.446166992E1,1.104431152E1,7.194519043E0
2.548837557E1,5.326232910E1,1.260528564E1,6.294250488E0
2.558911410E1,5.386199951E1,1.225433350E1,8.094787598E0
2.568982210E1,5.446166992E1,1.208496094E1,5.995178223E0
2.579053011E1,5.386199951E1,1.260528564E1,5.694580078E0
2.589282504E1,5.416259766E1,1.208496094E1,4.794311523E0
2.599307528E1,5.446166992E1,1.173553467E1,5.995178223E0
2.609326449E1,5.296173096E1,1.225433350E1,6.294250488E0
2.619339266E1,5.446166992E1,1.104431152E1,7.794189453E0
2.629407015E1,5.416259766E1,1.173553467E1,5.995178223E0
2.639477816E1,5.386199951E1,1.156463623E1,6.294250488E0
2.649548617E1,5.476226807E1,1.052551270E1,8.694458008E0
2.659619418E1,5.416259766E1,1.173553467E1,4.794311523E0
2.669690218E1,5.446166992E1,1.104431152E1,7.194519043E0
2.679761019E1,5.596160889E1,9.834289551E0,8.694458008E0
2.689963046E1,5.446166992E1,1.087493896E1,5.094909668E0
2.699981966E1,5.446166992E1,1.122436523E1,6.893920898E0
2.710000887E1,5.416259766E1,1.156463623E1,5.694580078E0
2.720044222E1,5.266265869E1,1.312561035E1,4.194641113E0
2.730115023E1,5.416259766E1,1.156463623E1,5.094909668E0
2.740185824E1,5.446166992E1,1.156463623E1,7.495117188E0
2.750256625E1,5.386199951E1,1.191558838E1,6.294250488E0
2.760336115E1,5.476226807E1,1.156463623E1,8.694458008E0
2.770403864E1,5.476226807E1,1.156463623E1,6.893920898E0
2.780630304E1,5.386199951E1,1.104431152E1,7.194519043E0
2.790646173E1,5.416259766E1,1.156463623E1,5.694580078E0
2.800662042E1,5.446166992E1,1.104431152E1,6.594848633E0
2.810687067E1,5.446166992E1,1.139526367E1,7.194519043E0
2.820757868E1,5.416259766E1,1.122436523E1,6.893920898E0
2.830828668E1,5.386199951E1,1.122436523E1,6.294250488E0
2.840899469E1,5.416259766E1,1.139526367E1,4.194641113E0
2.850967218E1,5.386199951E1,1.191558838E1,3.894042969E0
2.861041071E1,5.416259766E1,1.173553467E1,5.995178223E0
2.871282770E1,5.386199951E1,1.087493896E1,8.094787598E0
2.881304743E1,5.476226807E1,1.139526367E1,6.594848633E0
2.891323664E1,5.416259766E1,1.208496094E1,6.594848633E0
2.901339533E1,5.506134033E1,1.122436523E1,7.495117188E0
2.911395075E1,5.386199951E1,1.208496094E1,4.194641113E0
2.921465876E1,5.446166992E1,1.104431152E1,8.393859863E0
2.931536676E1,5.386199951E1,1.156463623E1,6.294250488E0
2.941607477E1,5.356140137E1,1.208496094E1,5.393981934E0
2.951678278E1,5.506134033E1,1.156463623E1,6.893920898E0
2.961749079E1,5.446166992E1,1.156463623E1,6.294250488E0
2.971963312E1,5.446166992E1,1.087493896E1,8.094787598E0
2.981982233E1,5.356140137E1,1.191558838E1,5.694580078E0
2.991998102E1,5.386199951E1,1.139526367E1,4.794311523E0
3.002032282E1,5.446166992E1,1.104431152E1,5.995178223E0
3.012103083E1,5.386199951E1,1.243438721E1,6.594848633E0
3.022173883E1,5.446166992E1,1.156463623E1,6.294250488E0
3.032244684E1,5.476226807E1,1.139526367E1,7.194519043E0
3.042318537E1,5.386199951E1,1.312561035E1,5.995178223E0
3.052389337E1,5.446166992E1,1.243438721E1,4.794311523E0
3.062621881E1,5.536193848E1,1.225433350E1,6.294250488E0
3.072637751E1,5.656280518E1,1.104431152E1,7.194519043E0
3.082656671E1,5.656280518E1,9.484863281E0,8.694458008E0
3.092675592E1,5.476226807E1,1.000518799E1,8.995056152E0
3.102740290E1,5.326232910E1,1.139526367E1,5.995178223E0
3.112811090E1,5.296173096E1,1.225433350E1,5.694580078E0
3.122881891E1,5.386199951E1,1.173553467E1,6.594848633E0
3.132952692E1,5.446166992E1,1.087493896E1,6.294250488E0
3.143023493E1,5.416259766E1,1.156463623E1,6.893920898E0
3.153097345E1,5.506134033E1,1.087493896E1,7.495117188E0
3.163299372E1,5.386199951E1,1.122436523E1,7.495117188E0
3.173318292E1,5.446166992E1,1.173553467E1,4.794311523E0
3.183334162E1,5.446166992E1,1.122436523E1,5.094909668E0
3.193377497E1,5.356140137E1,1.173553467E1,5.393981934E0
3.203448297E1,5.416259766E1,1.052551270E1,6.294250488E0
3.213522150E1,5.386199951E1,1.173553467E1,6.594848633E0
3.223589899E1,5.356140137E1,1.156463623E1,6.294250488E0
3.233660700E1,5.446166992E1,1.208496094E1,6.594848633E0
3.243731500E1,5.386199951E1,1.122436523E1,6.294250488E0
3.253960993E1,5.416259766E1,1.104431152E1,6.594848633E0
3.263973810E1,5.416259766E1,1.156463623E1,5.694580078E0
3.273992731E1,5.386199951E1,1.156463623E1,5.094909668E0
3.284014704E1,5.356140137E1,1.191558838E1,5.094909668E0
3.294088556E1,5.416259766E1,1.156463623E1,6.294250488E0
3.304156305E1,5.416259766E1,1.156463623E1,8.094787598E0
3.314227106E1,5.446166992E1,1.139526367E1,7.194519043E0
3.324297907E1,5.356140137E1,1.122436523E1,5.094909668E0
3.334368708E1,5.386199951E1,1.156463623E1,6.294250488E0
3.344613458E1,5.416259766E1,1.139526367E1,5.995178223E0
3.354632379E1,5.476226807E1,1.104431152E1,6.594848633E0
3.364651300E1,5.446166992E1,1.208496094E1,6.594848633E0
3.374670221E1,5.386199951E1,1.156463623E1,5.094909668E0
3.384725763E1,5.386199951E1,1.156463623E1,5.094909668E0
3.394793512E1,5.386199951E1,1.173553467E1,5.393981934E0
3.404864313E1,5.386199951E1,1.070556641E1,6.594848633E0
3.414935114E1,5.416259766E1,1.173553467E1,7.194519043E0
3.425005914E1,5.356140137E1,1.191558838E1,5.694580078E0
3.435076715E1,5.446166992E1,1.122436523E1,5.694580078E0
3.445294000E1,5.416259766E1,1.104431152E1,6.594848633E0
3.455309870E1,5.446166992E1,1.139526367E1,6.594848633E0
3.465328790E1,5.356140137E1,1.191558838E1,3.894042969E0
3.475359918E1,5.506134033E1,1.087493896E1,7.495117188E0
3.485430719E1,5.446166992E1,1.139526367E1,5.995178223E0
3.495501520E1,5.446166992E1,1.208496094E1,6.594848633E0
3.505572321E1,5.416259766E1,1.104431152E1,5.995178223E0
3.515640070E1,5.476226807E1,1.243438721E1,4.194641113E0
3.525713922E1,5.326232910E1,1.225433350E1,4.493713379E0
3.535949518E1,5.446166992E1,1.087493896E1,5.094909668E0
3.545968439E1,5.446166992E1,1.139526367E1,6.594848633E0
3.555984308E1,5.386199951E1,1.156463623E1,4.493713379E0
3.565997126E1,5.476226807E1,1.139526367E1,7.194519043E0
3.576064875E1,5.416259766E1,1.156463623E1,6.893920898E0
3.586138727E1,5.476226807E1,1.191558838E1,6.294250488E0
3.596209528E1,5.386199951E1,1.191558838E1,5.094909668E0
3.606277277E1,5.356140137E1,1.243438721E1,4.794311523E0
3.616351129E1,5.416259766E1,1.173553467E1,5.995178223E0
3.626421930E1,5.416259766E1,1.122436523E1,5.694580078E0
3.636623956E1,5.446166992E1,1.122436523E1,5.694580078E0
3.646642877E1,5.386199951E1,1.191558838E1,5.094909668E0
3.656658747E1,5.446166992E1,1.122436523E1,6.893920898E0
3.666705133E1,5.416259766E1,1.156463623E1,6.893920898E0
3.676775934E1,5.476226807E1,1.104431152E1,5.393981934E0
3.686846735E1,5.446166992E1,1.104431152E1,6.594848633E0
3.696920587E1,5.506134033E1,1.104431152E1,6.594848633E0
3.706988336E1,5.446166992E1,1.156463623E1,6.893920898E0
3.717059137E1,5.536193848E1,1.087493896E1,6.294250488E0
3.727285578E1,5.386199951E1,1.052551270E1,6.294250488E0
3.737304498E1,5.476226807E1,1.018524170E1,8.694458008E0
3.747320368E1,5.386199951E1,1.087493896E1,6.893920898E0
3.757336391E1,5.416259766E1,1.173553467E1,4.794311523E0
3.767407192E1,5.506134033E1,1.139526367E1,7.794189453E0
3.777477993E1,5.446166992E1,1.070556641E1,4.794311523E0
3.787551845E1,5.386199951E1,1.052551270E1,8.094787598E0
3.797619594E1,5.416259766E1,1.156463623E1,8.094787598E0
3.807690395E1,5.476226807E1,1.087493896E1,6.893920898E0
3.817938198E1,5.446166992E1,1.139526367E1,5.995178223E0
3.827957119E1,5.506134033E1,1.070556641E1,5.995178223E0
3.837969936E1,5.416259766E1,1.087493896E1,5.694580078E0
3.847988857E1,5.386199951E1,1.191558838E1,6.294250488E0
3.858047451E1,5.446166992E1,1.173553467E1,7.194519043E0
3.868115200E1,5.296173096E1,1.277465820E1,4.794311523E0
3.878186001E1,5.386199951E1,1.173553467E1,5.995178223E0
3.888256801E1,5.416259766E1,1.156463623E1,6.893920898E0
3.898327602E1,5.506134033E1,1.156463623E1,5.694580078E0
3.908398403E1,5.446166992E1,1.104431152E1,6.594848633E0
3.918612636E1,5.446166992E1,1.122436523E1,5.694580078E0
3.928631557E1,5.446166992E1,1.122436523E1,5.094909668E0
3.938647426E1,5.446166992E1,1.208496094E1,4.794311523E0
3.948681606E1,5.536193848E1,1.122436523E1,5.094909668E0
3.958752407E1,5.446166992E1,1.122436523E1,6.893920898E0
3.968823208E1,5.446166992E1,1.156463623E1,5.694580078E0
3.978894008E1,5.536193848E1,1.052551270E1,7.495117188E0
3.988964809E1,5.446166992E1,1.139526367E1,6.594848633E0
3.999035610E1,5.446166992E1,1.173553467E1,5.995178223E0
4.009271206E1,5.446166992E1,1.173553467E1,4.194641113E0
4.019290126E1,5.476226807E1,1.156463623E1,5.694580078E0
4.029302944E1,5.506134033E1,1.104431152E1,6.594848633E0
4.039318813E1,5.446166992E1,1.104431152E1,6.594848633E0
4.049389614E1,5.446166992E1,1.173553467E1,5.995178223E0
4.059457363E1,5.476226807E1,1.104431152E1,5.393981934E0
4.069531215E1,5.416259766E1,1.173553467E1,5.995178223E0
4.079602016E1,5.296173096E1,1.173553467E1,7.794189453E0
4.089672817E1,5.446166992E1,1.156463623E1,7.495117188E0
4.099746669E1,5.386199951E1,1.225433350E1,5.094909668E0
4.109945644E1,5.386199951E1,1.087493896E1,7.495117188E0
4.119964565E1,5.386199951E1,1.122436523E1,6.294250488E0
4.129983486E1,5.446166992E1,1.139526367E1,7.794189453E0
4.140026821E1,5.326232910E1,1.173553467E1,5.393981934E0
4.150097622E1,5.416259766E1,1.070556641E1,6.594848633E0
4.160168422E1,5.446166992E1,1.191558838E1,4.493713379E0
4.170239223E1,5.416259766E1,1.139526367E1,5.995178223E0
4.180310024E1,5.476226807E1,1.087493896E1,6.294250488E0
4.190377773E1,5.326232910E1,1.260528564E1,5.094909668E0
4.200601162E1,5.446166992E1,1.139526367E1,5.995178223E0
4.210623134E1,5.386199951E1,1.173553467E1,3.594970703E0
4.220642055E1,5.506134033E1,9.484863281E0,9.294128418E0
4.230664028E1,5.416259766E1,1.156463623E1,5.694580078E0
4.240737880E1,5.386199951E1,1.156463623E1,4.493713379E0
4.250808681E1,5.356140137E1,1.208496094E1,7.194519043E0
4.260876430E1,5.416259766E1,1.156463623E1,6.294250488E0
4.270947231E1,5.416259766E1,1.260528564E1,5.694580078E0
4.281018032E1,5.446166992E1,1.104431152E1,6.594848633E0
4.291262783E1,5.356140137E1,1.173553467E1,6.594848633E0
4.301284755E1,5.356140137E1,1.191558838E1,5.694580078E0
4.311300624E1,5.386199951E1,1.208496094E1,6.594848633E0
4.321316494E1,5.446166992E1,1.035461426E1,8.995056152E0
4.331372036E1,5.386199951E1,1.243438721E1,6.594848633E0
4.341442836E1,5.506134033E1,1.104431152E1,5.393981934E0
4.351513637E1,5.506134033E1,1.104431152E1,4.194641113E0
4.361587490E1,5.386199951E1,1.173553467E1,5.393981934E0
4.371655239E1,5.416259766E1,1.173553467E1,5.995178223E0
4.381726040E1,5.386199951E1,1.156463623E1,7.495117188E0
4.391940273E1,5.356140137E1,1.243438721E1,4.794311523E0
4.401959194E1,5.386199951E1,1.243438721E1,4.194641113E0
4.411975063E1,5.386199951E1,1.122436523E1,7.495117188E0
4.422009243E1,5.356140137E1,1.104431152E1,4.794311523E0
4.432080044E1,5.446166992E1,1.104431152E1,6.594848633E0
4.442150844E1,5.446166992E1,1.139526367E1,5.995178223E0
4.452221645E1,5.386199951E1,1.035461426E1,6.594848633E0
4.462292446E1,5.386199951E1,1.052551270E1,5.094909668E0
4.472366298E1,5.416259766E1,1.035461426E1,5.393981934E0
4.482598842E1,5.386199951E1,1.035461426E1,5.393981934E0
4.492617763E1,5.326232910E1,1.035461426E1,5.393981934E0
4.502633632E1,5.386199951E1,1.122436523E1,5.694580078E0
4.512652553E1,5.446166992E1,1.000518799E1,4.794311523E0
4.522717251E1,5.446166992E1,1.000518799E1,7.194519043E0
4.532788051E1,5.326232910E1,1.035461426E1,5.393981934E0
4.542858852E1,5.416259766E1,1.070556641E1,4.194641113E0
4.552929653E1,5.386199951E1,1.035461426E1,6.594848633E0
4.563000454E1,5.356140137E1,1.018524170E1,6.893920898E0
4.573074306E1,5.416259766E1,1.000518799E1,6.594848633E0
4.583276332E1,5.356140137E1,1.139526367E1,4.794311523E0
4.593295253E1,5.416259766E1,1.070556641E1,4.194641113E0
4.603314174E1,5.416259766E1,1.070556641E1,5.393981934E0
4.613357509E1,5.536193848E1,9.315490723E0,5.995178223E0
4.623425258E1,5.476226807E1,1.000518799E1,5.393981934E0
4.633496059E1,5.476226807E1,9.484863281E0,5.094909668E0
4.643566860E1,5.476226807E1,1.035461426E1,4.794311523E0
4.653637661E1,5.626220703E1,8.444213867E0,7.495117188E0
4.663708461E1,5.476226807E1,1.035461426E1,6.594848633E0
4.673937954E1,5.506134033E1,8.964538574E0,7.794189453E0
4.683950771E1,5.476226807E1,1.018524170E1,4.493713379E0
4.693969692E1,5.446166992E1,1.139526367E1,5.995178223E0
4.703991665E1,5.536193848E1,9.834289551E0,6.294250488E0
4.714062465E1,5.506134033E1,1.000518799E1,7.194519043E0
4.724133266E1,5.566253662E1,8.624267578E0,6.594848633E0
4.734204067E1,5.536193848E1,9.484863281E0,6.294250488E0
4.744274868E1,5.506134033E1,9.315490723E0,6.594848633E0
4.754344780E1,5.446166992E1,1.018524170E1,4.493713379E0
4.764592583E1,5.446166992E1,9.144592285E0,3.894042969E0
4.774611504E1,5.536193848E1,9.144592285E0,5.694580078E0
4.784627373E1,5.536193848E1,9.484863281E0,6.893920898E0
4.794646294E1,5.626220703E1,8.274841309E0,7.194519043E0
4.804698784E1,5.596160889E1,8.964538574E0,5.995178223E0
4.814769585E1,5.746154785E1,8.795166016E0,5.094909668E0
4.824840385E1,5.656280518E1,9.664916992E0,5.393981934E0
4.834911186E1,5.806274414E1,7.754516602E0,7.495117188E0
4.844981987E1,5.686187744E1,8.105468750E0,6.893920898E0
4.855052788E1,5.776214600E1,8.444213867E0,5.694580078E0
4.865270073E1,5.776214600E1,9.664916992E0,6.594848633E0
4.875288994E1,5.746154785E1,8.624267578E0,5.995178223E0
4.885307915E1,5.836181641E1,7.925415039E0,5.995178223E0
4.895335991E1,5.956268311E1,7.405090332E0,8.094787598E0
4.905406792E1,5.836181641E1,8.274841309E0,4.794311523E0
4.915480644E1,5.986175537E1,8.624267578E0,5.995178223E0
4.925548393E1,5.956268311E1,8.444213867E0,5.694580078E0
4.935619194E1,5.926208496E1,8.795166016E0,6.294250488E0
4.945689995E1,6.016235352E1,9.664916992E0,5.393981934E0
4.955928642E1,5.866241455E1,1.087493896E1,4.493713379E0
4.965947563E1,6.076202393E1,8.624267578E0,6.594848633E0
4.975960381E1,6.076202393E1,8.624267578E0,6.594848633E0
4.985976250E1,5.926208496E1,9.315490723E0,6.594848633E0
4.996040947E1,5.926208496E1,9.315490723E0,6.594848633E0
5.006114800E1,5.926208496E1,7.754516602E0,7.495117188E0
5.016185600E1,5.746154785E1,9.484863281E0,3.894042969E0
5.026253349E1,5.686187744E1,8.105468750E0,5.694580078E0
5.036327202E1,5.656280518E1,9.834289551E0,6.294250488E0
5.046398003E1,5.716247559E1,8.105468750E0,6.893920898E0
5.056600029E1,5.566253662E1,9.144592285E0,5.094909668E0
5.066618950E1,5.506134033E1,9.315490723E0,4.794311523E0
5.076634819E1,5.506134033E1,9.315490723E0,6.594848633E0
5.086681206E1,5.476226807E1,9.484863281E0,5.094909668E0
5.096752006E1,5.416259766E1,9.484863281E0,4.493713379E0
5.106819756E1,5.386199951E1,8.105468750E0,4.493713379E0
5.116893608E1,5.446166992E1,8.274841309E0,5.995178223E0
5.126964409E1,5.446166992E1,8.795166016E0,5.694580078E0
5.137035210E1,5.446166992E1,9.144592285E0,5.094909668E0
5.147264702E1,5.386199951E1,8.795166016E0,5.094909668E0
5.157280571E1,5.356140137E1,8.964538574E0,5.393981934E0
5.167299492E1,5.386199951E1,8.274841309E0,5.995178223E0
5.177318413E1,5.416259766E1,8.105468750E0,7.495117188E0
5.187389214E1,5.386199951E1,9.315490723E0,7.194519043E0
5.197460014E1,5.356140137E1,8.795166016E0,5.694580078E0
5.207530815E1,5.476226807E1,8.624267578E0,6.594848633E0
5.217601616E1,5.446166992E1,9.144592285E0,6.893920898E0
5.227672417E1,5.326232910E1,9.484863281E0,3.294372559E0
5.237923271E1,5.326232910E1,9.144592285E0,5.094909668E0
5.247939140E1,5.386199951E1,8.105468750E0,5.094909668E0
5.257958061E1,5.446166992E1,7.064819336E0,5.094909668E0
5.267973930E1,5.416259766E1,8.795166016E0,5.694580078E0
5.278026421E1,5.386199951E1,1.018524170E1,5.094909668E0
5.288097221E1,5.326232910E1,1.000518799E1,5.393981934E0
5.298168022E1,5.416259766E1,9.834289551E0,4.493713379E0
5.308238823E1,5.416259766E1,9.834289551E0,6.294250488E0
5.318309624E1,5.476226807E1,8.624267578E0,6.594848633E0
5.328380425E1,5.326232910E1,9.144592285E0,6.294250488E0
5.338597710E1,5.386199951E1,7.925415039E0,5.995178223E0
5.348616631E1,5.356140137E1,8.964538574E0,6.594848633E0
5.358635552E1,5.356140137E1,8.964538574E0,5.393981934E0
5.368663628E1,5.266265869E1,9.834289551E0,5.094909668E0
5.378734428E1,5.446166992E1,9.834289551E0,4.493713379E0
5.388805229E1,5.356140137E1,9.144592285E0,5.694580078E0
5.398876030E1,5.476226807E1,8.795166016E0,5.094909668E0
5.408946831E1,5.416259766E1,7.234191895E0,8.393859863E0
5.419017632E1,5.446166992E1,9.664916992E0,5.995178223E0
5.429259331E1,5.356140137E1,9.144592285E0,5.694580078E0
5.439275200E1,5.356140137E1,8.964538574E0,4.794311523E0
5.449297173E1,5.296173096E1,8.795166016E0,4.493713379E0
5.459309990E1,5.446166992E1,8.624267578E0,6.594848633E0
5.469374687E1,5.476226807E1,8.105468750E0,6.893920898E0
5.479442436E1,5.356140137E1,9.144592285E0,5.694580078E0
5.489513237E1,5.326232910E1,8.624267578E0,5.393981934E0
5.499584038E1,5.386199951E1,8.274841309E0,5.995178223E0
5.509654839E1,5.296173096E1,9.144592285E0,6.294250488E0
5.519722588E1,5.386199951E1,8.274841309E0,6.594848633E0
5.529936821E1,5.356140137E1,8.964538574E0,5.995178223E0
5.539955742E1,5.356140137E1,9.664916992E0,4.794311523E0
5.549971611E1,5.446166992E1,8.624267578E0,4.794311523E0
5.560008842E1,5.416259766E1,8.105468750E0,5.694580078E0
5.570079643E1,5.446166992E1,7.585144043E0,8.393859863E0
5.580150444E1,5.476226807E1,9.315490723E0,4.194641113E0
5.590221245E1,5.446166992E1,7.234191895E0,7.794189453E0
5.600292046E1,5.416259766E1,8.795166016E0,6.294250488E0
5.610365898E1,5.446166992E1,7.585144043E0,6.594848633E0
5.620595390E1,5.386199951E1,7.754516602E0,5.694580078E0
5.630614311E1,5.446166992E1,8.624267578E0,6.594848633E0
5.640630180E1,5.506134033E1,7.234191895E0,5.995178223E0
5.650649101E1,5.446166992E1,8.624267578E0,4.794311523E0
5.660716850E1,5.416259766E1,8.274841309E0,5.995178223E0
5.670790703E1,5.416259766E1,7.405090332E0,6.893920898E0
5.680858452E1,5.356140137E1,8.274841309E0,4.794311523E0
5.690929253E1,5.206146240E1,9.484863281E0,5.694580078E0
5.701000053E1,5.356140137E1,8.274841309E0,4.794311523E0
5.711257011E1,5.386199951E1,8.274841309E0,5.995178223E0
5.721275932E1,5.416259766E1,7.754516602E0,6.893920898E0
5.731291802E1,5.476226807E1,7.754516602E0,5.694580078E0
5.741307671E1,5.446166992E1,8.105468750E0,5.694580078E0
5.751354057E1,5.446166992E1,7.405090332E0,5.094909668E0
5.761430379E1,5.416259766E1,8.444213867E0,6.294250488E0
5.771501180E1,5.416259766E1,8.795166016E0,5.094909668E0
5.781575033E1,5.506134033E1,7.064819336E0,5.694580078E0
5.791645833E1,5.416259766E1,7.754516602E0,7.495117188E0
5.801713582E1,5.476226807E1,8.444213867E0,6.294250488E0
5.811936971E1,5.476226807E1,8.624267578E0,4.794311523E0
5.821955892E1,5.326232910E1,8.444213867E0,5.094909668E0
5.831971761E1,5.416259766E1,8.444213867E0,5.094909668E0
5.841996786E1,5.416259766E1,8.444213867E0,3.894042969E0
5.852067586E1,5.446166992E1,7.405090332E0,5.694580078E0
5.862138387E1,5.356140137E1,7.585144043E0,5.995178223E0
5.872209188E1,5.506134033E1,6.895446777E0,7.794189453E0
5.882279989E1,5.386199951E1,7.925415039E0,5.995178223E0
5.892350789E1,5.416259766E1,8.105468750E0,5.694580078E0
5.902598592E1,5.416259766E1,8.624267578E0,4.194641113E0
5.912614461E1,5.446166992E1,6.895446777E0,5.995178223E0
5.922633382E1,5.416259766E1,7.925415039E0,5.995178223E0
5.932652303E1,5.356140137E1,8.274841309E0,4.794311523E0
5.942704793E1,5.446166992E1,7.925415039E0,4.194641113E0
5.952775594E1,5.386199951E1,7.585144043E0,5.393981934E0
5.962846395E1,5.446166992E1,7.754516602E0,5.694580078E0
5.972917196E1,5.446166992E1,7.064819336E0,6.893920898E0
5.982987996E1,5.416259766E1,7.925415039E0,5.995178223E0
5.993058797E1,5.356140137E1,8.274841309E0,4.794311523E0
6.003276082E1,5.386199951E1,8.274841309E0,3.594970703E0
6.013291952E1,5.416259766E1,7.405090332E0,6.893920898E0
6.023310872E1,5.356140137E1,7.585144043E0,5.995178223E0
6.033342000E1,5.506134033E1,6.544494629E0,7.194519043E0
6.043412801E1,5.506134033E1,7.405090332E0,7.495117188E0
6.053483602E1,5.476226807E1,7.405090332E0,6.294250488E0
6.063554403E1,5.416259766E1,7.585144043E0,5.393981934E0
6.073625204E1,5.476226807E1,6.715393066E0,5.094909668E0
6.083696004E1,5.476226807E1,7.405090332E0,5.694580078E0
6.093934652E1,5.416259766E1,7.585144043E0,5.393981934E0
6.103953573E1,5.506134033E1,6.715393066E0,6.893920898E0
6.113969442E1,5.476226807E1,7.234191895E0,4.194641113E0
6.123988363E1,5.476226807E1,7.405090332E0,5.694580078E0
6.134050008E1,5.506134033E1,5.505371094E0,5.995178223E0
6.144120809E1,5.326232910E1,7.234191895E0,4.794311523E0
6.154191610E1,5.416259766E1,7.234191895E0,5.393981934E0
6.164262410E1,5.446166992E1,7.234191895E0,5.393981934E0
6.174336263E1,5.476226807E1,6.195068359E0,5.393981934E0
6.184407064E1,5.566253662E1,6.025695801E0,6.294250488E0
6.194612142E1,5.476226807E1,6.195068359E0,5.393981934E0
6.204628011E1,5.476226807E1,6.544494629E0,4.794311523E0
6.214646932E1,5.476226807E1,6.375122070E0,7.495117188E0
6.224690267E1,5.566253662E1,7.064819336E0,3.294372559E0
6.234758016E1,5.446166992E1,6.895446777E0,5.393981934E0
6.244828817E1,5.506134033E1,6.544494629E0,5.393981934E0
6.254899618E1,5.476226807E1,6.544494629E0,5.995178223E0
6.264970418E1,5.446166992E1,6.895446777E0,6.594848633E0
6.275041219E1,5.386199951E1,7.064819336E0,3.894042969E0
6.285270711E1,5.386199951E1,7.064819336E0,5.094909668E0
6.295289632E1,5.476226807E1,6.715393066E0,4.493713379E0
6.305305501E1,5.446166992E1,6.544494629E0,3.594970703E0
6.315324422E1,5.446166992E1,7.064819336E0,6.294250488E0
6.325395223E1,5.446166992E1,6.195068359E0,5.995178223E0
6.335466024E1,5.566253662E1,6.715393066E0,6.893920898E0
6.345536825E1,5.446166992E1,7.064819336E0,6.294250488E0
6.355607625E1,5.476226807E1,7.925415039E0,5.393981934E0
6.365678426E1,5.416259766E1,8.105468750E0,5.094909668E0
6.375932332E1,5.476226807E1,7.405090332E0,6.893920898E0
6.385948202E1,5.566253662E1,7.064819336E0,6.893920898E0
6.395967122E1,5.536193848E1,6.895446777E0,5.995178223E0
6.405982992E1,5.446166992E1,7.234191895E0,4.194641113E0
6.416032430E1,5.416259766E1,6.544494629E0,5.995178223E0
6.426103231E1,5.386199951E1,7.585144043E0,5.393981934E0
6.436174032E1,5.476226807E1,7.925415039E0,5.995178223E0
6.446244832E1,5.506134033E1,6.715393066E0,6.893920898E0
6.456315633E1,5.476226807E1,7.405090332E0,5.694580078E0
6.466386434E1,5.506134033E1,6.895446777E0,4.794311523E0
6.476603719E1,5.506134033E1,6.544494629E0,5.995178223E0
6.486622640E1,5.506134033E1,6.375122070E0,6.893920898E0
6.496644613E1,5.506134033E1,6.544494629E0,5.393981934E0
6.506669637E1,5.506134033E1,6.544494629E0,7.194519043E0
6.516740438E1,5.536193848E1,6.544494629E0,5.393981934E0
6.526811239E1,5.446166992E1,6.025695801E0,3.894042969E0
6.536882039E1,5.566253662E1,5.674743652E0,5.094909668E0
6.546952840E1,5.506134033E1,5.854797363E0,4.194641113E0
6.557023641E1,5.536193848E1,5.854797363E0,4.794311523E0
6.567274496E1,5.536193848E1,6.375122070E0,5.694580078E0
6.577287313E1,5.476226807E1,5.854797363E0,5.393981934E0
6.587303182E1,5.446166992E1,6.375122070E0,4.493713379E0
6.597322103E1,5.536193848E1,4.295349121E0,6.294250488E0
6.607377645E1,5.626220703E1,5.334472656E0,5.694580078E0
6.617448446E1,5.506134033E1,5.854797363E0,5.393981934E0
6.627519246E1,5.446166992E1,5.505371094E0,5.393981934E0
6.637593099E1,5.446166992E1,6.375122070E0,4.493713379E0
6.647660848E1,5.446166992E1,5.505371094E0,4.794311523E0
6.657731649E1,5.536193848E1,5.854797363E0,5.393981934E0
6.667945882E1,5.566253662E1,4.295349121E0,6.294250488E0
6.677964803E1,5.506134033E1,5.854797363E0,3.594970703E0
6.687980672E1,5.506134033E1,5.334472656E0,3.294372559E0
6.698014852E1,5.446166992E1,6.025695801E0,3.894042969E0
6.708085653E1,5.506134033E1,5.674743652E0,7.495117188E0
6.718153402E1,5.386199951E1,5.674743652E0,5.694580078E0
6.728227254E1,5.536193848E1,3.775024414E0,7.794189453E0
6.738298055E1,5.536193848E1,4.295349121E0,6.294250488E0
6.748368856E1,5.506134033E1,4.295349121E0,6.893920898E0
6.758601187E1,5.566253662E1,4.635620117E0,3.894042969E0
6.768620108E1,5.446166992E1,5.154418945E0,4.794311523E0
6.778639029E1,5.476226807E1,5.854797363E0,5.393981934E0
6.788657950E1,5.566253662E1,5.334472656E0,5.694580078E0
6.798719595E1,5.536193848E1,5.854797363E0,4.794311523E0
6.808790396E1,5.566253662E1,5.674743652E0,7.495117188E0
6.818864248E1,5.506134033E1,4.985046387E0,7.495117188E0
6.828935049E1,5.566253662E1,4.295349121E0,6.294250488E0
6.839002798E1,5.446166992E1,5.854797363E0,5.995178223E0
6.849076651E1,5.446166992E1,5.505371094E0,5.393981934E0
6.859281729E1,5.476226807E1,5.505371094E0,6.594848633E0
6.869297598E1,5.476226807E1,5.334472656E0,5.094909668E0
6.879316519E1,5.536193848E1,3.775024414E0,7.194519043E0
6.889356802E1,5.536193848E1,4.635620117E0,6.893920898E0
6.899430654E1,5.626220703E1,4.985046387E0,6.294250488E0
6.909498404E1,5.536193848E1,4.815673828E0,5.393981934E0
6.919569204E1,5.536193848E1,5.334472656E0,5.094909668E0
6.929640005E1,5.596160889E1,5.154418945E0,5.393981934E0
6.939710806E1,5.596160889E1,3.944396973E0,6.294250488E0
6.949943350E1,5.476226807E1,5.334472656E0,7.495117188E0
6.959956167E1,5.626220703E1,3.594970703E0,6.893920898E0
6.969975088E1,5.566253662E1,4.295349121E0,6.893920898E0
6.979994009E1,5.536193848E1,3.775024414E0,7.194519043E0
6.990064810E1,5.566253662E1,4.815673828E0,3.594970703E0
7.000135611E1,5.386199951E1,5.334472656E0,5.094909668E0
7.010206411E1,5.536193848E1,5.154418945E0,4.794311523E0
7.020277212E1,5.536193848E1,5.334472656E0,4.493713379E0
7.030351065E1,5.566253662E1,4.815673828E0,6.594848633E0
7.040601919E1,5.566253662E1,4.295349121E0,5.094909668E0
7.050617788E1,5.506134033E1,3.775024414E0,7.194519043E0
7.060633658E1,5.566253662E1,4.295349121E0,5.094909668E0
7.070652578E1,5.566253662E1,4.115295410E0,4.794311523E0
7.080702017E1,5.536193848E1,4.295349121E0,5.094909668E0
7.090772818E1,5.506134033E1,4.635620117E0,4.493713379E0
7.100843618E1,5.506134033E1,4.815673828E0,4.194641113E0
7.110914419E1,5.656280518E1,3.594970703E0,6.893920898E0
7.120985220E1,5.566253662E1,3.944396973E0,5.694580078E0
7.131056021E1,5.506134033E1,3.594970703E0,5.094909668E0
7.141276358E1,5.506134033E1,4.464721680E0,4.194641113E0
7.151295279E1,5.506134033E1,4.295349121E0,5.094909668E0
7.161311148E1,5.536193848E1,5.154418945E0,4.794311523E0
7.171336172E1,5.536193848E1,3.775024414E0,5.995178223E0
7.181410025E1,5.596160889E1,3.775024414E0,5.393981934E0
7.191480825E1,5.566253662E1,3.425598145E0,6.594848633E0
7.201551626E1,5.506134033E1,3.594970703E0,5.694580078E0
7.211622427E1,5.626220703E1,3.775024414E0,5.995178223E0
7.221693228E1,5.566253662E1,3.944396973E0,5.094909668E0
7.231937979E1,5.506134033E1,3.944396973E0,3.894042969E0
7.241953848E1,5.656280518E1,3.594970703E0,5.094909668E0
7.251972769E1,5.626220703E1,3.425598145E0,6.594848633E0
7.261991690E1,5.566253662E1,4.295349121E0,5.094909668E0
7.272047232E1,5.506134033E1,4.115295410E0,4.794311523E0
7.282118032E1,5.566253662E1,3.594970703E0,5.694580078E0
7.292188833E1,5.446166992E1,4.295349121E0,4.493713379E0
7.302259634E1,5.476226807E1,3.074645996E0,5.995178223E0
7.312333487E1,5.536193848E1,3.594970703E0,7.495117188E0
7.322401236E1,5.626220703E1,3.074645996E0,4.794311523E0
7.332615469E1,5.536193848E1,3.254699707E0,6.893920898E0
7.342631338E1,5.476226807E1,4.295349121E0,4.493713379E0
7.352650259E1,5.506134033E1,3.944396973E0,3.894042969E0
7.362684439E1,5.536193848E1,2.905273438E0,5.094909668E0
7.372755240E1,5.506134033E1,3.594970703E0,6.294250488E0
7.382826040E1,5.566253662E1,2.565002441E0,6.294250488E0
7.392896841E1,5.566253662E1,3.074645996E0,7.794189453E0
7.402967642E1,5.476226807E1,4.295349121E0,4.493713379E0
7.413038443E1,5.476226807E1,3.425598145E0,5.995178223E0
7.423274038E1,5.506134033E1,3.254699707E0,6.294250488E0
7.433292959E1,5.596160889E1,2.734375000E0,5.995178223E0
7.443308828E1,5.476226807E1,3.425598145E0,7.794189453E0
7.453327749E1,5.416259766E1,3.594970703E0,5.694580078E0
7.463392446E1,5.596160889E1,3.775024414E0,4.794311523E0
7.473463247E1,5.416259766E1,2.905273438E0,4.493713379E0
7.483534048E1,5.566253662E1,2.215576172E0,7.495117188E0
7.493604849E1,5.596160889E1,3.254699707E0,5.694580078E0
7.503675650E1,5.476226807E1,3.254699707E0,4.493713379E0
7.513746450E1,5.476226807E1,3.425598145E0,6.594848633E0
7.523951529E1,5.566253662E1,2.734375000E0,6.594848633E0
7.533970450E1,5.416259766E1,4.985046387E0,3.894042969E0
7.543986319E1,5.506134033E1,4.115295410E0,4.194641113E0
7.554029654E1,5.506134033E1,3.254699707E0,6.294250488E0
7.564100454E1,5.446166992E1,3.425598145E0,4.794311523E0
7.574171255E1,5.506134033E1,3.254699707E0,5.694580078E0
7.584242056E1,5.506134033E1,3.254699707E0,6.893920898E0
7.594312857E1,5.536193848E1,2.905273438E0,6.893920898E0
7.604383658E1,5.476226807E1,3.425598145E0,8.995056152E0
7.614613150E1,5.386199951E1,4.985046387E0,5.094909668E0
7.624629019E1,5.446166992E1,6.715393066E0,6.294250488E0
7.634647940E1,5.356140137E1,8.964538574E0,4.794311523E0
7.644666861E1,5.326232910E1,5.854797363E0,-1.205444336E0
7.654737661E1,5.326232910E1,-2.804565430E0,-2.404785156E0
7.664808462E1,5.206146240E1,-3.845214844E0,4.194641113E0
7.674879263E1,5.206146240E1,-3.674316406E0,5.094909668E0
7.684950064E1,5.296173096E1,-1.945495605E0,7.495117188E0
7.695020864E1,5.596160889E1,-7.354736328E-1,1.019439697E1
7.705271719E1,5.476226807E1,-3.845214844E-1,5.995178223E0
7.715287588E1,5.596160889E1,-2.151489258E-1,9.893798828E0
7.725306509E1,5.656280518E1,4.635620117E0,9.294128418E0
7.735325430E1,5.746154785E1,3.775024414E0,8.995056152E0
7.745374868E1,5.626220703E1,2.565002441E0,6.893920898E0
7.755449755E1,5.566253662E1,2.734375000E0,6.594848633E0
7.765520556E1,5.506134033E1,2.734375000E0,5.393981934E0
7.775591356E1,5.506134033E1,3.254699707E0,5.694580078E0
7.785662157E1,5.566253662E1,3.254699707E0,5.694580078E0
7.795732958E1,5.506134033E1,3.074645996E0,5.393981934E0
7.805953295E1,5.536193848E1,2.905273438E0,5.094909668E0
7.815969164E1,5.506134033E1,3.425598145E0,4.794311523E0
7.825988085E1,5.476226807E1,3.074645996E0,3.594970703E0
7.836016161E1,5.506134033E1,2.044677734E0,4.794311523E0
7.846086962E1,5.536193848E1,2.565002441E0,6.893920898E0
7.856157763E1,5.446166992E1,2.215576172E0,5.094909668E0
7.866228564E1,5.476226807E1,3.074645996E0,5.995178223E0
7.876302416E1,5.476226807E1,2.565002441E0,5.094909668E0
7.886370165E1,5.416259766E1,2.734375000E0,5.995178223E0
7.896611864E1,5.536193848E1,1.864624023E0,5.694580078E0
7.906630785E1,5.476226807E1,1.524353027E0,6.294250488E0
7.916649706E1,5.446166992E1,2.384948730E0,4.194641113E0
7.926665575E1,5.476226807E1,2.044677734E0,5.393981934E0
7.936724169E1,5.446166992E1,2.734375000E0,5.995178223E0
7.946794970E1,5.446166992E1,2.215576172E0,5.694580078E0
7.956865770E1,5.476226807E1,2.215576172E0,6.294250488E0
7.966936571E1,5.506134033E1,1.864624023E0,6.294250488E0
7.977007372E1,5.566253662E1,6.546020508E-1,5.995178223E0
7.987078173E1,5.536193848E1,1.174926758E0,6.893920898E0
7.997292406E1,5.506134033E1,1.344299316E0,4.794311523E0
8.007308275E1,5.476226807E1,1.005554199E0,5.393981934E0
8.017327196E1,5.416259766E1,2.734375000E0,3.594970703E0
8.027361376E1,5.416259766E1,2.384948730E0,5.393981934E0
8.037432177E1,5.386199951E1,1.864624023E0,3.894042969E0
8.047502978E1,5.416259766E1,1.524353027E0,5.094909668E0
8.057573778E1,5.446166992E1,1.695251465E0,4.794311523E0
8.067644579E1,5.446166992E1,1.524353027E0,4.493713379E0
8.077715380E1,5.536193848E1,1.174926758E0,6.893920898E0
8.087950976E1,5.476226807E1,2.044677734E0,4.194641113E0
8.097963793E1,5.476226807E1,-3.509521484E-2,7.194519043E0
8.107982714E1,5.506134033E1,1.174926758E0,5.694580078E0
8.118007738E1,5.416259766E1,6.546020508E-1,6.594848633E0
8.128072436E1,5.416259766E1,8.255004883E-1,6.893920898E0
8.138140185E1,5.536193848E1,6.546020508E-1,6.594848633E0
8.148210985E1,5.416259766E1,6.546020508E-1,5.995178223E0
8.158284838E1,5.386199951E1,1.005554199E0,4.194641113E0
8.168352587E1,5.296173096E1,1.524353027E0,4.493713379E0
8.178426440E1,5.386199951E1,4.852294922E-1,5.694580078E0
8.188628466E1,5.326232910E1,1.344299316E0,5.393981934E0
8.198647387E1,5.326232910E1,4.852294922E-1,6.294250488E0
8.208663256E1,5.266265869E1,1.524353027E0,4.493713379E0
8.218706591E1,5.326232910E1,6.546020508E-1,4.794311523E0
8.228777392E1,5.356140137E1,1.524353027E0,6.893920898E0
8.238848192E1,5.356140137E1,2.044677734E0,5.995178223E0
8.248918993E1,5.386199951E1,2.384948730E0,4.794311523E0
8.258989794E1,5.416259766E1,1.174926758E0,4.493713379E0
8.269060595E1,5.446166992E1,8.255004883E-1,3.894042969E0
8.279287035E1,5.476226807E1,1.005554199E0,5.393981934E0
8.289305956E1,5.416259766E1,6.546020508E-1,6.594848633E0
8.299324877E1,5.446166992E1,1.174926758E0,5.694580078E0
8.309340746E1,5.386199951E1,1.344299316E0,5.393981934E0
8.319414599E1,5.536193848E1,1.695251465E0,5.995178223E0
8.329485399E1,5.506134033E1,1.174926758E0,6.893920898E0
8.339556200E1,5.476226807E1,1.864624023E0,3.294372559E0
8.349627001E1,5.476226807E1,8.255004883E-1,4.493713379E0
8.359697802E1,5.476226807E1,1.005554199E0,4.194641113E0
8.369948656E1,5.476226807E1,6.546020508E-1,6.594848633E0
8.379964525E1,5.536193848E1,1.342773438E-1,5.694580078E0
8.389983446E1,5.416259766E1,1.174926758E0,6.294250488E0
8.400002367E1,5.506134033E1,1.174926758E0,4.493713379E0
8.410054857E1,5.506134033E1,6.546020508E-1,4.194641113E0
8.420125658E1,5.416259766E1,1.174926758E0,5.094909668E0
8.430193407E1,5.536193848E1,6.546020508E-1,5.393981934E0
8.440264208E1,5.386199951E1,1.864624023E0,5.094909668E0
8.450335009E1,5.536193848E1,3.051757812E-1,4.794311523E0
8.460405810E1,5.476226807E1,1.344299316E0,4.794311523E0
8.470626147E1,5.476226807E1,8.255004883E-1,4.493713379E0
8.480642016E1,5.446166992E1,8.255004883E-1,5.694580078E0
8.490660937E1,5.446166992E1,6.546020508E-1,6.594848633E0
8.500689013E1,5.506134033E1,-3.845214844E-1,4.194641113E0
8.510759814E1,5.566253662E1,-9.048461914E-1,7.495117188E0
8.520830614E1,5.566253662E1,1.342773438E-1,4.493713379E0
8.530901415E1,5.446166992E1,-2.151489258E-1,6.294250488E0
8.540972216E1,5.416259766E1,8.255004883E-1,5.694580078E0
8.551043017E1,5.536193848E1,-3.509521484E-2,7.194519043E0
8.561281664E1,5.476226807E1,-3.845214844E-1,5.393981934E0
8.571300585E1,5.476226807E1,-3.509521484E-2,4.794311523E0
8.581316454E1,5.446166992E1,8.255004883E-1,5.694580078E0
8.591335375E1,5.536193848E1,1.342773438E-1,5.694580078E0
8.601393969E1,5.386199951E1,6.546020508E-1,4.794311523E0
8.611467821E1,5.566253662E1,1.342773438E-1,4.493713379E0
8.621538622E1,5.476226807E1,-3.845214844E-1,5.393981934E0
8.631609423E1,5.536193848E1,-9.048461914E-1,6.294250488E0
8.641680224E1,5.446166992E1,-5.554199219E-1,6.294250488E0
8.651751024E1,5.296173096E1,-2.151489258E-1,5.694580078E0
8.661962206E1,5.506134033E1,-3.845214844E-1,4.794311523E0
8.671981127E1,5.386199951E1,3.051757812E-1,4.194641113E0
8.682000048E1,5.446166992E1,-9.048461914E-1,6.893920898E0
8.692031176E1,5.386199951E1,-2.151489258E-1,6.294250488E0
8.702105028E1,5.416259766E1,-3.509521484E-2,3.594970703E0
8.712175829E1,5.266265869E1,-3.509521484E-2,5.393981934E0
8.722246630E1,5.416259766E1,1.342773438E-1,3.894042969E0
8.732317431E1,5.356140137E1,4.852294922E-1,4.493713379E0
8.742391283E1,5.416259766E1,-7.354736328E-1,4.194641113E0
8.752623827E1,5.476226807E1,-9.048461914E-1,4.493713379E0
8.762634348E1,5.416259766E1,-5.554199219E-1,5.694580078E0
8.772653269E1,5.386199951E1,-5.554199219E-1,5.094909668E0
8.782669138E1,5.446166992E1,-9.048461914E-1,5.694580078E0
8.792736888E1,5.446166992E1,-5.554199219E-1,5.694580078E0
8.802807688E1,5.386199951E1,-7.354736328E-1,4.794311523E0
8.812878489E1,5.386199951E1,-1.075744629E0,5.995178223E0
8.822949290E1,5.326232910E1,-3.845214844E-1,5.393981934E0
8.833020091E1,5.206146240E1,-3.509521484E-2,4.794311523E0
8.843090892E1,5.416259766E1,-5.554199219E-1,5.694580078E0
8.853292918E1,5.296173096E1,1.342773438E-1,5.694580078E0
8.863311839E1,5.476226807E1,-1.594543457E0,6.294250488E0
8.873330760E1,5.446166992E1,-7.354736328E-1,7.794189453E0
8.883374095E1,5.506134033E1,-1.255798340E0,6.893920898E0
8.893444895E1,5.446166992E1,-1.765441895E0,4.794311523E0
8.903515696E1,5.476226807E1,-1.425170898E0,4.794311523E0
8.913586497E1,5.476226807E1,-9.048461914E-1,5.094909668E0
8.923660350E1,5.446166992E1,-1.594543457E0,5.094909668E0
8.933728098E1,5.476226807E1,-1.075744629E0,6.594848633E0
8.943957591E1,5.386199951E1,-1.425170898E0,6.594848633E0
8.953973460E1,5.476226807E1,-1.765441895E0,5.995178223E0
8.963992381E1,5.506134033E1,-2.114868164E0,5.995178223E0
8.974011302E1,5.386199951E1,-9.048461914E-1,5.694580078E0
8.984082102E1,5.386199951E1,-1.765441895E0,5.393981934E0
8.994152903E1,5.356140137E1,-1.594543457E0,4.493713379E0
9.004223704E1,5.416259766E1,-2.635192871E0,6.294250488E0
9.014297556E1,5.326232910E1,-1.075744629E0,6.594848633E0
9.024365306E1,5.536193848E1,-2.285766602E0,5.694580078E0
9.034616160E1,5.476226807E1,-2.464294434E0,5.995178223E0
9.044635081E1,5.416259766E1,-1.945495605E0,3.894042969E0
9.054654002E1,5.356140137E1,-1.425170898E0,5.393981934E0
9.064672923E1,5.416259766E1,-2.114868164E0,5.995178223E0
9.074719309E1,5.416259766E1,-2.114868164E0,6.594848633E0
9.084790110E1,5.386199951E1,-2.804565430E0,4.194641113E0
9.094860911E1,5.326232910E1,-1.255798340E0,4.493713379E0
9.104934764E1,5.386199951E1,-1.594543457E0,5.694580078E0
9.115002512E1,5.446166992E1,-1.765441895E0,4.794311523E0
9.125073313E1,5.416259766E1,-2.635192871E0,6.294250488E0
9.135293650E1,5.326232910E1,-1.594543457E0,6.893920898E0
9.145309519E1,5.386199951E1,-3.155517578E0,5.393981934E0
9.155328440E1,5.326232910E1,-1.425170898E0,4.794311523E0
9.165356516E1,5.446166992E1,-2.635192871E0,5.694580078E0
9.175427317E1,5.326232910E1,-2.464294434E0,5.995178223E0
9.185498118E1,5.416259766E1,-2.804565430E0,5.995178223E0
9.195568919E1,5.386199951E1,-2.635192871E0,5.094909668E0
9.205639720E1,5.446166992E1,-2.984619141E0,5.694580078E0
9.215710520E1,5.386199951E1,-2.984619141E0,5.694580078E0
9.225949168E1,5.326232910E1,-2.285766602E0,5.094909668E0
9.235968089E1,5.446166992E1,-2.984619141E0,6.893920898E0
9.245987010E1,5.386199951E1,-2.285766602E0,5.094909668E0
9.256002879E1,5.326232910E1,-1.594543457E0,3.294372559E0
9.266064524E1,5.416259766E1,-2.285766602E0,4.493713379E0
9.276135325E1,5.266265869E1,-2.285766602E0,4.493713379E0
9.286206126E1,5.386199951E1,-2.984619141E0,5.694580078E0
9.296276927E1,5.386199951E1,-2.114868164E0,4.794311523E0
9.306347727E1,5.356140137E1,-3.155517578E0,4.794311523E0
9.316418528E1,5.356140137E1,-2.635192871E0,6.294250488E0
9.326623606E1,5.416259766E1,-2.984619141E0,6.893920898E0
9.336645579E1,5.446166992E1,-3.324890137E0,5.094909668E0
9.346664500E1,5.326232910E1,-2.464294434E0,5.995178223E0
9.356701731E1,5.386199951E1,-2.804565430E0,4.194641113E0
9.366772532E1,5.296173096E1,-2.464294434E0,4.794311523E0
9.376843333E1,5.446166992E1,-2.285766602E0,5.694580078E0
9.386914134E1,5.446166992E1,-3.504943848E0,5.393981934E0
9.396984934E1,5.416259766E1,-3.324890137E0,6.893920898E0
9.407058787E1,5.386199951E1,-3.155517578E0,4.194641113E0
9.417288279E1,5.296173096E1,-2.984619141E0,6.294250488E0
9.427307200E1,5.356140137E1,-2.635192871E0,5.094909668E0
9.437323069E1,5.386199951E1,-2.635192871E0,5.094909668E0
9.447341990E1,5.356140137E1,-3.674316406E0,6.294250488E0
9.457412791E1,5.356140137E1,-2.984619141E0,5.694580078E0
9.467480540E1,5.266265869E1,-2.464294434E0,6.594848633E0
9.477551341E1,5.356140137E1,-3.324890137E0,4.493713379E0
9.487622142E1,5.326232910E1,-2.635192871E0,5.094909668E0
9.497692942E1,5.296173096E1,-2.464294434E0,5.393981934E0
9.507763743E1,5.386199951E1,-3.155517578E0,7.194519043E0
9.517965769E1,5.296173096E1,-2.635192871E0,3.894042969E0
9.527981638E1,5.386199951E1,-3.674316406E0,5.094909668E0
9.538000559E1,5.386199951E1,-3.155517578E0,5.995178223E0
9.548046946E1,5.386199951E1,-4.194641113E0,5.995178223E0
9.558117747E1,5.386199951E1,-3.324890137E0,5.694580078E0
9.568188548E1,5.356140137E1,-4.025268555E0,5.094909668E0
9.578259348E1,5.446166992E1,-3.674316406E0,6.294250488E0
9.588330149E1,5.356140137E1,-3.845214844E0,5.393981934E0
9.598400950E1,5.356140137E1,-4.025268555E0,7.495117188E0
9.608624339E1,5.326232910E1,-3.324890137E0,5.694580078E0
9.618643260E1,5.236206055E1,-2.464294434E0,4.194641113E0
9.628659129E1,5.236206055E1,-3.504943848E0,4.794311523E0
9.638684153E1,5.356140137E1,-4.194641113E0,5.995178223E0
9.648754954E1,5.386199951E1,-4.365539551E0,6.893920898E0
9.658825755E1,5.266265869E1,-3.504943848E0,4.794311523E0
9.668896556E1,5.356140137E1,-3.845214844E0,5.393981934E0
9.678967356E1,5.296173096E1,-3.504943848E0,5.995178223E0
9.689038157E1,5.296173096E1,-3.155517578E0,2.993774414E0
9.699285960E1,5.296173096E1,-3.504943848E0,4.794311523E0
9.709304881E1,5.326232910E1,-4.194641113E0,4.794311523E0
9.719323802E1,5.206146240E1,-3.845214844E0,3.594970703E0
9.729339671E1,5.296173096E1,-3.504943848E0,5.995178223E0
9.739392161E1,5.296173096E1,-4.194641113E0,5.393981934E0
9.749462962E1,5.206146240E1,-4.025268555E0,6.893920898E0
9.759533840E1,5.236206055E1,-3.324890137E0,4.493713379E0
9.769604641E1,5.326232910E1,-4.194641113E0,5.995178223E0
9.779675442E1,5.206146240E1,-4.025268555E0,4.493713379E0
9.789749294E1,5.266265869E1,-4.025268555E0,6.893920898E0
9.799966579E1,5.386199951E1,-4.884338379E0,6.594848633E0
9.809982448E1,5.356140137E1,-5.755615234E0,7.495117188E0
9.820001369E1,5.296173096E1,-4.194641113E0,7.794189453E0
9.830029445E1,5.326232910E1,-3.674316406E0,4.493713379E0
9.840100246E1,5.296173096E1,-4.365539551E0,5.694580078E0
9.850171047E1,5.326232910E1,-3.324890137E0,6.294250488E0
9.860241848E1,5.296173096E1,-3.155517578E0,5.995178223E0
9.870312649E1,5.416259766E1,-3.504943848E0,6.594848633E0
9.880386501E1,5.356140137E1,-3.324890137E0,7.495117188E0
9.890622097E1,5.386199951E1,-3.155517578E0,5.393981934E0
9.900641018E1,5.356140137E1,-3.155517578E0,7.194519043E0
9.910656887E1,5.326232910E1,-3.155517578E0,8.393859863E0
9.920675808E1,5.386199951E1,-2.635192871E0,5.694580078E0
9.930737453E1,5.386199951E1,-3.155517578E0,7.194519043E0
9.940808254E1,5.446166992E1,-4.194641113E0,7.194519043E0
9.950879055E1,5.296173096E1,-4.884338379E0,7.794189453E0
9.960949856E1,5.266265869E1,-5.584716797E0,9.594726562E0
9.971020656E1,5.326232910E1,-6.794738770E0,8.694458008E0
9.981094509E1,5.266265869E1,-6.445312500E0,6.294250488E0
9.991299587E1,5.416259766E1,-5.755615234E0,5.094909668E0
1.000131546E2,5.416259766E1,-5.584716797E0,5.995178223E0
1.001133438E2,5.356140137E1,-5.755615234E0,5.094909668E0
1.002137466E2,5.356140137E1,-6.274414062E0,8.393859863E0
1.003144546E2,5.416259766E1,-6.094360352E0,6.294250488E0
1.004151626E2,5.266265869E1,-5.584716797E0,4.194641113E0
1.005158706E2,5.386199951E1,-6.614685059E0,7.194519043E0
1.006165786E2,5.266265869E1,-5.235290527E0,5.995178223E0
1.007172866E2,5.266265869E1,-5.064392090E0,5.094909668E0
1.008195510E2,5.416259766E1,-5.924987793E0,5.995178223E0
1.009197708E2,5.356140137E1,-5.924987793E0,5.995178223E0
1.010199295E2,5.266265869E1,-4.884338379E0,4.794311523E0
1.011201492E2,5.386199951E1,-6.094360352E0,7.495117188E0
1.012208267E2,5.326232910E1,-6.274414062E0,6.594848633E0
1.013215347E2,5.266265869E1,-5.064392090E0,6.294250488E0
1.014222427E2,5.326232910E1,-5.584716797E0,5.393981934E0
1.015229507E2,5.296173096E1,-5.584716797E0,5.995178223E0
1.016236892E2,5.236206055E1,-5.404663086E0,6.893920898E0
1.017261978E2,5.326232910E1,-4.365539551E0,7.495117188E0
1.018263565E2,5.296173096E1,-5.924987793E0,8.393859863E0
1.019265457E2,5.146179199E1,-5.064392090E0,5.694580078E0
1.020267349E2,5.296173096E1,-5.584716797E0,6.594848633E0
1.021271988E2,5.266265869E1,-4.884338379E0,5.995178223E0
1.022279068E2,5.206146240E1,-5.755615234E0,6.294250488E0
1.023286148E2,5.206146240E1,-5.404663086E0,7.495117188E0
1.024293228E2,5.266265869E1,-5.584716797E0,7.194519043E0
1.025300308E2,5.206146240E1,-5.924987793E0,4.194641113E0
1.026307388E2,5.236206055E1,-5.924987793E0,5.995178223E0
1.027329727E2,5.296173096E1,-6.445312500E0,7.495117188E0
1.028331314E2,5.266265869E1,-6.614685059E0,5.995178223E0
1.029333206E2,5.206146240E1,-5.584716797E0,4.194641113E0
1.030335708E2,5.386199951E1,-6.445312500E0,5.694580078E0
1.031342788E2,5.176239014E1,-6.274414062E0,5.995178223E0
1.032349868E2,5.266265869E1,-6.274414062E0,6.594848633E0
1.033356948E2,5.086212158E1,-5.404663086E0,5.694580078E0
1.034364029E2,5.056152344E1,-4.884338379E0,2.993774414E0
1.035371109E2,5.266265869E1,-6.274414062E0,6.594848633E0
1.036395584E2,5.326232910E1,-6.445312500E0,6.294250488E0
1.037397476E2,5.146179199E1,-5.924987793E0,6.594848633E0
1.038399063E2,5.086212158E1,-5.584716797E0,4.194641113E0
1.039400955E2,5.206146240E1,-6.094360352E0,7.495117188E0
1.040406509E2,5.146179199E1,-6.445312500E0,6.893920898E0
1.041413589E2,5.176239014E1,-6.274414062E0,7.194519043E0
1.042420669E2,5.206146240E1,-5.755615234E0,6.294250488E0
1.043427749E2,5.176239014E1,-6.094360352E0,5.694580078E0
1.044434829E2,5.116271973E1,-5.924987793E0,6.594848633E0
1.045442215E2,5.176239014E1,-6.094360352E0,5.694580078E0
1.046463333E2,5.206146240E1,-6.614685059E0,5.393981934E0
1.047465225E2,5.416259766E1,-6.965637207E0,7.794189453E0
1.048466812E2,5.386199951E1,-4.545593262E0,5.995178223E0
1.049470230E2,5.326232910E1,-4.545593262E0,4.794311523E0
1.050477310E2,5.146179199E1,-6.094360352E0,5.694580078E0
1.051484390E2,5.146179199E1,-6.614685059E0,5.393981934E0
1.052491470E2,5.176239014E1,-7.315063477E0,3.594970703E0
1.053498550E2,5.176239014E1,-6.965637207E0,4.794311523E0
1.054505935E2,5.116271973E1,-6.794738770E0,6.893920898E0
1.055529495E2,5.386199951E1,-7.135009766E0,6.893920898E0
1.056531082E2,5.236206055E1,-6.965637207E0,6.594848633E0
1.057532363E2,5.206146240E1,-6.094360352E0,5.694580078E0
1.058534256E2,5.206146240E1,-6.614685059E0,6.594848633E0
1.059541030E2,5.206146240E1,-7.484436035E0,6.294250488E0
1.060548111E2,5.236206055E1,-7.315063477E0,5.995178223E0
1.061555191E2,5.206146240E1,-6.274414062E0,6.594848633E0
1.062562271E2,5.236206055E1,-7.315063477E0,8.995056152E0
1.063569351E2,5.176239014E1,-6.445312500E0,3.894042969E0
1.064576431E2,5.176239014E1,-7.484436035E0,6.294250488E0
1.065596634E2,5.206146240E1,-5.924987793E0,7.194519043E0
1.066598831E2,5.236206055E1,-6.794738770E0,7.495117188E0
1.067600723E2,5.146179199E1,-6.614685059E0,7.194519043E0
1.068604751E2,5.056152344E1,-5.404663086E0,4.493713379E0
1.069611831E2,5.056152344E1,-5.755615234E0,6.893920898E0
1.070618911E2,5.176239014E1,-6.794738770E0,6.294250488E0
1.071625991E2,5.086212158E1,-5.924987793E0,6.594848633E0
1.072633071E2,5.116271973E1,-6.274414062E0,4.794311523E0
1.073640152E2,5.206146240E1,-6.614685059E0,6.594848633E0
1.074663406E2,5.056152344E1,-6.094360352E0,5.094909668E0
1.075665038E2,5.116271973E1,-5.755615234E0,6.294250488E0
1.076666625E2,5.146179199E1,-5.404663086E0,5.094909668E0
1.077668517E2,4.966278076E1,-4.884338379E0,3.594970703E0
1.078675597E2,5.116271973E1,-4.884338379E0,5.995178223E0
1.079682677E2,5.176239014E1,-5.924987793E0,4.194641113E0
1.080690062E2,4.996185303E1,-4.545593262E0,6.594848633E0
1.081696837E2,5.086212158E1,-6.274414062E0,5.995178223E0
1.082703917E2,4.966278076E1,-4.545593262E0,5.393981934E0
1.083729308E2,5.146179199E1,-5.924987793E0,5.995178223E0
1.084731200E2,5.086212158E1,-5.924987793E0,4.794311523E0
1.085732787E2,5.176239014E1,-5.404663086E0,7.495117188E0
1.086734374E2,5.116271973E1,-5.064392090E0,4.493713379E0
1.087739318E2,5.146179199E1,-5.584716797E0,5.393981934E0
1.088746398E2,5.086212158E1,-5.404663086E0,6.893920898E0
1.089753478E2,5.146179199E1,-6.274414062E0,5.393981934E0
1.090760558E2,5.116271973E1,-5.064392090E0,4.493713379E0
1.091767638E2,5.116271973E1,-5.755615234E0,6.294250488E0
1.092774718E2,5.236206055E1,-5.755615234E0,7.495117188E0
1.093797057E2,5.206146240E1,-6.794738770E0,6.294250488E0
1.094798949E2,5.146179199E1,-5.584716797E0,5.995178223E0
1.095800536E2,5.236206055E1,-6.614685059E0,5.393981934E0
1.096803038E2,5.236206055E1,-5.924987793E0,5.393981934E0
1.097810118E2,5.176239014E1,-6.274414062E0,5.995178223E0
1.098817198E2,5.206146240E1,-5.924987793E0,5.995178223E0
1.099824278E2,5.116271973E1,-6.965637207E0,7.194519043E0
1.100831359E2,5.116271973E1,-5.584716797E0,4.194641113E0
1.101838439E2,5.146179199E1,-6.094360352E0,4.493713379E0
1.102862914E2,5.056152344E1,-5.924987793E0,4.194641113E0
1.103864501E2,5.056152344E1,-5.404663086E0,4.493713379E0
1.104866393E2,5.086212158E1,-5.584716797E0,6.594848633E0
1.105868285E2,5.176239014E1,-6.614685059E0,5.393981934E0
1.106873839E2,4.996185303E1,-6.094360352E0,4.493713379E0
1.107880919E2,5.086212158E1,-6.274414062E0,4.794311523E0
1.108887999E2,5.056152344E1,-5.755615234E0,5.694580078E0
1.109895079E2,5.146179199E1,-6.445312500E0,6.294250488E0
1.110902159E2,5.176239014E1,-6.794738770E0,8.094787598E0
1.111909239E2,5.116271973E1,-6.445312500E0,5.694580078E0
1.112930663E2,4.996185303E1,-6.794738770E0,6.294250488E0
1.113932555E2,5.116271973E1,-6.094360352E0,5.094909668E0
1.114934447E2,5.176239014E1,-6.794738770E0,5.694580078E0
1.115937560E2,5.146179199E1,-6.445312500E0,6.294250488E0
1.116944640E2,5.146179199E1,-7.135009766E0,8.094787598E0
1.117951720E2,5.086212158E1,-6.274414062E0,4.794311523E0
1.118958800E2,5.086212158E1,-7.484436035E0,6.893920898E0
1.119965880E2,5.086212158E1,-7.655334473E0,8.393859863E0
1.120972960E2,5.116271973E1,-8.004760742E0,7.794189453E0
1.121996520E2,5.056152344E1,-7.655334473E0,6.594848633E0
1.122998412E2,4.966278076E1,-7.135009766E0,5.694580078E0
1.124000304E2,5.056152344E1,-6.274414062E0,5.393981934E0
1.125001891E2,5.116271973E1,-8.355712891E0,7.194519043E0
1.126008361E2,5.026245117E1,-6.094360352E0,5.694580078E0
1.127015441E2,5.026245117E1,-7.315063477E0,4.194641113E0
1.128022521E2,5.026245117E1,-6.445312500E0,3.894042969E0
1.129029601E2,5.116271973E1,-7.655334473E0,7.194519043E0
1.130036376E2,5.086212158E1,-7.484436035E0,6.294250488E0
1.131043761E2,5.086212158E1,-7.835388184E0,5.094909668E0
1.132063658E2,5.026245117E1,-7.135009766E0,5.694580078E0
1.133065550E2,5.086212158E1,-7.135009766E0,6.893920898E0
1.134067443E2,5.086212158E1,-7.315063477E0,6.594848633E0
1.135072081E2,5.056152344E1,-7.135009766E0,5.094909668E0
1.136079161E2,5.236206055E1,-7.315063477E0,7.794189453E0
1.137085936E2,5.116271973E1,-7.135009766E0,5.094909668E0
1.138093321E2,5.176239014E1,-6.614685059E0,7.194519043E0
1.139100402E2,5.236206055E1,-8.004760742E0,6.594848633E0
1.140107482E2,5.056152344E1,-6.274414062E0,5.995178223E0
1.141130126E2,5.116271973E1,-7.484436035E0,6.294250488E0
1.142131713E2,4.996185303E1,-7.315063477E0,5.393981934E0
1.143133299E2,5.146179199E1,-6.445312500E0,7.495117188E0
1.144135497E2,5.056152344E1,-6.445312500E0,6.294250488E0
1.145142882E2,5.116271973E1,-6.445312500E0,6.294250488E0
1.146149657E2,5.026245117E1,-5.924987793E0,4.194641113E0
1.147157042E2,5.116271973E1,-7.135009766E0,6.294250488E0
1.148164122E2,5.056152344E1,-6.445312500E0,6.294250488E0
1.149171202E2,5.086212158E1,-7.315063477E0,5.393981934E0
1.150195677E2,5.086212158E1,-6.965637207E0,7.194519043E0
1.151197570E2,5.116271973E1,-6.614685059E0,5.393981934E0
1.152199156E2,5.056152344E1,-8.004760742E0,6.594848633E0
1.153201049E2,5.146179199E1,-7.315063477E0,6.594848633E0
1.154206603E2,5.026245117E1,-7.315063477E0,6.594848633E0
1.155213378E2,5.086212158E1,-7.484436035E0,5.694580078E0
1.156220763E2,5.056152344E1,-6.965637207E0,5.995178223E0
1.157227843E2,5.206146240E1,-7.835388184E0,7.495117188E0
1.158234618E2,5.206146240E1,-7.835388184E0,8.694458008E0
1.159241698E2,5.146179199E1,-6.794738770E0,6.893920898E0
1.160263426E2,5.116271973E1,-7.835388184E0,5.694580078E0
1.161265013E2,5.086212158E1,-7.835388184E0,6.294250488E0
1.162267211E2,5.086212158E1,-7.655334473E0,6.594848633E0
1.163270323E2,5.086212158E1,-7.484436035E0,6.294250488E0
1.164277403E2,5.086212158E1,-7.315063477E0,6.594848633E0
1.165284178E2,5.146179199E1,-7.655334473E0,8.995056152E0
1.166291258E2,5.116271973E1,-6.965637207E0,8.393859863E0
1.167298644E2,5.116271973E1,-7.655334473E0,7.194519043E0
1.168305724E2,5.116271973E1,-7.835388184E0,5.694580078E0
1.169330199E2,5.116271973E1,-7.315063477E0,6.594848633E0
1.170332091E2,5.176239014E1,-7.835388184E0,7.495117188E0
1.171333373E2,5.116271973E1,-6.445312500E0,7.495117188E0
1.172334960E2,5.086212158E1,-6.094360352E0,6.294250488E0
1.173341124E2,5.086212158E1,-6.614685059E0,4.794311523E0
1.174348204E2,5.086212158E1,-7.315063477E0,6.594848633E0
1.175355284E2,5.056152344E1,-7.135009766E0,4.493713379E0
1.176362869E2,5.116271973E1,-7.835388184E0,7.495117188E0
1.177370254E2,5.056152344E1,-6.965637207E0,7.194519043E0
1.178377334E2,5.056152344E1,-6.445312500E0,6.294250488E0
1.179398757E2,5.086212158E1,-6.965637207E0,7.194519043E0
1.180400344E2,5.086212158E1,-6.965637207E0,5.995178223E0
1.181402236E2,5.026245117E1,-7.315063477E0,6.594848633E0
1.182405349E2,5.056152344E1,-6.274414062E0,5.393981934E0
1.183412429E2,5.056152344E1,-7.135009766E0,4.493713379E0
1.184419814E2,5.086212158E1,-6.614685059E0,4.794311523E0
