0.0000,1.2793,-0.8506,8.9353
0.1002,1.2649,-1.0733,9.7996
0.2003,1.2122,-0.9321,10.1443
0.3005,0.9082,-0.9751,9.3590
0.4007,1.3176,-0.8315,8.9496
0.5009,1.2027,-1.1212,9.7613
0.6010,1.1979,-0.8913,10.0366
0.7013,0.9249,-0.9656,9.6823
0.8014,1.2649,-0.8363,8.8802
0.9016,1.2410,-1.0661,9.9528
1.0018,1.2457,-0.8889,9.9361
1.1020,0.8579,-0.9895,9.6440
1.2021,1.2481,-0.8411,9.0885
1.3023,1.2027,-1.0829,9.5961
1.4025,1.2601,-0.9704,10.1084
1.5027,1.0063,-0.9105,9.4548
1.6029,1.3008,-0.9704,9.0670
1.7031,1.2410,-1.0494,10.2401
1.8032,1.1308,-0.8483,9.7732
1.9034,0.9776,-0.9919,9.4596
2.0036,1.2553,-0.8722,8.9975
2.1038,1.1859,-1.0302,10.1132
2.2039,1.0782,-0.9584,9.8977
2.3041,1.0734,-0.8674,8.9999
2.4043,1.3271,-1.0158,9.3064
2.5045,1.1069,-1.0446,10.0677
2.6047,1.2027,-0.9512,9.8427
2.7049,1.0351,-0.9368,9.3854
2.8050,1.2003,-0.8913,9.1220
2.9052,1.2529,-1.0350,10.1970
3.0054,1.0566,-0.9656,9.8044
3.1055,0.9680,-0.8698,9.1747
3.2057,1.4612,-1.0039,9.1651
3.3059,1.1284,-1.0206,10.0677
3.4061,1.1045,-0.9273,9.9408
3.5063,1.0925,-0.8578,8.9927
3.6065,1.2098,-1.0158,9.4835
3.7066,1.2122,-1.0182,10.1683
3.8068,1.0566,-0.9512,9.7493
3.9070,1.0494,-0.8770,9.2274
4.0072,1.2745,-1.0565,9.2872
4.1073,1.1979,-0.9919,10.1300
4.2075,1.0782,-0.8291,9.3662
4.3077,1.1308,-1.0230,9.3782
4.4079,1.2338,-0.9991,10.2545
4.5081,1.1979,-0.7142,8.5690
4.6083,1.2936,-1.1020,9.7756
4.7084,1.1308,-1.0948,9.9767
4.8086,1.3176,-1.0206,9.8403
4.9088,1.1859,-0.9057,10.1372
5.0090,0.9704,-0.8889,10.0007
5.1092,0.8052,-1.0829,9.8403
5.2093,0.9249,-0.8650,9.2824
5.3095,1.4014,-0.8051,8.7773
5.4097,1.0997,-1.0446,9.6727
5.5099,1.2386,-0.9560,9.9815
5.6101,0.9273,-1.0254,9.7661
5.7103,1.1931,-0.7501,9.1388
5.8104,1.3846,-0.9656,9.2681
5.9106,1.0973,-1.1188,9.9265
6.0108,1.2027,-0.8937,10.0079
6.1110,1.0087,-0.9512,9.5913
6.2111,1.2074,-0.9321,9.0095
6.3113,1.2433,-0.9919,10.1563
6.4115,1.0470,-0.9536,9.8116
6.5117,0.9513,-0.8842,9.2202
6.6119,1.3822,-0.8770,9.0334
6.7120,1.1236,-1.0350,9.9959
6.8122,1.1644,-0.9297,9.8762
6.9124,1.0255,-0.8770,9.1723
7.0126,1.2553,-0.9584,9.3327
7.1128,1.2170,-1.0781,10.1180
7.2130,1.1476,-0.9249,9.8020
7.3131,0.9417,-0.9608,9.5099
7.4133,1.3152,-0.9129,9.0813
7.5135,1.2242,-1.0374,10.0701
7.6137,1.0614,-0.9919,9.8714
7.7138,1.2122,-0.8889,9.0047
7.8140,1.3152,-0.9991,9.3662
7.9142,1.3176,-1.1523,9.9265
8.0144,1.2242,-1.0637,9.8929
8.1146,1.0590,-0.8985,9.3782
8.2148,1.3415,-1.0206,9.1603
8.3150,1.3176,-1.1212,9.9169
8.4151,1.0087,-0.9895,9.9313
8.5153,1.1452,-0.8722,9.0262
8.6155,1.3822,-0.9871,9.3279
8.7157,1.1907,-0.9895,9.9863
8.8159,0.9656,-0.9656,9.9337
8.9160,1.2817,-0.8459,8.9257
9.0162,1.2194,-1.1068,9.6966
9.1164,1.2386,-0.8459,10.0582
9.2166,0.9345,-1.0709,9.7900
9.3168,1.1931,-0.7812,9.0885
9.4169,1.1572,-0.9177,9.3064
9.5172,1.0494,-0.8770,10.0965
9.6173,1.0039,-0.9656,9.7804
9.7175,1.2577,-0.5585,9.2609
9.8177,0.7142,-0.9823,9.7900
9.9179,1.1739,-0.9656,10.0749
10.0180,1.4995,-1.4181,9.7206
10.1182,1.6983,-1.0757,9.0191
10.2184,1.0973,-0.9225,9.8762
10.3186,0.8148,-0.8530,9.8546
10.4187,1.1356,-0.8099,9.2154
10.5190,1.3224,-0.9488,9.3447
10.6191,1.1452,-1.1978,9.9361
10.7193,1.1212,-0.9057,9.8546
10.8195,0.8507,-0.9009,9.6009
10.9197,1.3774,-0.8674,9.1986
11.0198,1.1931,-1.0565,9.9456
11.1200,1.0327,-1.0637,9.8331
11.2203,1.1093,-0.9440,9.4309
11.3204,1.4205,-0.6806,9.0813
11.4206,1.1620,-1.0901,9.7110
11.5208,1.1524,-1.0326,9.8834
11.6210,1.0398,-0.8794,9.4357
11.7211,1.2769,-0.9488,9.3327
11.8213,1.1380,-1.0542,9.9935
11.9215,0.9297,-0.9895,9.8307
12.0216,1.0662,-0.9225,9.4093
12.1218,1.3702,-0.7214,9.0382
12.2220,1.1141,-1.0877,9.7996
12.3222,1.0590,-1.0278,9.6655
12.4224,1.1739,-0.6711,9.4069
12.5226,1.2050,-1.0853,9.5003
12.6228,1.0183,-1.1116,9.8738
12.7229,1.0470,-1.0015,9.9361
12.8231,1.1189,-0.9584,9.5649
12.9233,1.2505,-1.0087,9.2034
13.0235,1.2386,-0.8459,9.8235
13.1237,1.0710,-0.9009,9.9169
13.2239,1.3367,-0.7022,9.1531
13.3241,1.2433,-1.0613,9.3279
13.4242,0.9848,-1.0661,9.8187
13.5244,1.5402,-1.3630,9.4141
13.6246,1.5546,-1.0685,9.1483
13.7248,1.1212,-0.8866,9.6487
13.8250,0.8770,-0.8147,9.9097
13.9251,0.8435,-1.0158,9.6009
14.0253,1.4995,-0.6854,9.0430
14.1255,1.2793,-1.1356,9.6440
14.2257,1.1644,-1.0039,9.9911
14.3259,0.9129,-1.0039,9.6416
14.4261,1.3032,-0.7190,9.1651
14.5262,1.3104,-1.0374,9.6248
14.6264,1.1500,-1.0422,9.8283
14.7266,0.9321,-0.9344,9.7301
14.8268,1.0901,-0.9057,9.6009
14.9270,1.3631,-0.8147,9.2561
15.0272,1.0614,-1.1212,9.7780
15.1273,1.0734,-0.9344,9.7756
15.2275,1.1189,-0.9799,9.5147
15.3277,1.3295,-0.7932,9.2393
15.4279,1.0614,-1.0709,9.8594
15.5280,0.9704,-0.9751,9.7613
15.6282,0.9441,-0.7716,9.6703
15.7284,1.3966,-0.9608,9.2298
15.8286,1.1644,-1.1020,9.8187
15.9288,1.0374,-1.0134,9.7421
16.0290,1.0973,-0.9344,9.6583
16.1291,1.2721,-0.8339,9.3040
16.2293,1.0877,-1.0661,9.6966
16.3295,1.0494,-1.0470,9.8044
16.4297,1.2194,-0.8123,9.4644
16.5299,1.2050,-1.1140,9.3878
16.6301,1.0351,-0.9967,9.7900
16.7302,1.0542,-1.0470,9.7900
16.8304,1.2865,-0.7812,9.3806
16.9306,1.1189,-1.0302,9.3974
17.0308,1.1596,-1.0326,9.7900
17.1310,1.0542,-1.0470,9.7684
17.2311,1.3224,-0.8363,9.2106
17.3313,1.1763,-0.9895,9.6296
17.4315,1.0183,-1.0015,9.8905
17.5317,1.2577,-0.8602,9.2154
17.6319,1.1572,-0.9033,9.6631
17.7320,0.7813,-1.0470,9.8116
17.8322,1.0734,-1.1475,9.3064
17.9324,1.2577,-0.9919,9.8427
18.0326,1.2003,-1.3510,9.8834
18.1328,0.9680,-0.8530,9.5075
18.2330,1.3391,-1.1523,9.1723
18.3331,1.4181,-0.6088,9.0885
18.4333,1.4109,-0.9440,9.2800
18.5335,1.2697,-1.1930,9.5721
18.6337,1.0877,-1.0254,9.4979
18.7339,1.1620,-0.8028,9.3327
18.8340,1.1644,-1.0206,9.6057
18.9342,1.1524,-0.9488,9.4021
19.0344,1.1308,-0.9991,9.2848
19.1346,0.9177,-1.1092,9.1340
19.2348,0.9513,-1.0494,9.2034
19.3349,0.7693,1.1581,9.2369
19.4351,0.6951,2.4462,10.0917
19.5353,1.3200,3.3129,10.2210
19.6355,0.7262,3.0926,9.8283
19.7357,0.7430,3.0232,10.1922
19.8358,1.2362,4.3927,9.5266
19.9360,1.5378,5.3503,9.3950
20.0362,1.2912,5.2330,9.4452
20.1364,0.9848,5.4126,9.5625
20.2366,1.0925,5.2354,9.9217
20.3368,0.7023,3.6983,9.9265
20.4369,0.4652,3.3751,10.0677
20.5371,0.8076,3.3799,9.7708
20.6373,0.7478,3.9665,9.8116
20.7375,0.9345,3.8181,10.0222
20.8377,0.3383,3.4589,9.9528
20.9379,0.6352,3.7414,9.6176
21.0381,0.5419,3.3536,9.7637
21.1382,0.8890,2.9442,9.5410
21.2384,0.5538,3.0016,9.7756
21.3386,0.6089,2.5707,9.9624
21.4388,0.4557,2.4964,9.9576
21.5389,0.6137,0.0616,9.9193
21.6391,1.1069,-1.4540,9.3902
21.7393,0.4365,-1.1523,9.3375
21.8395,3.0031,4.6488,9.3303
21.9397,-0.3895,0.5212,10.7477
22.0399,1.0758,1.5220,10.1348
22.1400,1.4564,0.4087,10.2641
22.2402,0.5299,2.0224,10.4412
22.3404,1.0422,1.4095,9.7397
22.4406,0.7094,2.3217,10.1946
22.5407,1.3415,2.0918,9.9767
22.6409,1.1356,2.0296,9.9289
22.7411,1.1356,1.9386,9.8068
22.8413,1.0446,2.0033,9.9169
22.9415,0.8531,2.0559,9.6248
23.0416,0.7502,1.8189,9.8905
23.1418,0.9537,2.0559,10.0055
23.2420,1.1380,2.3552,9.8977
23.3422,1.2505,2.0056,9.8283
23.4424,0.7717,1.6800,9.4500
23.5426,0.9129,1.9290,9.3950
23.6428,0.9848,1.5795,9.5865
23.7429,1.1428,1.7279,9.5673
23.8431,1.1380,1.4071,9.5841
23.9433,1.4924,1.4598,9.8092
24.0434,1.0758,1.3496,9.9241
24.1436,1.7677,1.5340,10.2784
24.2438,1.8970,-1.4324,9.6176
24.3440,0.7789,0.3249,8.3295
24.4442,0.7334,-0.5538,9.6966
24.5444,-1.0886,1.7207,8.4085
24.6446,0.7645,-0.0414,10.3598
24.7447,1.0279,0.8445,10.0270
24.8449,0.6304,0.7391,9.8714
24.9451,1.2865,1.0863,9.8570
25.0453,1.2553,0.9953,9.2776
25.1455,1.4732,1.4119,10.0222
25.2457,0.6400,0.9785,10.1156
25.3458,0.8292,0.5835,9.4811
25.4460,1.0231,0.9546,9.9935
25.5462,0.6783,1.0120,9.4069
25.6464,1.1883,1.0934,10.2401
25.7466,0.6233,0.6864,9.9097
25.8468,0.9608,0.8205,9.4955
25.9470,0.6592,0.6122,9.7876
26.0471,0.9585,1.2036,10.3885
26.1473,1.3798,1.0671,9.7828
26.2475,1.3463,1.2156,9.3974
26.3476,0.7789,1.1988,9.1100
26.4478,1.0829,0.9666,9.8020
26.5480,1.4756,1.1820,10.1084
26.6482,1.2673,0.7870,9.9528
26.7484,0.9345,0.6577,10.1276
26.8486,0.6640,0.6984,9.5458
26.9488,0.8818,0.6769,9.3519
27.0489,0.8459,0.9330,10.0390
27.1491,0.9704,0.6625,10.2281
27.2493,1.0279,1.0480,9.7924
27.3494,0.5395,0.4518,10.2952
27.4496,0.4988,0.3273,10.5968
27.5498,1.1596,0.5955,9.5003
27.6500,0.6209,1.3664,9.1124
27.7502,0.5035,0.3584,8.9233
27.8504,0.2139,0.9283,10.4628
27.9506,0.8268,0.4326,10.3718
28.0507,0.5730,0.7319,9.2130
28.1509,0.7047,0.4063,9.9480
28.2511,0.2857,0.2866,9.8953
28.3513,0.5035,-0.0294,10.3215
28.4515,0.3503,0.5021,9.0909
28.5516,0.5730,0.2914,8.8036
28.6518,0.8603,0.5955,10.5178
28.7520,0.5419,0.3560,9.0238
28.8522,0.6735,0.6769,10.2449
28.9524,0.5035,0.4422,8.5331
29.0525,0.6664,0.7080,9.7421
29.1527,0.7286,0.7726,10.4149
29.2529,0.3599,0.2100,9.8116
29.3531,0.6592,0.3656,9.8403
29.4533,0.5610,0.5691,9.7780
29.5535,0.7885,0.6769,10.8482
29.6536,0.7837,-0.5322,9.6152
29.7538,0.4245,-0.1827,9.9337
29.8540,0.6233,0.1765,8.6480
29.9542,0.5466,0.1238,8.8658
30.0544,0.7238,0.3465,9.8570
30.1546,0.7070,0.4159,10.3335
30.2547,1.0183,-1.1763,9.3854
30.3549,0.6041,-0.5155,8.7294
30.4551,-1.9242,-0.5466,8.4301
30.5553,0.6927,-0.0031,9.3782
30.6555,0.9010,-0.8267,10.1300
30.7556,0.2881,-0.1108,11.9711
30.8558,-0.1094,0.5547,9.7325
30.9560,0.1157,0.5428,7.6328
31.0562,0.5682,0.0352,9.6224
31.1564,0.1971,-0.0318,10.3119
31.2565,0.8842,0.2483,10.4604
31.3567,0.9513,0.3704,10.0677
31.4569,0.5682,0.4590,9.3974
31.5571,0.8292,0.3082,9.1364
31.6573,0.6783,0.2842,9.8882
31.7574,0.5155,0.4566,9.0119
31.8576,0.4940,0.2483,10.0605
31.9578,0.3360,0.0017,10.1850
32.0580,0.4988,0.2914,8.9951
32.1582,0.2258,0.2818,9.0071
32.2584,0.0582,0.1070,9.6727
32.3585,0.5873,0.3058,9.5889
32.4587,0.3288,-0.0414,10.2449
32.5589,0.2402,0.3800,9.3519
32.6591,0.2809,-0.0462,8.8395
32.7593,0.0486,0.1166,9.7852
32.8595,0.0343,0.0065,9.8283
32.9597,-0.0687,0.1477,10.2473
33.0598,0.7214,0.2267,9.5338
33.1600,0.5969,0.1262,8.8012
33.2602,0.2139,0.2291,9.5242
33.3604,0.5419,0.2196,8.6336
33.4606,0.1372,0.0783,9.4093
33.5607,0.8483,-0.1994,10.2976
33.6609,0.0989,-0.3239,9.6416
33.7611,0.7693,0.0999,10.4676
33.8613,0.0032,-0.8650,10.0773
33.9614,0.1875,0.1669,9.2848
34.0617,0.5107,-0.5921,9.5554
34.1618,0.0606,0.0783,10.2138
34.2620,0.7789,-0.3167,9.7732
34.3622,-0.0830,0.1549,10.0677
34.4624,0.6424,-0.4484,9.8642
34.5626,-0.3656,0.0089,10.0821
34.6627,0.3886,-0.3718,9.9552
34.7629,-0.2722,0.1142,8.6384
34.8631,0.0175,-0.4460,9.7589
34.9633,0.1492,0.0951,9.4931
35.0635,0.0199,-0.2258,9.8092
35.1637,0.1827,-0.1324,10.5633
35.2638,0.3695,0.3321,10.0510
35.3640,-0.0471,-0.4891,9.3926
35.4642,-0.2027,-0.3311,9.8379
35.5644,-0.0471,-0.1515,8.8395
35.6646,0.2833,0.5404,9.7493
35.7647,0.0247,0.1597,9.4811
35.8649,-0.0950,0.1094,10.0797
35.9651,-0.3440,-0.1013,9.6104
36.0653,0.3503,-0.4221,8.7533
36.1655,-0.0759,0.3488,9.5266
36.2656,0.8411,-0.2258,9.0574
36.3658,-0.1118,0.4087,10.4053
36.4660,0.7238,0.0616,8.6791
36.5662,0.3743,0.2890,9.3566
36.6664,0.1755,-0.9057,10.0318
36.7666,0.6424,0.0304,10.4628
36.8667,0.3360,-0.2497,10.4388
36.9669,0.8794,-0.5226,9.3471
37.0671,0.0798,0.2555,9.6224
37.1673,0.8339,-0.3072,10.1635
37.2675,0.6448,0.1525,9.2250
37.3676,0.4748,0.3776,9.5578
37.4678,1.4924,-0.4963,9.8594
37.5680,0.3360,0.4087,10.9703
37.6682,0.3814,-0.3670,9.7972
37.7684,0.5969,-0.0869,9.7732
37.8685,0.6616,0.3249,10.8913
37.9687,-0.3775,-1.8155,10.1563
38.0689,-0.2411,-1.1786,9.6296
38.1691,-0.1261,-1.8969,9.0071
38.2693,0.0894,-1.2074,9.3159
38.3695,0.4245,-2.0406,10.3167
38.4696,0.2857,-1.9232,8.5019
38.5698,-0.0495,-2.1531,9.0717
38.6700,-0.7247,-1.9711,9.6559
38.7702,0.2115,-1.6766,9.8522
38.8704,0.0726,-1.8299,8.8706
38.9706,-0.5092,-2.2943,7.8794
39.0708,0.4628,-2.3183,9.9552
39.1709,0.0726,-1.9424,9.1364
39.2711,0.5658,-1.2816,9.8139
39.3713,0.2545,-1.4037,8.8563
39.4715,-0.0016,-2.2967,9.5362
39.5716,-0.1046,-2.0406,9.8187
39.6718,0.1923,-2.4500,9.8666
39.7720,-0.2961,-2.0238,10.4316
39.8722,0.3743,-2.3518,9.7014
39.9723,-0.0375,-1.5617,10.0941
40.0725,0.9082,-2.2800,9.0981
40.1727,0.8770,-1.3846,9.6080
40.2729,0.3695,-1.9615,9.5985
40.3731,0.5347,-2.1986,10.4125
40.4733,0.6999,-1.8801,9.9265
40.5734,0.9632,-2.0094,9.0502
40.6736,0.4604,-1.8873,9.5602
40.7738,1.0446,-1.6551,9.0981
40.8740,0.3360,-1.6383,8.8634
40.9742,0.4676,-2.1100,9.7589
41.0744,0.2186,-1.7844,8.9951
41.1745,0.6448,-1.7628,9.0215
41.2747,0.1707,-1.8490,9.3112
41.3749,0.6664,-2.1004,9.7278
41.4751,0.5275,-1.6335,9.2513
41.5753,0.6544,-1.7389,9.6320
41.6755,0.5107,-2.1196,9.8858
41.7756,-0.0998,-1.6407,9.8355
41.8758,-0.1142,-2.6535,9.4213
41.9760,0.1037,-2.0023,10.1396
42.0762,0.3958,-2.2489,10.2880
42.1764,0.0175,-1.6838,10.0390
42.2765,0.6328,-1.9185,9.0502
42.3767,0.0223,-1.6383,9.3040
42.4769,0.7837,-2.1292,9.2896
42.5771,0.1564,-1.9520,9.7230
42.6773,0.2067,-1.8610,10.0797
42.7774,0.4604,-1.5258,8.9664
42.8776,-0.3224,-1.6072,8.6719
42.9778,0.6687,-1.6168,9.8211
43.0780,0.3958,-2.2129,10.0151
43.1782,1.2074,-1.9065,10.4364
43.2783,0.0079,-2.2297,9.6990
43.3785,0.2498,-1.6000,9.4117
43.4787,0.5993,-1.8347,9.6416
43.5789,-0.0328,-1.9089,9.4117
43.6791,0.2809,-2.2345,9.6152
43.7792,0.5466,-1.8610,10.2593
43.8794,0.7166,-1.5426,9.4380
43.9796,0.6472,-1.6599,9.0981
44.0798,0.2067,-1.5761,9.2609
44.1800,0.1253,-2.1004,9.1675
44.2801,0.8818,-1.6335,9.8666
44.3803,0.4844,-1.5402,9.7613
44.4805,0.7118,-1.6048,9.2824
44.5807,0.3336,-2.1411,9.9145
44.6809,0.4389,-1.7078,10.1779
44.7811,0.7047,-1.8107,8.9425
44.8812,0.2115,-1.8323,9.2561
44.9814,0.5658,-1.8825,10.0510
45.0816,0.9082,-1.7916,10.0629
45.1818,0.8986,-1.5761,9.2441
45.2820,0.5490,-2.1268,9.9839
45.3821,0.3240,-1.7652,9.6487
45.4823,0.5419,-1.1906,8.6480
45.5825,0.3360,-1.8778,9.8235
45.6827,0.7214,-1.3438,9.4811
45.7829,0.6448,-1.4420,9.4835
45.8830,0.4676,-1.7389,10.0653
45.9832,0.7358,-2.1339,9.2178
46.0834,0.4700,-1.6790,9.8858
46.1836,0.3336,-1.4564,9.4572
46.2838,0.6041,-1.7173,9.2561
46.3840,0.8363,-1.5210,9.2202
46.4842,0.7837,-1.7437,9.4309
46.5843,1.2386,-1.5881,10.0462
46.6845,0.9680,-2.0358,9.5219
46.7847,1.1428,-1.6264,9.4213
46.8849,0.8890,-1.6862,9.7062
46.9851,0.8794,-1.7748,9.7541
47.0852,1.2003,-1.4516,10.1755
47.1854,0.7837,-1.5833,9.2848
47.2856,0.6664,-1.9400,9.3734
47.3858,0.9513,-1.7772,9.3926
47.4860,0.8866,-2.0023,8.9736
47.5861,0.5754,-1.5282,9.0454
47.6863,0.7549,-1.4707,9.4309
47.7865,0.7525,-1.3702,9.9576
47.8867,0.9010,-1.4420,9.8594
47.9869,0.8507,-1.2433,9.8379
48.0871,0.5945,-1.2720,10.0007
48.1872,0.8842,-1.3295,10.2688
48.2874,0.7980,-1.1308,10.0773
48.3876,0.4700,-1.4157,9.0861
48.4878,0.7382,-1.4037,8.8682
48.5880,0.5706,-1.1667,9.4428
48.6882,0.7262,-1.0039,9.6128
48.7884,0.8627,-1.2385,9.7230
48.8885,0.7214,-1.3175,8.9568
48.9887,0.5323,-1.2193,9.6296
49.0889,0.4772,-1.2553,10.1467
49.1891,0.6975,-1.4947,10.1372
49.2893,0.3192,-0.9273,8.1739
49.3894,0.4389,-1.1691,8.6480
49.4896,0.1995,-1.5138,9.9408
49.5898,-0.1716,-0.8770,10.4771
49.6900,1.0518,-1.0637,10.1420
49.7902,0.8986,-1.4684,9.1005
49.8903,1.0303,-1.4348,10.3143
49.9905,0.4748,-1.6790,8.9664
50.0907,1.6097,-1.1763,11.6886
50.1909,0.1779,-0.9536,7.3000
50.2911,0.6783,-0.9249,9.9552
50.3912,0.8316,-0.9632,11.3654
50.4914,0.4533,-0.8075,9.4333
50.5916,0.8866,-0.6280,8.6623
50.6918,0.7765,-1.2505,8.8515
50.7920,0.6999,-1.4109,9.7206
50.8922,0.8770,-0.9560,10.0917
50.9923,0.3862,-0.7357,9.6248
51.0926,0.5730,-0.9464,8.8611
51.1927,1.1189,-0.9368,8.8682
51.2929,0.4006,-1.2601,8.8347
51.3931,1.2410,-1.1667,10.6663
51.4932,-0.0543,-0.8530,7.3790
51.5934,0.7047,-1.0374,9.2058
51.6937,1.0949,-1.2313,9.5625
51.7938,0.5658,-1.1475,9.9959
51.8940,0.5730,-1.0278,10.9249
51.9942,0.1396,-1.1882,8.4899
52.0944,0.9872,-0.9297,9.5458
52.1945,0.9656,-1.2098,8.7557
52.2947,0.0941,-0.8961,9.3303
52.3949,0.1444,-0.7309,10.0055
52.4951,0.4198,-0.7812,8.4133
52.5953,1.0997,-1.4181,10.8746
52.6955,0.6544,-1.2146,9.3207
52.7956,1.0087,-1.1858,8.8850
52.8958,0.6041,-0.8459,9.6799
52.9960,0.2139,-0.7812,9.4237
53.0962,0.5802,-1.0925,10.4173
53.1963,0.5227,-1.0948,9.3542
53.2965,1.0494,-1.2936,9.6080
53.3967,0.7789,-1.3271,9.7278
53.4969,0.1947,-0.5490,9.3854
53.5971,0.1085,-0.6376,9.4021
53.6973,0.5059,-1.5090,9.4692
53.7975,0.5155,-0.9943,9.3806
53.8977,0.8411,-1.3079,10.0175
53.9978,0.2641,-0.9991,9.5530
54.0980,0.5802,-1.0925,9.4716
54.1982,0.6065,-1.1930,9.3423
54.2984,0.5802,-1.2361,10.0941
54.3985,0.5035,-1.1164,9.6152
54.4987,0.8244,-0.6376,9.4835
54.5989,0.4437,-1.3822,9.6559
54.6991,0.9872,-0.7549,8.8611
54.7993,0.4485,-0.8554,9.6870
54.8994,0.6233,-1.2002,9.7900
54.9996,0.3264,-1.0996,8.7437
55.0998,0.6664,-0.9823,9.8929
55.2000,0.9106,-0.9105,10.1994
55.3002,0.4964,-0.4628,10.2856
55.4004,0.4892,-0.7812,9.9289
55.5005,0.2234,-0.9081,8.6240
55.6007,0.3838,-1.1595,10.2736
55.7009,0.5993,-1.1332,9.8546
55.8011,0.7645,-0.5011,9.5338
55.9013,0.3120,-1.0182,8.3966
56.0015,0.4102,-1.0110,8.5618
56.1017,0.2186,-1.0757,9.8666
56.2019,0.4868,-1.0494,10.5705
56.3020,0.1516,-1.3008,9.9169
56.4022,0.4485,-1.4157,9.6152
56.5024,0.5466,-0.9751,10.0462
56.6026,-0.0064,-0.8506,9.0191
56.7027,0.4198,-1.3846,10.2042
56.8029,0.0558,-1.1020,10.1491
56.9031,0.8172,-0.7621,9.2250
57.0033,0.2713,-1.1571,8.3535
57.1035,0.5610,-1.0374,9.9696
57.2036,0.5634,-1.2505,10.1731
57.3038,0.4604,-0.8818,9.4668
57.4040,0.8483,-1.1786,9.1412
57.5042,0.3312,-1.0254,9.6176
57.6044,0.6759,-1.1739,10.0366
57.7045,0.1324,-1.0254,9.5003
57.8047,0.7525,-1.1020,10.1060
57.9049,0.3790,-0.9201,9.2633
58.0051,0.2186,-1.0925,8.7198
58.1053,0.5873,-1.1092,10.0151
58.2055,0.5993,-1.5043,10.0845
58.3056,0.6304,-1.2457,9.6942
58.4058,0.2689,-1.0518,9.2034
58.5060,0.5826,-1.1954,9.6080
58.6062,0.3168,-0.9081,9.2609
58.7064,0.3766,-1.0206,9.6607
58.8065,0.5993,-1.0901,10.4484
58.9067,0.4293,-0.9919,10.1372
59.0069,0.3407,-1.0877,8.9760
59.1071,-0.0687,-0.8387,9.1053
59.2073,0.6735,-1.2936,10.1994
59.3075,0.3958,-0.6615,9.9121
59.4077,0.0750,-0.5394,8.6001
59.5078,0.2522,-1.4396,8.4253
59.6080,0.3455,-1.2074,10.4819
59.7082,1.1428,-0.9297,10.2401
59.8084,0.4485,-1.0254,8.8036
59.9086,0.7358,-1.1212,9.9289
60.0088,0.6664,-0.7573,8.6719
60.1089,0.2905,-1.1284,9.5625
60.2091,0.6233,-1.4803,11.3271
60.3093,0.8579,-0.8578,10.3838
60.4095,0.9680,-1.1068,9.6847
60.5097,0.4317,-1.3008,9.5147
60.6098,0.5945,-0.9249,8.8946
60.7100,0.3862,-1.1427,8.4732
60.8102,0.2258,-1.2074,9.3016
60.9104,0.5634,-0.6519,8.6982
61.0106,0.3814,-1.0901,9.7924
61.1108,0.6975,-1.3774,9.5649
61.2109,0.6137,-0.9177,9.4117
61.3111,0.4796,-1.0015,9.8451
61.4113,0.2976,-1.2074,9.6775
61.5115,0.7166,-0.9991,9.6655
61.6117,0.4150,-1.0542,9.9696
61.7118,0.7525,-1.1547,9.7421
61.8120,0.3934,-0.8506,9.3375
61.9122,0.2905,-0.8506,9.9720
62.0124,0.3958,-0.9895,9.6775
62.1126,0.5155,-1.3055,9.0885
62.2128,0.3599,-1.1906,9.5123
62.3130,0.5347,-1.1499,9.8307
62.4132,0.5203,-1.0278,9.7278
62.5133,0.5730,-1.0230,9.7493
62.6135,0.6903,-1.3534,9.1388
62.7137,0.5371,-1.0063,9.9337
62.8139,0.6304,-0.6830,9.4069
62.9141,0.4988,-1.0470,9.1603
63.0143,0.4652,-1.3008,9.7804
63.1144,0.5275,-1.4636,9.9337
63.2146,0.5897,-0.8889,8.8706
63.3148,0.6735,-0.7645,9.0047
63.4150,0.4676,-0.8243,9.4811
63.5152,0.3240,-1.1284,10.3957
63.6153,0.4006,-0.8099,9.7230
63.7155,0.0989,-1.0350,9.0717
63.8157,0.3240,-1.4205,9.3064
63.9159,0.2809,-0.6615,9.4380
64.0161,0.7789,-1.1356,9.7900
64.1162,0.0510,-1.3031,9.4907
64.2165,0.3431,-0.8171,9.9839
64.3166,0.4700,-0.8099,9.6751
64.4168,0.2761,-1.0685,9.5195
64.5170,0.3144,-0.7621,10.0821
64.6172,1.0135,-0.8315,9.4452
64.7173,0.4030,-1.2553,9.1603
64.8175,0.3790,-0.9608,9.5195
64.9177,0.5035,-1.0374,8.8299
65.0179,0.3814,-1.0422,9.4093
65.1181,0.9632,-1.1954,10.2521
65.2183,0.8746,-0.5490,10.0749
65.3184,0.5706,-0.9033,9.2513
65.4186,0.4461,-1.3343,9.7852
65.5188,0.4245,-1.1667,9.3710
65.6190,0.5849,-0.8363,9.6511
65.7192,0.5035,-1.2193,9.4309
65.8194,0.8292,-0.8866,10.0246
65.9196,0.4581,-0.8315,9.9097
66.0197,0.8794,-1.1451,9.8594
66.1199,0.4772,-1.2050,9.6033
66.2201,0.0439,-0.8530,10.0318
66.3203,0.2019,-0.7262,10.1898
66.4205,0.2833,-1.2002,10.1539
66.5207,0.1301,-0.9464,9.8235
66.6208,0.8866,-1.0278,9.5721
66.7210,0.1660,-1.2098,9.3279
66.8212,0.2282,-1.0134,9.7780
66.9214,0.4628,-0.6519,9.2082
67.0216,0.7382,-0.6663,9.1867
67.1218,0.2689,-1.2361,9.2609
67.2219,0.1492,-0.8004,9.6870
67.3221,0.8579,-1.4229,10.5897
67.4223,0.6520,-1.1260,8.5331
67.5225,0.7717,-1.5857,9.2800
67.6227,0.4988,-0.9368,9.7589
67.7228,0.9369,-1.2433,10.6567
67.8230,0.8866,-0.8961,9.1579
67.9232,0.3503,-0.9727,8.9999
68.0234,0.0630,-0.7740,8.9113
68.1236,0.8148,-1.0326,10.1611
68.2238,0.4365,-1.6024,10.0629
68.3239,0.7956,-1.2409,9.6463
68.4241,0.2617,-1.1978,9.2944
68.5243,0.0175,-0.8602,9.7732
68.6244,0.5059,-1.5617,10.6375
68.7246,-0.0352,-1.0709,9.5386
68.8249,0.2617,-1.2744,8.6623
68.9250,0.3288,-1.1475,9.2824
69.0252,0.5251,-1.0613,9.6152
69.1254,0.5538,-0.9249,9.7421
69.2256,0.0582,-0.6998,9.2058
69.3258,0.4820,-0.8937,10.1635
69.4260,-0.0280,-0.9009,9.9528
69.5261,0.7094,-1.0039,9.9145
69.6263,0.5299,-0.8267,9.3183
69.7265,-0.0256,-1.5857,9.1172
69.8267,0.3551,-0.8889,9.0238
69.9269,0.9991,-1.0230,9.7373
70.0270,-0.1237,-1.5761,9.2872
70.1272,0.1420,-1.2337,9.5434
70.2274,0.7741,-0.9201,9.6272
70.3276,0.5873,-1.1810,10.7309
70.4278,0.7837,-1.4348,10.3670
70.5280,0.5107,-2.5122,8.3990
70.6281,-0.6313,-0.9727,6.2298
70.7283,0.6759,-0.8075,8.9041
70.8285,0.3814,-1.1379,10.1779
70.9287,0.7070,-1.2648,10.1276
71.0289,0.6783,-0.8028,9.2489
71.1291,0.1995,-0.9321,8.8970
71.2292,0.4389,-1.4779,9.5434
71.3294,0.7765,-1.0661,9.9193
71.4296,0.6185,-0.9129,10.1683
71.5298,0.9010,-0.9321,9.3040
71.6300,1.2841,-1.1044,9.0837
71.7302,0.4820,-0.7621,9.0741
71.8303,0.8196,-1.1595,9.7924
71.9305,0.7789,-1.5665,10.4029
72.0307,0.9153,-0.8937,9.9839
72.1309,0.8339,-0.8099,9.1699
72.2310,0.7406,-1.0422,8.6097
72.3312,0.6520,-0.8889,9.7349
72.4314,0.7334,-1.4564,9.7301
72.5316,0.9537,-0.9321,10.2186
72.6318,0.5682,-0.5107,9.4931
72.7320,0.8746,-0.7381,9.3303
72.8321,-0.0040,-1.0637,8.1739
72.9323,0.3838,-1.2146,10.2569
73.0325,0.7573,-1.3223,9.4716
73.1327,0.5969,-1.1739,9.9839
73.2329,-0.3296,-2.4045,8.9640
73.3330,0.2569,-1.5210,8.9688
73.4332,0.3312,-0.8889,9.3447
73.5334,0.1420,-0.9033,9.1029
73.6336,0.3024,-1.0613,9.9073
73.7338,0.3934,-1.0901,9.3950
73.8340,0.5993,-1.0853,9.3614
73.9341,0.2162,-0.8004,9.4452
74.0343,0.9489,-1.0542,9.6176
74.1345,0.3383,-1.1715,9.8929
74.2347,0.4652,-1.0925,9.7684
74.3349,0.1947,-0.6950,9.5027
74.4350,0.5131,-0.9775,9.4213
74.5352,0.2115,-1.1164,9.4883
74.6354,0.7070,-1.1667,9.4596
74.7356,0.1731,-1.0901,9.4931
74.8358,0.4245,-1.2553,9.8570
74.9360,0.1827,-1.0972,9.4644
75.0361,0.4509,-0.9344,9.1651
75.1363,0.3695,-0.8028,9.6583
75.2365,0.4916,-0.8985,10.0175
75.3367,0.4581,-1.0326,9.6392
75.4369,0.4724,-1.3510,8.9927
75.5371,0.2737,-1.0398,9.4716
75.6372,0.4533,-1.1068,9.7708
75.7374,0.5634,-1.2960,10.2449
75.8376,0.1253,-0.9129,9.6535
75.9378,0.3024,-0.9680,9.1555
76.0380,0.3048,-1.0158,9.3183
76.1382,0.3072,-1.0206,10.0079
76.2384,0.0367,-1.2289,9.0550
76.3385,0.1707,-0.9680,9.0310
76.4387,0.8531,-1.3415,9.4380
76.5389,0.5179,-0.8818,10.6926
76.6391,0.5969,-1.1260,9.6918
76.7393,0.5203,-0.8530,9.4452
76.8395,0.9177,-0.9919,10.2928
76.9396,0.1660,-0.8602,9.4931
77.0398,0.2043,-0.9249,8.3966
77.1400,0.2545,-1.0326,9.3327
77.2402,0.4772,-0.7333,10.0988
77.3404,0.5251,-0.9823,9.6200
77.4406,0.0295,-0.6974,8.7246
77.5407,0.7669,-1.2648,9.5913
77.6409,0.3383,-0.2377,10.0175
77.7411,1.8491,-0.6615,10.6447
77.8413,-0.1213,-0.2186,8.1476
77.9415,0.4748,-1.0398,10.5346
78.0416,0.3575,-1.3702,9.4644
78.1418,-0.2219,-0.9751,9.5027
78.2420,0.6424,-0.8961,9.6823
78.3422,0.6759,-0.9225,9.8116
78.4424,0.6759,-1.6407,9.0071
78.5426,0.1277,-0.7908,8.9927
78.6427,1.2266,-0.8051,9.4452
78.7429,0.6999,-0.7908,8.9688
78.8431,0.4628,-1.1667,10.0965
78.9433,0.4748,-0.7597,10.5226
79.0435,1.1596,-0.7070,10.3191
79.1437,0.7118,-1.1332,10.1515
79.2438,0.1779,-0.8459,9.4333
79.3440,0.6017,-1.1092,9.6823
79.4442,0.3719,-1.2936,10.0390
79.5444,1.0135,-0.7908,9.6727
79.6446,0.2378,-0.5609,8.2242
79.7447,1.1284,-0.9392,9.8068
79.8449,0.8746,-1.0446,9.6847
79.9451,0.8316,-0.7573,9.8187
80.0453,0.9632,-0.9009,10.0749
80.1455,0.8555,-0.8459,10.1252
80.2456,0.7262,-1.2457,9.7158
80.3458,0.5754,-0.9344,9.9408
80.4460,0.2953,-1.2098,9.2250
80.5462,0.4317,-1.2529,9.4189
80.6464,0.7142,-1.1954,10.1850
80.7466,0.3910,-0.9512,9.7158
80.8467,0.5730,-0.8147,9.0813
80.9469,0.4365,-0.9727,8.6695
81.0471,0.5107,-0.8147,9.8068
81.1473,0.3383,-0.9512,10.7549
81.2475,0.6137,-0.9177,9.8355
81.3477,0.7382,-1.0589,9.4380
81.4479,0.5083,-1.1643,9.3902
81.5480,0.9129,-0.6759,9.5027
81.6482,0.4078,-0.4388,9.1340
81.7484,0.5562,-0.2928,9.5242
81.8486,0.6352,-0.4891,8.3176
81.9487,0.1109,-1.9735,9.9217
82.0489,2.3615,-1.0494,10.9512
82.1491,0.2139,-0.6687,8.2433
82.2493,0.3982,-0.9416,9.2753
82.3495,1.0758,-0.5179,9.9313
82.4497,1.0973,-0.8291,9.2178
82.5498,0.4628,-1.2457,9.7900
82.6500,0.8794,-1.5330,9.9552
82.7502,0.9010,-1.2313,9.9696
82.8505,1.1883,-1.2193,10.0558
82.9506,1.2146,-1.2672,9.3782
83.0508,0.9297,-1.3869,9.2609
83.1510,0.7597,-0.7429,9.0334
83.2512,1.0590,-0.8506,9.5602
83.3514,0.4628,-1.2313,10.5753
83.4516,0.5083,-1.7173,9.8522
83.5518,0.5371,-1.9137,9.2226
83.6519,0.6903,-1.0685,8.9784
83.7521,0.1516,-1.1858,10.2138
83.8523,0.4389,-1.2936,10.2377
83.9525,0.3551,-1.1308,10.0605
84.0527,0.2139,-0.9225,9.8283
84.1529,0.1540,-1.1475,9.2800
84.2530,0.4916,-1.1858,8.9688
84.3532,0.0462,-1.2720,9.5051
84.4535,0.6424,-1.2385,10.0749
84.5536,0.7094,-1.1116,9.4452
84.6538,0.2091,-1.3462,9.3351
84.7539,-0.0495,-1.5330,9.2681
84.8542,0.1923,-1.3774,9.7397
84.9543,0.3623,-1.2289,9.5530
85.0545,0.1061,-1.1763,9.1412
85.1547,0.0199,-1.4516,9.8020
85.2549,0.3647,-1.1906,9.4261
85.3551,0.6975,-0.9344,9.3950
85.4553,0.1899,-1.0470,9.3878
85.5554,0.7382,-1.3295,10.0677
85.6556,0.5993,-1.2433,9.5985
85.7558,0.2091,-1.2984,9.5051
85.8560,0.8124,-1.1930,9.9791
85.9561,0.4389,-0.8411,8.5737
86.0563,0.4269,-1.3271,9.4189
86.1565,0.3599,-0.9919,10.3981
86.2567,0.4174,-1.6575,9.5147
86.3569,0.4174,-1.0565,9.5075
86.4571,0.8818,-1.3678,9.8307
86.5572,0.6951,-1.3127,10.0749
86.6574,0.5538,-1.1475,9.2417
86.7576,0.6975,-1.3869,9.5147
86.8578,0.7669,-0.9297,9.8738
86.9580,0.4150,-0.9249,9.7828
87.0582,0.3599,-0.9536,9.1891
87.1584,0.1971,-1.3223,9.4500
87.2585,0.3168,-1.0230,9.9839
87.3587,0.8699,-0.9225,9.5051
87.4589,0.9585,-1.2265,9.8116
87.5591,0.4078,-1.1499,9.5434
87.6593,0.5730,-1.1810,10.1300
87.7595,0.3934,-0.9344,9.6559
87.8596,0.7549,-0.8051,9.7804
87.9598,0.5443,-0.9057,9.6152
88.0600,0.5897,-1.1379,9.3590
88.1602,0.5754,-1.1188,8.8611
88.2604,0.5347,-1.2601,9.2800
88.3606,0.5802,-0.7884,9.7230
88.4607,0.5011,-1.0925,9.2920
88.5609,0.4317,-1.4899,9.9337
88.6611,0.4724,-1.0685,9.5793
88.7613,0.6304,-1.1475,8.8706
88.8615,0.8890,-1.6383,10.1683
88.9616,0.5993,-1.1930,9.5841
89.0618,0.9680,-0.8674,9.3734
89.1620,0.7741,-1.1212,9.1579
89.2622,0.6041,-0.7860,9.9337
89.3624,0.3886,-1.1978,9.6152
89.4625,0.6807,-1.1930,9.8953
89.5627,0.6831,-1.2074,10.0438
89.6630,0.6328,-1.2553,9.4740
89.7631,0.6568,-1.4684,9.4764
89.8633,0.5107,-1.0853,9.7182
89.9635,0.6137,-0.8483,9.1460
90.0637,0.6137,-1.1667,9.8858
90.1638,0.3934,-1.1068,10.3311
90.2640,0.6352,-1.1308,9.7062
90.3642,0.4198,-0.9632,9.3399
90.4644,0.4628,-1.0039,9.8570
90.5646,0.8603,-1.1020,9.8092
90.6648,0.5203,-1.0087,9.7278
90.7649,0.5897,-1.3199,9.8738
90.8651,0.5969,-1.1691,9.6057
90.9653,0.3192,-0.1707,7.9584
91.0655,1.0303,-1.0302,9.6511
91.1657,0.4724,-1.3295,9.8834
91.2658,1.2074,-1.1643,9.8929
91.3660,0.6855,-1.2457,9.4572
91.4662,0.9297,-1.1212,9.9959
91.5664,0.2905,-1.1284,8.9544
91.6666,0.5658,-0.8578,9.2681
91.7667,0.6616,-1.3127,9.3303
91.8669,0.9632,-1.0494,9.8307
91.9671,0.7837,-0.8650,9.3950
92.0673,0.7142,-1.1523,10.0677
92.1675,0.8866,-1.2217,10.2832
92.2677,0.2617,-1.2337,9.3542
92.3679,0.8076,-1.4109,8.8802
92.4680,0.5658,-1.3678,10.0103
92.5682,0.8962,-1.7700,10.0893
92.6684,0.9465,-0.7932,10.0701
92.7686,0.6783,-0.6806,8.7868
92.8687,0.4628,-1.1164,9.9839
92.9690,0.7502,-1.6192,9.9169
93.0691,0.7214,-0.9512,9.8810
93.1693,0.6951,-0.9656,9.0646
93.2695,0.6017,-0.6400,9.2800
93.3697,1.1093,-1.2816,9.5721
93.4698,0.3479,-0.9488,9.8499
93.5700,0.5873,-0.9536,9.5386
93.6702,0.4389,-1.2960,8.8203
93.7704,0.3838,-1.2146,9.6104
93.8706,0.9417,-0.9105,9.5865
93.9708,0.3790,-1.1451,9.4380
94.0709,0.6328,-0.9464,9.5506
94.1711,0.4748,-0.9321,9.7469
94.2713,0.5203,-0.8459,10.0222
94.3715,0.6687,-0.7357,11.2912
94.4717,0.3719,-1.1978,9.0215
94.5719,0.4485,-1.0709,7.6711
94.6721,0.5778,-1.2744,9.6296
94.7722,0.5443,-1.7796,10.4173
94.8724,0.7166,-1.4037,9.7182
94.9726,0.5035,-1.2433,9.5027
95.0728,0.6951,-1.4899,9.6990
95.1729,0.5179,-1.0613,9.8714
95.2731,1.0422,-0.9129,9.6320
95.3733,0.6783,-0.8435,9.8451
95.4735,0.5754,-0.8674,9.4045
95.5737,0.9225,-1.3917,9.2513
95.6739,0.4652,-1.0278,9.7301
95.7740,0.7023,-1.0470,10.2808
95.8742,0.7813,-1.2050,9.8187
95.9744,0.7023,-1.2409,9.4117
96.0746,0.5538,-1.3774,9.7301
96.1748,0.8244,-1.1619,10.3047
96.2750,0.6017,-1.0398,9.4644
96.3751,1.3319,-0.6328,9.1771
96.4753,0.4868,-0.7214,8.1189
96.5755,0.9417,-0.6854,10.1420
96.6757,0.7908,-1.0901,9.5075
96.7759,0.8196,-0.8937,9.4548
96.8761,0.9249,-1.1906,9.9265
96.9763,0.8148,-1.3199,9.2776
97.0764,0.7573,-1.5497,8.5307
97.1766,0.5059,-0.8626,9.2345
97.2768,1.1189,-1.7054,10.1587
97.3770,0.7382,-0.9680,9.0813
97.4772,0.9752,-0.7932,9.0382
97.5774,0.7238,-0.9009,9.9720
97.6775,0.9608,-1.2169,10.0629
97.7777,0.6281,-1.3103,9.7301
97.8779,0.7454,-1.2505,9.4764
97.9781,0.9680,-1.0589,10.0653
98.0783,1.2027,-0.6519,9.6823
98.1785,1.1141,-0.7621,9.5458
98.2786,0.7142,-1.1116,9.9935
98.3788,0.7478,-1.0110,9.7038
98.4790,1.3415,-1.0757,9.9217
98.5792,1.0470,-1.1523,9.0430
98.6794,1.1284,-0.8913,9.3806
98.7796,1.0806,-0.8459,9.6057
98.8797,1.1524,-1.0039,10.2593
98.9799,0.7549,-1.0685,9.5482
99.0801,0.8028,-0.9033,9.5410
99.1803,0.9896,-0.9321,10.4388
99.2805,0.8244,-1.0158,10.5011
99.3806,1.2505,-0.4412,9.5027
99.4808,0.8100,-0.6854,9.6320
99.5810,1.0111,-0.7094,9.2417
99.6812,1.1931,-0.6998,9.6368
99.7814,0.7094,-0.9727,8.6695
99.8816,0.8699,-1.2912,9.6535
99.9817,1.0925,-1.1763,9.6894
100.0819,1.4277,-0.8171,10.4724
100.1821,0.9537,-0.8913,10.1108
100.2823,0.8866,-1.3750,9.7469
100.3824,0.8028,-1.1691,9.9672
100.4826,0.6687,-0.5107,9.0574
100.5828,0.7932,-1.1308,10.4245
100.6830,0.6568,-0.8794,9.7756
100.7832,0.0415,-0.5993,8.6360
100.8834,0.7166,-0.3526,10.1156
100.9835,2.5195,-1.9089,12.5026
101.0837,0.1133,-1.5785,9.4620
101.1839,-0.1549,-1.2169,9.5242
101.2841,0.1660,-1.8275,10.6615
101.3843,1.5235,-1.6886,9.6727
101.4845,0.8100,-1.9209,6.6608
101.5846,1.3966,-0.8794,9.9743
101.6848,0.8507,-0.4388,10.1467
101.7850,0.7573,-1.0039,9.9384
101.8852,1.0494,-0.9009,9.9911
101.9854,0.7932,-0.6184,9.2441
102.0856,0.9800,-1.1260,10.0007
102.1858,0.9848,-1.0709,9.8714
102.2859,1.0566,-0.7860,9.9576
102.3861,0.9656,-0.8842,9.9887
102.4863,0.9680,-0.9584,10.0175
102.5865,0.9417,-0.6663,10.1012
102.6867,0.9800,-0.8075,9.2417
102.7868,1.1069,-0.6759,9.4859
102.8870,1.1524,-0.7740,10.3646
102.9872,1.0518,-0.5466,9.7397
103.0874,1.2003,-0.5155,9.2465
103.1876,0.8459,-1.0182,9.7637
103.2877,1.2888,-0.7884,10.0175
103.3879,0.9273,-0.3814,8.7390
103.4881,0.9537,-0.7262,8.9927
103.5883,1.3391,-1.1930,9.5937
103.6884,0.6879,-1.0637,9.4811
103.7887,1.1308,-1.0565,9.6775
103.8888,0.7166,-0.9895,10.6615
103.9890,0.7334,-0.9775,10.2712
104.0892,0.4748,-0.9847,9.2298
104.1894,0.3838,-1.0542,8.3176
104.2896,1.0159,-0.8770,10.5873
104.3897,0.4389,-0.9584,9.1555
104.4900,0.4293,-1.2625,7.8100
104.5901,0.6640,-0.8171,11.1140
104.6903,0.6616,-0.5346,10.4388
104.7905,0.6735,-0.6280,9.1460
104.8907,0.6544,-0.8483,9.4548
104.9908,0.4796,-1.2241,10.0438
105.0910,0.3671,-0.9153,9.3327
105.1912,0.3240,-1.1236,10.3981
105.2914,0.6328,-0.4963,10.2186
105.3916,1.0351,-1.1786,8.6599
105.4918,0.4868,-0.6711,9.4261
105.5920,1.1667,-0.7788,9.6152
105.6921,0.7621,-0.6902,8.8658
105.7923,0.8124,-0.4436,9.7158
105.8925,1.0446,-0.8363,10.6543
105.9927,0.6113,-1.0709,9.2729
106.0929,1.1380,-0.5969,8.9233
106.1930,1.0063,-0.8698,9.6152
106.2932,0.7214,-0.8195,9.3495
106.3934,1.1332,-1.1475,9.9241
106.4936,1.0135,-0.7309,10.2760
106.5938,1.1404,-0.8315,10.0917
106.6940,0.8914,-0.7238,9.7780
106.7941,0.9177,-0.8123,9.5697
106.8943,0.4437,-0.8722,9.7349
106.9945,1.0925,-0.7166,9.6272
107.0947,0.7932,-0.1635,9.5506
107.1949,0.7047,-0.7573,9.4716
107.2950,1.0662,-0.7764,10.2042
107.3952,0.8100,-0.6663,9.2010
107.4954,0.9465,-0.9727,9.4213
107.5956,0.7382,-0.7214,9.6392
107.6958,0.9704,-0.9321,9.3303
107.7960,0.7430,-1.0709,8.4445
107.8962,1.0159,-0.6400,10.5322
107.9963,1.4277,-0.6735,10.6160
108.0965,0.2043,-1.1188,9.7972
108.1967,0.7956,-1.1523,9.9169
108.2969,0.9896,-0.6974,9.2561
108.3971,1.1979,-0.8961,8.9305
108.4973,0.7645,-0.7956,9.7134
108.5974,0.9896,-0.7309,9.8690
108.6976,0.9249,-0.7429,9.8929
108.7978,1.1260,-0.3191,9.2106
108.8980,0.9465,-0.8794,8.4445
108.9982,0.6903,-0.9464,9.5266
109.0984,1.3056,-0.7860,10.3431
109.1985,0.8794,-0.7621,9.3710
109.2987,0.9201,-0.8506,9.4333
109.3989,1.3846,-0.8267,9.9001
109.4991,0.8148,-0.8746,9.4955
109.5993,0.9680,-0.9799,9.7182
109.6995,1.1883,-0.6974,9.8834
109.7996,0.7980,-0.8626,9.4668
109.8998,1.1332,-0.8291,10.1922
110.0000,0.9680,-1.1643,9.2345
110.1002,0.9608,-0.8722,9.0262
110.2003,1.0590,-0.9871,9.9576
110.3005,0.6807,-1.1236,9.5003
110.4007,0.7238,-0.4556,10.1467
110.5009,1.1739,-0.4173,9.9720
110.6011,0.5131,-0.7549,8.7150
110.7013,0.8962,-0.7166,9.9241
110.8015,0.7238,-0.9033,9.2944
110.9016,0.7406,-0.4364,9.4404
111.0018,1.2769,-0.5825,10.9823
111.1020,0.6185,-0.7788,9.4093
111.2022,0.9561,-0.4029,9.1651
111.3024,0.5490,-1.1140,9.8882
111.4026,0.7310,-1.2289,9.4907
111.5027,0.6304,-1.0110,9.3902
111.6029,0.6855,-0.9632,9.0981
111.7031,0.9632,-1.1619,10.2042
111.8033,1.3128,-0.6088,10.5753
111.9034,0.2426,-0.4724,9.3638
112.0036,0.6855,-0.5083,9.7469
112.1038,1.0422,-0.8626,8.6264
112.2040,1.1548,-0.5059,10.6471
112.3042,0.8603,-1.1691,10.6735
112.4044,0.9728,-0.9919,9.8762
112.5045,0.5993,-0.6376,8.9712
112.6047,0.5778,-0.6352,9.3566
112.7049,0.0295,-1.3630,9.5673
112.8051,0.7070,-1.1403,10.3287
112.9053,0.9537,-0.6783,10.6423
113.0055,1.1165,-0.7453,8.8539
113.1057,0.0295,-1.1499,7.5059
113.2059,1.2050,-1.0781,10.1539
113.3060,1.2505,-1.6335,10.9249
113.4062,0.9824,-0.9608,9.6272
113.5064,1.4133,-0.8866,9.6176
113.6066,0.1899,-0.5514,9.2872
113.7068,1.2984,-0.4700,10.5514
113.8070,0.8052,-1.3199,8.7844
113.9072,0.4150,-0.4771,10.0749
114.0073,0.2905,-0.1563,8.9448
114.1075,0.4988,-0.8315,9.0765
114.2077,0.5730,-1.2169,10.0605
114.3079,1.2410,-1.2193,10.0821
114.4081,0.6759,-1.0158,9.6296
114.5083,0.9249,-0.6591,10.1204
114.6084,0.8076,-0.8195,9.7852
114.7086,0.7166,-1.0015,9.3686
114.8088,0.3407,-1.1284,8.7916
114.9090,0.6161,-1.1236,9.8187
115.0091,1.0710,-1.2313,9.8163
115.1094,0.8794,-0.9009,9.6847
115.2095,0.6711,-0.9344,9.4380
115.3097,0.5969,-0.7142,10.2377
115.4099,0.9129,-0.8578,10.4460
115.5101,0.7885,-0.7142,9.2537
115.6102,0.9321,-0.8746,9.1364
115.7104,0.6472,-1.1140,9.8882
115.8106,0.5969,-1.2529,9.4835
115.9108,0.7382,-1.0589,10.0462
116.0110,0.8866,-1.2313,10.4676
116.1112,0.9513,-1.0805,9.7637
116.2113,0.8531,-0.6950,9.5625
116.3115,0.6233,-1.0206,9.3950
116.4117,0.9896,-0.9440,9.2250
116.5119,0.7118,-0.3239,9.0143
116.6121,0.7214,-0.9344,9.7110
116.7123,0.4030,-0.8889,9.1148
116.8125,0.7837,-1.1499,8.9640
116.9126,0.6185,-0.9991,10.4340
117.0128,1.0997,-0.8866,10.2018
117.1130,0.9776,-0.3957,9.8475
117.2132,0.5347,-0.7477,8.9688
117.3133,0.3503,-0.9775,9.1220
117.4136,0.7980,-0.6519,9.8020
117.5137,0.4868,-0.7238,9.7828
117.6139,0.9824,-1.0829,10.0198
117.7141,0.5179,-0.9392,10.3526
117.8143,1.0518,-0.2712,9.6894
117.9145,0.3216,-0.6998,8.2625
118.0146,0.8938,-1.1786,9.8738
118.1148,0.9201,-1.0613,10.3598
118.2150,0.3383,-1.0134,9.1148
118.3152,0.7094,-1.2529,8.9808
118.4154,0.9177,-0.8387,9.8834
118.5155,1.1500,-0.8387,9.9145
118.6157,0.8579,-1.3008,10.1108
118.7159,0.8316,-1.0087,10.3335
118.8161,1.1189,-0.6663,9.6440
118.9163,0.7238,-0.8746,8.9808
119.0165,0.7190,-0.6016,9.1819
119.1167,0.9393,-1.1403,8.9401
119.2168,0.8818,-1.1547,9.5290
119.3170,0.4892,-1.3295,10.0917
119.4172,0.9872,-1.1308,10.4388
119.5174,0.9704,-0.8578,9.7637
119.6176,0.4724,-1.0326,8.7485
119.7178,0.8723,-0.5873,9.6272
119.8179,1.0686,-1.0015,9.4069
119.9181,1.2266,-0.6711,9.7852
120.0183,0.7214,-0.9799,8.9209
120.1185,0.8746,-0.9297,9.4620
120.2187,0.9776,-0.4293,9.8283
120.3188,0.9345,-0.8650,9.5410
120.4190,0.8435,-0.9799,10.0055
120.5192,0.7549,-0.9871,8.8323
120.6194,0.9585,-1.0206,10.0342
120.7196,0.7286,-1.3415,10.6256
120.8198,0.6161,-0.7381,9.6559
120.9199,0.7813,-0.6950,8.5881
121.0201,0.8770,-0.6519,9.7086
121.1203,1.0063,-1.4516,10.7692
121.2205,0.9393,-0.9584,10.4771
121.3207,1.2481,-1.6311,8.1548
121.4209,0.6089,-1.0230,10.1276
121.5210,0.4533,-0.6663,9.5937
121.6212,1.4133,-1.0901,9.8953
121.7214,0.7693,-0.7238,9.5530
121.8216,0.6879,-0.9680,9.1771
121.9218,0.7956,-0.6902,9.1364
122.0220,0.4652,-1.3151,8.7892
122.1221,0.4413,-0.5657,10.1396
122.2223,0.8531,-0.5346,9.8905
122.3225,0.7813,-0.8435,9.8905
122.4227,0.3934,-1.2217,9.5745
122.5229,1.1739,-0.9584,9.9576
122.6231,0.7358,-0.9584,9.2130
122.7232,0.7382,-1.1810,9.5530
122.8234,1.1452,-1.3319,9.1938
122.9236,1.4804,-1.2936,9.7804
123.0238,0.5634,-1.0182,9.2992
123.1239,0.7908,-1.2361,10.4053
123.2241,1.5857,-1.1547,9.9767
123.3243,0.8770,-1.7173,8.5666
123.4245,0.5754,-1.9783,9.7756
123.5246,0.8435,-1.3247,9.7565
123.6249,0.8699,-1.6982,9.7708
123.7250,0.9273,-1.6766,9.4500
123.8252,0.8866,-1.7293,9.1915
123.9254,0.5107,-1.5043,8.6360
124.0256,0.5993,-1.9663,9.4093
124.1257,0.4533,-2.2776,10.0749
124.2259,0.8411,-1.7892,9.1962
124.3261,0.8435,-2.0525,8.8682
124.4263,1.0686,-2.1938,10.6735
124.5265,0.8196,-1.3917,9.9600
124.6267,1.0973,-1.3438,9.3279
124.7268,0.6831,-2.2249,7.0295
124.8270,0.8699,-1.6288,9.2681
124.9272,1.2529,-1.8586,10.0438
125.0274,0.7837,-1.5162,9.2202
125.1276,0.7956,-1.7676,9.3997
125.2278,0.5538,-1.7245,9.6583
125.3280,0.5275,-1.6982,9.8379
125.4281,0.3671,-1.8035,9.5027
125.5283,0.4796,-2.2417,10.4700
125.6285,0.2162,-1.7341,10.2090
125.7287,0.2976,-1.7485,9.4021
125.8289,0.6137,-2.0597,9.5697
125.9290,0.3288,-2.0070,9.5075
126.0292,0.3647,-1.9592,10.1108
126.1294,0.5131,-1.4324,9.4021
126.2296,0.4964,-2.2800,7.8794
126.3298,0.2857,-2.2273,10.1324
126.4299,0.5347,-2.0717,10.5705
126.5301,0.7932,-2.2584,10.1276
126.6304,0.6089,-2.1339,9.3542
126.7305,0.5131,-2.2608,9.4979
126.8307,0.4365,-2.2153,9.7852
126.9309,0.4078,-2.0430,9.3375
127.0311,0.5778,-2.0382,9.5051
127.1313,0.6376,-2.0214,9.6152
127.2315,0.7478,-2.0094,9.5841
127.3316,0.4892,-2.0837,9.8858
127.4318,0.8100,-1.5426,9.3997
127.5320,0.5969,-1.6838,9.3399
127.6322,0.4868,-1.9831,9.3351
127.7323,0.6376,-1.6431,9.9097
127.8325,0.8723,-1.6814,10.2138
127.9327,0.5347,-1.5737,9.5673
128.0329,0.5778,-1.8035,9.1867
128.1331,0.4916,-2.0741,8.5187
128.2333,0.9393,-1.5234,10.0701
128.3334,0.8675,-1.6743,9.7445
128.4336,0.5610,-1.9687,8.6456
128.5338,0.4988,-1.6503,9.6272
128.6340,0.4269,-1.7700,9.3207
128.7342,0.3743,-1.8993,9.9025
128.8344,0.7741,-1.4923,9.4500
128.9345,0.7645,-1.4707,9.8259
129.0347,0.9153,-1.6264,9.3614
129.1349,0.5538,-1.7892,9.2753
129.2351,0.7023,-1.5330,9.4165
129.3352,0.8387,-1.4612,9.8714
129.4354,0.8124,-0.8411,9.4979
129.5357,0.5897,-1.1858,9.2657
129.6358,0.6424,-1.2984,9.3136
129.7360,0.5610,-1.1954,9.7469
129.8362,0.4772,-1.2625,9.4931
129.9364,0.5227,-1.7700,9.9001
130.0365,0.4916,-1.4516,9.8092
130.1367,0.0391,-1.8179,9.7661
130.2369,0.2641,-1.4923,8.8730
130.3371,0.2450,-1.6264,9.0406
130.4373,0.6185,-1.5881,9.4835
130.5375,0.0534,-1.5761,9.5386
130.6376,0.0822,-0.9033,9.8427
130.7378,0.1731,-1.1619,9.5003
130.8380,0.5658,-1.6168,9.7254
130.9382,0.6520,-0.5083,9.9959
131.0384,0.0343,0.4925,9.5913
131.1386,0.0678,0.3512,9.4620
131.2388,0.5466,0.1334,9.5075
131.3389,0.3790,0.7654,9.5410
131.4391,0.1205,1.1509,9.4764
131.5393,0.4748,1.1054,10.1922
131.6395,0.4269,1.0958,9.3878
131.7396,0.4604,1.1892,9.6990
131.8398,0.1301,0.9306,10.6112
131.9400,0.0894,1.1437,9.8451
132.0402,0.0295,1.2826,9.8403
132.1404,0.0726,1.0934,8.9903
132.2406,-0.0160,0.8373,9.2657
132.3408,-0.2099,0.6912,10.3239
132.4409,0.2354,0.3608,10.0677
132.5411,0.1181,0.6505,10.4819
132.6413,0.6664,0.6721,9.9791
132.7415,0.1277,0.5093,9.0047
132.8417,0.4245,0.5308,9.6104
132.9418,0.4413,1.0360,9.4835
133.0420,0.8339,0.9187,9.6463
133.1422,0.3575,0.7319,10.4029
133.2424,0.3766,0.8181,10.2664
133.3426,0.4437,1.3520,10.0917
133.4428,0.0678,0.4398,8.9640
133.5430,0.9896,1.0504,10.3766
133.6431,0.3695,0.9043,10.3167
133.7433,0.4628,0.4111,9.6080
133.8435,0.3479,0.7654,9.2058
133.9437,0.4461,1.0025,9.6751
134.0439,0.6568,0.4422,10.2377
134.1441,0.8579,0.4566,10.0175
134.2442,0.8866,0.8540,10.1946
134.3444,0.8866,0.5667,9.9887
134.4446,0.9680,1.0144,9.4835
134.5448,0.8004,0.5595,8.9951
134.6449,0.6975,0.6314,10.3215
134.7452,0.4437,0.4997,9.9648
134.8453,0.3647,0.3177,9.6009
134.9455,0.6975,0.7271,10.0653
135.0457,0.3336,0.0903,10.1659
135.1459,0.7837,0.8564,10.8842
135.2461,0.3862,0.3441,9.3519
135.3462,0.4581,0.9522,9.6440
135.4464,0.6520,0.8588,10.0845
135.5466,0.4557,0.6745,9.6224
135.6468,0.8555,0.6218,10.3431
135.7470,0.4293,0.3058,9.6033
135.8472,0.8124,0.7678,9.1627
135.9473,0.8316,0.6553,9.8116
136.0475,0.5059,0.1597,9.9504
136.1477,0.7118,0.0568,9.1867
136.2479,1.1524,0.5500,9.7948
136.3481,0.9561,0.6816,10.2353
136.4483,0.5443,0.1549,10.2329
136.5484,0.7741,0.3058,9.9863
136.6486,0.6568,-0.3503,9.6535
136.7488,0.6759,0.4686,10.0486
136.8490,0.7645,0.1597,9.8355
136.9492,1.3104,0.3584,9.7996
137.0494,0.9585,0.5308,9.7349
137.1496,0.1540,0.2651,9.8977
137.2497,0.6879,0.1693,9.5865
137.3499,0.4509,0.1382,9.7182
137.4501,0.4916,0.3465,10.1611
137.5503,0.5562,0.0256,10.2521
137.6505,0.4221,0.0951,10.0677
137.7507,0.5323,-0.3790,9.9073
137.8508,-0.0088,-1.7628,9.5099
137.9510,0.4964,-1.7126,9.3566
138.0512,-0.2650,-1.5330,9.7541
138.1514,0.0917,-1.9568,9.8235
138.2516,0.2881,-2.1268,10.4747
138.3518,0.4317,-1.6192,10.1922
138.4520,-0.3751,-1.7102,8.9808
138.5521,0.5419,-1.5162,10.0582
138.6523,0.1492,-1.9879,9.6535
138.7525,0.8387,-0.8506,9.5673
138.8527,0.7238,-2.1770,8.6336
138.9529,0.4676,-2.3710,9.4069
139.0531,1.0710,-1.7317,10.1132
139.1532,0.7310,-2.1148,9.4572
139.2534,0.5945,-2.1770,10.0390
139.3536,0.5011,-1.4109,10.1850
139.4538,0.5538,-2.1196,9.5434
139.5540,0.1731,-1.4612,9.4428
139.6542,0.4509,-1.7485,10.6926
139.7543,0.3216,-1.2289,9.6224
139.8545,0.3360,-1.7173,7.6232
139.9547,0.0582,-0.3024,8.6815
140.0549,1.5953,-1.3774,10.3838
140.1550,-0.3512,-2.3087,10.2377
140.2552,0.1348,-1.2457,9.2705
140.3554,0.5897,-0.7549,9.4955
140.4556,0.0798,-1.3031,11.1379
140.5558,0.6424,-2.4595,11.4300
140.6560,0.5897,-1.5761,11.0182
140.7561,0.6400,-1.2313,8.6049
140.8563,0.9106,-1.1739,8.5953
140.9565,0.0582,-1.5545,9.0071
141.0567,0.4988,-1.6407,10.2066
141.1569,0.8316,-1.9137,10.0462
141.2571,0.2785,-1.6359,8.8467
141.3572,0.6592,-2.3662,9.4117
141.4574,0.7310,-2.5673,9.3614
141.5576,-0.1094,-2.2536,8.3918
141.6578,0.3479,-1.8562,9.1699
141.7580,0.9010,-2.0813,9.7134
141.8582,0.9417,-2.1914,11.0230
141.9584,-0.5619,-2.4212,8.7509
142.0585,0.9967,-2.5960,9.3207
142.1587,0.0702,-1.1403,10.2401
142.2589,0.2282,-1.7509,9.9265
142.3591,0.0894,-1.5090,9.4285
142.4593,-0.0375,-2.1555,8.9664
142.5595,-0.1285,-1.7700,9.2681
142.6597,0.1875,-2.1435,9.4189
142.7598,-0.1429,-2.7540,9.2202
142.8600,-0.1597,-2.3207,8.7150
142.9602,0.2330,-1.8323,9.3662
143.0604,0.4461,-2.4739,9.4117
143.1605,0.4054,-1.9041,9.4955
143.2607,0.3647,-1.9783,9.6344
143.3609,0.2450,-1.7652,9.5578
143.4611,0.5419,-1.9687,9.9696
143.5613,-0.1261,-2.3063,9.8546
143.6615,0.3958,-1.5282,9.7038
143.7616,0.5754,-1.9161,9.1986
143.8618,0.1181,-1.8155,8.7390
143.9620,-0.0878,-2.0573,8.9448
144.0622,0.1468,-2.0382,9.2393
144.1624,0.2665,-1.9232,9.5841
144.2626,-0.1094,-1.5162,10.0821
144.3627,0.5155,-1.1906,9.5697
144.4629,0.1923,-1.9592,9.2609
144.5631,-0.2913,-1.8586,9.1819
144.6633,0.4365,-1.9711,9.6703
144.7635,-0.3488,-1.7700,9.1938
144.8637,0.7765,-2.2153,10.1036
144.9638,0.2091,-1.5976,9.6200
145.0640,-0.3272,-1.6024,9.2274
145.1642,0.3455,-2.0286,9.1507
145.2644,0.1109,-1.4252,9.3830
145.3646,0.3719,-1.2720,9.0406
145.4648,0.2186,-2.0286,9.5171
145.5650,-0.4398,-1.2720,9.1675
145.6651,-0.0782,-1.7389,9.8594
145.7653,-0.1357,-1.6886,9.2106
145.8655,0.1899,-2.1674,9.6080
145.9657,-0.1620,-1.9137,9.2298
146.0659,0.1660,-2.1603,9.4213
146.1660,0.3551,-2.1124,10.2329
146.2662,0.0846,-1.7293,9.3183
146.3664,0.3599,-1.7245,10.4843
146.4666,0.5107,-1.8131,9.4764
146.5668,0.3336,-1.6838,9.4644
146.6669,0.2067,-1.5138,9.4788
146.7672,-0.0950,-1.7700,8.9975
146.8673,0.1396,-1.8323,9.2345
146.9675,0.3048,-1.5162,9.7445
147.0677,0.0367,-1.6934,9.7517
147.1679,0.1660,-1.7293,9.3638
147.2680,-0.0615,-1.9232,9.3351
147.3682,0.3551,-2.1411,9.8858
147.4684,0.0439,-1.8514,9.7613
147.5686,-0.2626,-1.6240,9.6009
147.6688,0.1660,-1.9663,9.5338
147.7690,-0.3703,-1.7844,9.2298
147.8692,0.1707,-1.8107,9.7397
147.9693,-0.1165,-1.6790,9.1148
148.0695,0.1109,-2.0430,9.7852
148.1697,-0.3057,-1.9520,9.6344
148.2699,-0.1525,-1.7437,9.6272
148.3701,0.2402,-1.4037,9.9337
148.4703,0.3240,-1.4468,9.8642
148.5704,0.1181,-1.5426,9.2298
148.6706,0.2354,-1.8035,9.9289
148.7708,0.1157,-1.8035,9.9887
148.8710,-0.6145,-1.6671,9.4524
148.9712,-0.0447,-1.8083,10.0869
149.0714,0.0008,-1.4899,9.2944
149.1716,-0.0160,-0.9895,9.4213
149.2717,0.7813,-1.8323,10.0797
149.3719,-0.3512,-1.1212,9.1819
149.4721,0.6855,-1.8179,9.7708
149.5723,-0.4422,-1.3822,9.6751
149.6725,0.1540,-1.4372,9.5051
149.7727,0.6137,-1.8371,9.7780
149.8728,0.0798,-1.3199,10.0175
149.9730,-0.2961,-1.5976,8.6025
150.0732,0.3407,-1.3630,8.9472
150.1734,0.2091,-1.5641,9.4524
150.2736,0.2258,-1.2648,9.6296
150.3738,0.2665,-1.8131,9.5242
150.4739,0.1420,-1.4300,9.5817
150.5741,0.1995,-1.6359,9.0574
150.6743,0.0271,-1.5282,9.5242
150.7745,0.4437,-1.1834,9.6607
150.8746,0.4293,-1.5019,9.8905
150.9748,0.1923,-1.9520,9.3519
151.0750,0.1564,-1.6623,9.4524
151.1752,0.4988,-1.2816,9.7373
151.2754,0.2306,-1.9424,9.4572
151.3756,0.1564,-1.0446,8.8850
151.4758,0.3192,-1.4181,9.7661
151.5760,0.3407,-1.7437,9.8953
151.6761,0.4150,-1.3654,10.0605
151.7763,0.1923,-1.2601,9.6727
151.8765,-0.1118,-1.7317,9.4428
151.9767,0.4317,-1.5282,9.5697
152.0769,0.3575,-1.6335,9.5266
152.1770,0.1301,-1.3678,9.8355
152.2772,0.4940,-1.4372,9.9121
152.3774,0.4581,-1.3127,9.5314
152.4776,0.3886,-1.2744,9.5625
152.5778,0.5538,-1.2265,9.5506
152.6780,0.3455,-1.2241,9.3255
152.7782,0.4006,-1.5210,9.8618
152.8784,0.1348,-1.6240,9.5961
152.9785,0.2641,-1.9544,9.3351
153.0787,-0.0830,-1.4109,9.3064
153.1789,0.5275,-1.6790,9.4764
153.2791,-0.0447,-1.4085,9.5841
153.3793,0.4796,-1.3558,9.4740
153.4795,0.3216,-1.4755,9.4955
153.5796,-0.0782,-0.6543,9.4907
153.6798,0.1899,-1.0972,9.3112
153.7800,0.7549,-1.2002,10.1922
153.8802,-0.1573,-0.4341,9.3782
153.9803,0.8004,-1.2768,9.3638
154.0805,0.2857,-0.3215,10.0079
154.1807,0.3072,-0.7405,10.1563
154.2809,-0.1070,-0.7597,9.6727
154.3811,0.4221,-0.5059,9.8283
154.4813,0.2737,-0.5873,9.1651
154.5814,0.0654,-1.2385,10.1300
154.6816,0.2162,-1.6288,9.9073
154.7818,0.6903,-1.1499,9.2896
154.8820,0.3407,-1.3893,9.8546
154.9822,0.1851,-0.9297,9.2489
155.0824,0.3575,-1.9137,9.1316
155.1826,0.5083,-1.6695,9.4045
155.2827,-0.0136,-1.1188,9.5506
155.3829,0.4772,-1.0446,9.5314
155.4831,0.6759,-1.1164,9.7182
155.5833,0.2498,-0.3718,9.5147
155.6835,0.3862,-0.7573,9.3710
155.7837,0.4150,-0.6567,9.7254
155.8838,0.6328,-0.4915,9.5290
155.9840,0.1684,-0.1827,9.5123
156.0842,0.3000,0.2267,9.5314
156.1844,0.7406,-0.3359,10.0318
156.2846,0.2474,0.1621,9.6296
156.3848,0.2665,0.1861,9.6631
156.4849,0.2067,0.3417,10.0605
156.5851,0.3910,0.5260,9.4644
156.6853,0.4365,0.0568,9.5625
156.7855,0.0439,-0.4149,10.3526
156.8857,0.5849,-0.0414,9.7661
156.9858,0.9297,0.3393,9.6823
157.0861,-0.0974,0.7511,10.4795
157.1862,1.0039,0.7678,9.5171
157.2864,-0.3703,0.2243,9.6248
157.3866,0.5251,0.6745,9.6320
157.4868,0.2043,0.9953,9.1891
157.5869,0.4389,-0.1084,10.0462
157.6871,-0.0950,0.5883,10.2210
157.7873,0.5419,0.3417,9.8307
157.8875,0.2617,0.8875,9.8187
157.9877,0.5490,0.7894,10.5322
158.0879,-0.2051,0.7487,9.9289
158.1880,0.3551,1.1318,9.7900
158.2882,0.5969,1.5172,9.5003
158.3884,-0.3799,0.6529,9.8355
158.4886,0.6951,1.5843,9.5290
158.5888,-0.0711,0.5308,9.4333
158.6890,-0.1812,0.9522,10.0103
158.7892,0.6879,2.1996,10.1012
158.8893,0.3455,2.1708,9.6727
158.9895,0.8723,1.5723,10.1874
159.0897,0.2857,1.7423,10.1443
159.1899,0.2474,0.9761,10.3909
159.2901,0.1420,1.5675,10.0031
159.3903,0.4126,1.7183,9.9001
159.4904,-0.2123,1.4071,9.9025
159.5906,-0.3751,1.2922,9.6511
159.6908,0.7142,1.4238,10.5035
159.7910,0.2402,-1.0398,10.0366
159.8912,0.4844,-1.0374,10.4316
159.9913,-0.2291,-1.4085,9.7373
160.0915,-0.5212,-0.4341,9.0765
160.1917,0.1564,-0.6208,10.4771
160.2919,0.2665,-0.0199,10.0175
160.3921,0.2761,1.6729,9.8235
160.4922,0.4389,1.5891,9.7421
160.5924,0.1253,2.1613,9.8211
160.6926,0.1037,2.0607,9.6799
160.7928,0.0008,1.1820,9.8283
160.8930,0.2713,1.4358,9.6942
160.9932,0.0367,1.4310,9.4931
161.0934,0.2474,1.4191,9.8307
161.1936,-0.2099,1.5699,9.4213
161.2937,-0.1285,1.2658,9.7182
161.3939,0.4126,1.4191,10.2066
161.4941,0.0415,0.8564,9.5649
161.5943,0.1731,1.0001,10.0246
161.6945,0.6424,1.2275,10.1108
161.7946,0.2569,0.9067,9.6679
161.8948,0.1253,0.6864,9.9504
161.9951,1.0470,-2.0166,9.5745
162.0952,-0.2243,-0.6830,9.1148
162.1954,0.2522,-0.0558,8.9089
162.2956,-2.8388,1.5747,6.5147
162.3957,-1.3113,0.9546,8.9329
162.4959,0.8076,0.5476,9.7589
162.5961,0.5586,0.7966,10.6064
162.6963,0.0798,0.7990,9.9959
162.7966,0.2905,1.2778,10.2042
162.8967,0.6424,0.6960,9.5171
162.9969,0.3407,1.1509,9.7278
163.0971,0.2306,1.0934,9.7876
163.1973,-0.2434,1.0647,10.1731
163.2975,0.5179,0.8229,9.5410
163.3977,0.3383,1.1796,9.9121
163.4979,0.3168,1.0910,10.0582
163.5980,0.3575,1.1988,9.8331
163.6982,0.6376,0.8732,9.4620
163.7984,0.6687,1.3999,9.6152
163.8986,0.4940,1.0958,9.7732
163.9987,0.3743,1.1940,9.3423
164.0989,0.6376,0.4710,9.4931
164.1991,0.1899,1.0671,9.7589
164.2993,0.2737,0.7487,9.8044
164.3995,0.2593,1.4669,9.3231
164.4997,0.5778,0.5667,9.2944
164.5999,0.1516,1.3305,9.4644
164.7000,0.1803,0.8014,9.6894
164.8002,-0.0782,1.0312,10.0103
164.9004,0.1564,0.1453,9.6966
165.0006,0.3431,0.5164,9.4404
165.1008,0.4078,1.0025,10.0510
165.2010,-0.1573,0.4973,10.0007
165.3011,0.5179,0.6505,9.3902
165.4013,0.2689,0.6601,9.5338
165.5015,-0.7486,0.4925,8.6719
165.6017,0.7645,1.1318,9.9217
165.7019,0.2139,0.9187,10.4676
165.8021,0.4509,0.6242,9.7014
165.9022,0.7070,-0.2258,9.1747
166.0024,0.3838,-1.9975,9.7637
166.1026,0.0846,-2.1842,8.9041
166.2028,0.2162,-1.7461,9.8858
166.3030,0.4198,-1.8179,9.5673
166.4032,-0.0112,-1.3295,9.6607
166.5034,1.0949,-1.4564,10.0558
166.6035,0.5083,-0.9344,9.7493
166.7037,0.4604,-1.4133,8.9281
166.8039,-0.2794,-1.7293,8.8611
166.9041,-0.3153,-1.9520,9.4907
167.0043,0.1755,-1.7221,10.0821
167.1044,0.1444,-1.7461,9.7206
167.2046,-0.6864,-1.8730,9.2298
167.3048,1.1667,-2.6535,9.6823
167.4050,-0.1740,-1.5402,9.4859
167.5052,-0.0208,-1.4899,8.9544
167.6053,0.7166,-2.2848,9.8618
167.7055,0.0917,-1.3606,9.0167
167.8057,0.3240,-1.5761,9.2800
167.9059,-0.1453,-1.3175,9.1316
168.0061,0.4820,-1.3822,9.5673
168.1063,0.5131,-1.2146,10.2138
168.2064,0.2162,-0.3981,9.3662
168.3066,0.7741,-1.3702,9.1891
168.4068,0.3719,-1.4420,9.7254
168.5070,0.0774,-1.4300,9.9289
168.6072,0.3719,-1.3726,9.6655
168.7074,0.3360,-1.0302,9.9480
168.8076,0.3934,-1.2241,9.2968
168.9077,-0.3272,-1.7461,9.1029
169.0079,-0.5571,-0.8866,9.7278
169.1081,0.2976,-0.9967,10.8794
169.2083,0.3695,-0.5585,9.5171
169.3085,0.0750,-1.0565,8.7294
169.4087,0.4198,-0.8818,9.4811
169.5088,0.5873,-1.1954,9.8259
169.6090,0.1133,-0.5322,9.7684
169.7092,-0.0256,-1.1547,10.0582
169.8094,1.0351,-1.4923,10.4197
169.9096,1.2697,-1.3798,12.2608
170.0097,0.1516,-1.0350,9.6057
170.1099,0.1013,-0.4771,9.8499
170.2101,0.5873,-0.3479,9.9361
170.3103,0.2833,-0.8243,9.0670
170.4105,0.2019,-0.6591,9.2824
170.5107,0.2306,-0.8435,9.6607
170.6108,0.4700,-0.6400,9.5410
170.7110,0.6568,-1.1308,9.8355
170.8112,-0.1501,-0.5945,8.7294
170.9114,0.6687,-0.5466,9.4021
171.0116,-0.1620,-0.6615,9.2250
171.1118,0.5419,-0.3383,10.0845
171.2119,1.0015,-1.2122,10.4556
171.3121,0.6687,-0.3215,9.4452
171.4123,1.1476,-1.2193,9.5769
171.5125,0.1133,-0.5226,9.2800
171.6127,0.4533,-1.2601,9.7756
171.7129,-0.0687,-1.5306,8.8491
171.8130,1.0806,-1.5689,10.1683
171.9132,0.4485,-2.0286,10.0127
172.0134,0.3671,-0.7046,8.2625
172.1136,0.6352,-0.9727,9.1531
172.2138,0.3862,-0.9751,9.3399
172.3140,0.1995,-0.9991,10.0701
172.4142,0.2043,-0.8411,9.4117
172.5143,0.5538,-0.6878,9.2321
172.6145,0.2593,-1.3774,9.8882
172.7147,-0.0567,-0.4221,9.3040
172.8149,0.9920,-0.4867,9.8858
172.9150,0.2905,-0.5131,10.1515
173.0152,0.6951,-0.6878,9.2824
173.1154,0.9824,-1.0422,9.4404
173.2156,0.1420,-1.0446,8.6815
173.3158,0.2067,-1.0015,9.3136
173.4160,0.3814,-0.7022,9.8020
173.5161,0.5610,-0.1875,9.4333
173.6163,0.4174,-0.5585,9.5027
173.7165,0.1971,-0.9704,9.8642
173.8167,-0.2315,-0.6016,10.1348
173.9168,0.3886,-1.1188,10.3047
174.0170,0.3719,-0.5179,9.2250
174.1172,0.0630,-0.9871,9.3710
174.2174,0.1061,-1.2696,9.6583
174.3176,0.2953,-0.8387,10.5059
174.4178,0.4150,-1.3319,9.6559
174.5180,-0.0471,-1.1044,9.1747
174.6181,0.2067,-1.1786,9.9672
174.7183,0.1229,-0.5418,9.7014
174.8185,0.2617,-1.0470,9.5410
174.9187,0.2881,-0.2497,9.9241
175.0189,0.6759,-0.5633,9.6511
175.1191,0.8890,-0.1037,9.5506
175.2192,0.7645,-0.1635,9.0238
175.3194,0.6664,-0.8004,9.9648
175.4196,0.7956,-0.1037,10.4915
175.5198,0.1324,-1.5473,9.5051
175.6200,0.5443,-0.1946,9.7613
175.7202,0.6544,-0.4939,9.3231
175.8203,0.6879,-0.4341,9.3662
175.9205,0.5419,-0.3957,9.5219
176.0207,0.5969,-0.3239,9.9672
176.1209,0.2761,-0.8387,10.0438
176.2211,0.5921,-0.4700,9.6392
176.3213,0.4150,-0.5418,10.1348
176.4215,0.5873,-0.4364,9.2585
176.5216,0.4269,-0.8004,9.4524
176.6218,0.4006,0.0999,9.8882
176.7220,0.5466,-0.5466,9.2800
176.8222,0.5443,-0.2856,9.5673
176.9224,0.4964,-0.1659,9.7206
177.0226,0.2139,-0.7357,10.0558
177.1227,0.3383,0.2291,9.5123
177.2229,0.6759,-0.4173,9.3806
177.3231,0.5610,-0.7716,9.4692
177.4233,0.2139,-0.3407,8.9401
177.5235,-0.3895,-0.3862,9.2298
177.6236,0.7118,-1.1379,10.9416
177.7238,0.3479,-0.2018,9.5697
177.8240,0.1660,-0.9153,7.1444
177.9242,0.8699,-1.0110,9.1148
178.0244,-0.0950,-0.8363,9.0526
178.1245,0.2234,-0.3957,10.1443
178.2247,0.0702,-0.6471,10.3383
178.3249,0.9848,-1.0422,10.6711
178.4251,0.1923,-0.5250,8.6312
178.5253,0.4174,-0.6088,9.0215
178.6255,1.1476,-0.1875,10.3933
178.7257,0.6113,-0.4029,10.0845
178.8258,0.5514,-1.8682,10.3479
178.9260,0.2641,-0.3526,9.3375
179.0262,1.1548,-0.1946,9.5410
179.1264,0.6592,-0.3048,9.7780
179.2266,0.4844,0.1142,9.6057
179.3268,1.4421,-1.8011,10.8937
179.4269,-0.4589,-0.5633,9.1651
179.5271,1.1500,-0.3957,9.4213
179.6273,-0.2602,-1.2553,8.7246
179.7275,0.3910,-1.2385,10.0151
179.8277,0.4198,-0.7597,10.0462
179.9279,-0.1525,-1.0901,8.9640
180.0281,0.1660,-1.3319,8.9353
180.1282,0.4221,-0.3383,9.3255
180.2284,0.3886,-1.1427,9.7182
180.3286,0.6999,-0.4005,9.8858
180.4288,0.1277,-0.7501,9.7469
180.5290,0.4748,-1.3391,10.0079
180.6292,0.0127,-1.4588,9.4404
180.7293,0.1923,-1.0398,9.1675
180.8295,-0.1165,-0.0989,8.8323
180.9297,0.8866,-1.2074,10.3479
181.0299,-0.3799,-0.7549,8.6958
181.1301,0.5107,-1.6288,10.0510
181.2303,0.0223,-2.1292,9.3686
181.3304,0.2402,-2.1483,8.7796
181.4306,0.9129,-0.8459,9.4548
181.5308,-0.1597,-1.7485,9.0526
181.6310,0.5395,-1.3654,10.1036
181.7312,0.3623,-0.6376,10.7549
181.8313,0.5443,-2.7684,9.4692
181.9315,0.4533,-1.2505,8.6001
182.0317,0.9153,-0.9536,10.6567
182.1319,-0.3512,1.6465,9.3974
182.2321,1.4756,-1.0326,11.2122
182.3323,0.3695,-0.8387,9.5530
182.4324,0.5251,-1.1236,9.3926
182.5326,0.8723,-0.9632,10.5490
182.6328,0.2354,-0.4101,9.5458
182.7330,0.3336,-0.1180,9.6080
182.8331,1.4540,-1.1906,9.7421
182.9333,0.8842,-1.3343,9.4189
183.0335,-0.2387,-0.5921,9.1507
183.1337,-0.1333,-0.3910,10.2162
183.2339,0.7741,-0.5585,10.0366
183.3341,1.4133,-1.0374,11.4779
183.4343,-0.1812,-0.7764,8.7605
183.5344,0.5514,-1.1116,10.8123
183.6346,0.4437,-0.5753,8.8132
183.7348,0.4533,-2.4284,8.9329
183.8349,-0.4446,-0.4388,8.8227
183.9351,2.0981,-0.2976,9.9289
184.0353,-0.8492,-0.1898,9.3590
184.1355,0.9991,-1.6168,10.5992
184.2357,-0.6122,-0.4149,8.5690
184.3359,0.1013,-0.7357,10.0797
184.4361,-0.1788,-0.6184,9.9863
184.5362,0.6233,-1.0709,9.0550
184.6364,1.3200,-1.8442,10.7381
184.7366,-0.3129,-1.2241,9.5578
184.8368,0.6855,0.3943,9.1340
184.9370,-0.0088,-1.5713,8.5331
185.0372,0.5466,-0.7238,8.3678
185.1373,1.2027,-0.5418,8.4181
185.2375,0.1229,-0.9321,8.3487
185.3377,1.6432,-1.5713,14.4946
185.4379,0.8914,-1.1499,11.6766
185.5381,1.9760,-0.1156,9.0167
185.6383,1.4373,-1.3965,10.8746
185.7384,-0.0208,-1.5497,10.4364
185.8386,0.6041,-0.5825,9.8307
185.9388,0.3743,-0.8051,10.0510
186.0390,0.2857,-0.5538,8.7366
186.1392,0.3216,-0.8219,9.7254
186.2394,0.1085,-0.9249,9.6463
186.3396,-0.3296,-0.5226,9.5793
186.4397,0.7693,-1.4013,11.7461
186.5399,-0.0687,-1.0757,9.8738
186.6401,-0.2650,-1.3869,8.7222
186.7403,0.3383,-1.5881,9.3255
186.8404,0.4174,-0.6232,9.8068
186.9407,0.0750,-0.9751,9.7014
187.0408,0.0702,-0.7190,9.8092
187.1410,0.0750,-1.2313,9.5961
187.2412,0.1516,-0.6735,9.9384
187.3414,0.6640,-0.7836,10.2066
187.4415,0.2976,-1.0398,9.2417
187.5417,-0.2027,-0.8722,7.9512
187.6419,0.9034,-1.2481,10.9201
187.7421,0.2019,-0.3120,8.9975
187.8423,0.1492,-1.0446,9.1651
187.9425,1.0398,-1.4684,10.8027
188.0427,0.0486,-0.9895,9.4548
188.1428,0.5083,-0.1587,9.6344
188.2430,0.4652,-1.0470,10.1228
188.3432,-0.2865,-0.5226,9.5434
188.4434,0.9345,-0.8530,10.6759
188.5436,0.4724,-1.2696,9.1579
188.6438,0.3958,-0.4867,8.7892
188.7439,0.0271,-1.0637,10.0725
188.8441,0.2091,-0.8483,9.6200
188.9443,-0.0639,-1.3606,9.8187
189.0445,0.4509,-1.8035,10.4963
189.1447,0.3838,-0.5083,8.4181
189.2449,0.5107,-0.6304,10.6256
189.3450,-0.3248,-1.1595,9.0382
189.4452,1.1620,-0.5131,9.9624
189.5454,0.1157,-0.2521,9.5458
189.6456,-0.0639,-0.6495,8.7868
189.7458,0.6304,-1.0877,10.1396
189.8459,0.0822,-0.6016,9.6416
189.9462,-0.0998,-1.1810,9.3351
190.0463,0.0247,-0.7190,8.8611
190.1465,0.5179,-0.4125,10.5083
190.2467,0.1731,-1.1332,9.2513
190.3469,0.3599,-1.3391,9.3782
190.4470,0.3647,-1.0853,9.6224
190.5473,0.1348,-0.9129,9.5673
190.6474,0.4796,-0.8746,9.4117
190.7476,0.6568,-0.7309,10.3095
190.8478,0.0582,-0.9775,9.6200
190.9480,0.5562,-0.7022,9.4189
191.0482,0.6616,-1.0374,9.6607
191.1483,0.2665,-1.2816,9.4333
191.2485,0.5778,-0.8171,9.2345
191.3487,1.1572,-0.4197,9.8834
191.4489,0.3144,-1.4037,9.3112
191.5491,0.9561,-0.5729,9.5506
191.6492,-0.5331,0.7630,8.7820
191.7494,1.4469,-1.2385,11.9017
191.8496,0.0415,-1.6503,8.8946
191.9498,0.6664,-1.2385,10.4556
192.0500,-0.0998,-0.8530,9.4237
192.1502,0.4293,-0.4101,9.3159
192.2504,0.1875,-0.7214,8.9784
192.3505,0.3599,-1.0661,8.4636
192.4507,0.9848,-0.0510,9.5219
192.5509,0.7549,-0.3239,9.9815
192.6511,0.9321,-2.5074,8.9257
192.7513,0.5682,-1.7940,9.7613
192.8514,0.1181,-1.8969,8.8227
192.9516,0.0151,-1.2241,9.4069
193.0518,0.5634,-1.1834,9.1627
193.1520,0.8746,-1.3989,10.7740
193.2522,0.3671,-0.9129,9.8834
193.3524,0.4533,-0.4484,9.9791
193.4525,0.2617,-1.2672,9.3399
193.5527,0.2043,-1.2984,9.9313
193.6529,0.5730,-1.1523,9.6440
193.7531,0.5371,-0.7980,8.4564
193.8533,0.9752,-0.7668,9.8211
193.9535,0.1612,-1.3654,8.7413
194.0536,0.3000,-1.2529,9.6416
194.1538,0.4916,-1.6838,10.0486
194.2540,0.7166,-1.2026,9.5362
194.3542,0.7765,-1.2768,9.4357
194.4543,0.3216,-0.7740,9.3590
194.5545,-0.3775,-0.7980,9.3974
194.6547,-0.1357,-1.4013,9.4955
194.7549,0.9153,-0.8483,9.2345
194.8551,0.9944,-0.9153,9.0071
194.9553,0.3719,-1.3367,7.8172
195.0555,0.0127,-0.9680,9.1531
195.1556,-0.0256,-0.8578,10.1779
195.2558,0.2593,-0.6256,10.5322
195.3560,0.4628,-0.7309,9.5195
195.4562,0.7406,-0.9344,10.6375
195.5564,0.0630,-1.3678,9.2776
195.6566,0.3527,-1.3103,9.1483
195.7567,0.4581,-0.7908,10.0079
195.8569,0.8076,-0.7668,9.3351
195.9571,0.3623,-0.4245,9.6823
196.0573,0.1324,-0.6184,9.3088
196.1575,0.1420,-1.4085,9.8163
196.2576,0.1372,-1.6575,9.5338
196.3579,0.7023,-1.7724,8.8634
196.4580,0.9872,-1.4372,9.5889
196.5582,1.1715,-2.1244,10.1874
196.6584,-0.0878,-1.1379,9.3088
196.7586,-0.2818,-0.6854,8.3271
196.8588,0.4102,-1.0757,9.6583
196.9590,0.3743,-1.0374,9.7397
197.0591,1.1141,-1.5761,10.6160
197.1593,1.2673,-1.6216,10.0007
197.2595,0.5826,-1.3438,9.3040
197.3597,0.0822,-1.2146,8.2122
197.4599,0.9680,-1.5617,9.3279
197.5600,0.5897,-1.3127,9.6655
197.6602,0.0870,-1.5857,9.6703
197.7604,0.7789,-1.3031,9.6775
197.8606,0.2115,-0.9225,9.8211
197.9608,0.1660,-0.8435,8.2481
198.0609,0.1372,-1.0087,9.3279
198.1611,0.2522,-0.8602,9.6320
198.2613,0.7478,-0.9943,9.7517
198.3615,0.3982,-1.3127,8.4492
198.4617,0.8794,-2.1244,9.6487
198.5619,-0.4134,-1.6623,8.7749
198.6621,0.4150,-1.9137,9.5266
198.7622,0.2761,-1.6144,9.3399
198.8624,0.4437,-1.8035,9.5242
198.9626,0.7837,-1.5186,10.6136
199.0628,-0.0280,-0.9153,8.5522
199.1630,0.4892,-0.8483,8.9353
199.2632,-0.0902,-1.2337,8.5857
199.3633,0.3862,-1.2912,9.7804
199.4635,0.6903,-0.4029,9.6368
199.5637,0.3144,-0.8051,9.0406
199.6639,0.0726,-1.0948,9.5889
199.7641,-0.2027,-0.0486,10.3838
199.8643,0.5275,-1.1236,10.1036
199.9644,-0.1333,-0.9009,9.8427
200.0646,0.2833,-1.4205,10.6184
200.1648,0.0319,-1.0901,9.1891
200.2650,0.6520,-1.2529,9.2872
200.3652,0.5826,-0.5418,8.3990
200.4653,0.5849,-1.1044,9.7349
200.5655,0.3551,-1.3199,9.2154
200.6657,0.9082,-1.7556,8.5857
200.7659,0.2234,-1.0206,9.7972
200.8661,0.8914,-1.3031,10.3670
200.9662,0.6592,-1.0733,10.5633
201.0664,0.7454,-1.4276,9.0598
201.1666,0.0726,-1.5114,8.4373
201.2668,0.2569,-0.6663,8.8179
201.3670,0.2857,-1.2026,9.5937
201.4672,0.5826,-1.2122,9.8570
201.5674,0.7382,-0.9919,10.0701
201.6675,0.2785,-1.4660,10.2281
201.7677,0.5802,-1.4396,9.5290
201.8679,0.1564,-0.5179,9.3638
201.9681,0.4581,-1.3127,9.4524
202.0683,0.8172,-1.0733,9.2441
202.1684,0.6999,-0.7525,9.5673
202.2686,0.6520,-1.3199,9.2513
202.3688,1.0710,-1.4468,10.0725
202.4690,0.1037,-0.9775,9.5338
202.5692,0.0439,-0.8315,9.3830
202.6694,0.5969,-0.2138,9.7158
202.7695,0.6041,-0.9057,10.0222
202.8697,0.9010,-1.3654,9.9815
202.9699,1.8850,-1.2217,10.1443
203.0701,0.3575,-1.4731,9.3279
203.1703,0.5011,-0.9225,9.9408
203.2705,0.5802,-1.2122,10.5753
203.3706,-0.3560,-0.3862,8.6288
203.4708,0.0510,-1.2146,8.8994
203.5710,-0.0423,-1.2385,9.5003
203.6712,0.3192,-1.1858,8.8778
203.7714,0.9585,-1.0134,10.1922
203.8716,0.5993,-0.9943,9.8235
203.9718,0.9800,-1.4564,9.2681
204.0719,-0.1956,-0.9177,9.5554
204.1721,-0.1189,-1.0853,10.0270
204.2723,0.5993,-0.7932,9.9432
204.3725,0.5371,-0.9321,9.2106
204.4727,0.2617,-0.6878,9.4596
204.5729,0.4485,-0.9943,9.1364
204.6730,0.8124,-1.0925,9.6535
204.7732,0.4126,-1.2816,9.0310
204.8734,-0.1046,-1.7533,9.7996
204.9736,0.9513,-1.5833,9.7541
205.0738,0.3790,-0.7357,9.2800
205.1739,1.0446,-0.5753,10.4915
205.2741,0.3623,-1.0302,10.1515
205.3743,0.7932,-1.0685,10.0917
205.4745,0.8627,-1.0565,8.6815
205.5747,0.3623,-0.9991,8.5211
205.6748,0.1731,-0.8219,9.6823
205.7751,0.7478,-0.9416,9.6942
205.8753,-0.0208,-1.4109,9.7637
205.9754,0.4533,-1.0781,9.1268
206.0756,0.6640,-1.3199,8.8682
206.1758,-0.4039,-0.8004,8.4828
206.2760,0.5778,-1.0446,9.8355
206.3762,1.6097,-1.2385,9.8858
206.4763,0.4509,-1.7556,10.3024
206.5765,0.1947,-0.9584,9.8187
206.6767,1.1189,-0.7118,10.3191
206.7769,0.8028,-1.0661,9.9504
206.8771,1.3008,-1.0853,10.0701
206.9772,0.7454,-1.1786,9.2417
207.0774,1.1715,-1.0733,10.4915
207.1776,0.7166,-1.3726,9.8427
207.2778,0.6161,-1.5282,9.1531
207.3780,0.6903,-1.2529,9.7828
207.4782,0.9632,-1.2098,9.6009
207.5783,0.5107,-1.5569,9.8092
207.6785,0.7597,-1.4037,9.4021
207.7787,2.3615,-2.8474,11.9280
207.8789,-1.9026,-2.4428,7.6687
207.9791,0.4006,-0.2258,9.3782
208.0793,0.7669,-1.0278,8.4229
208.1795,0.4365,-0.4652,7.9225
208.2796,0.4796,-1.4420,8.0159
208.3798,0.4245,-1.5617,8.7964
208.4800,0.5969,-1.3486,9.7613
208.5801,0.6975,-1.0254,9.8092
208.6803,0.7310,-1.2696,10.0390
208.7805,0.5945,-0.9751,9.5985
208.8807,0.8770,-0.9416,9.8810
208.9809,0.4916,-0.9751,9.8618
209.0811,0.4030,-1.0901,9.3710
209.1813,0.3886,-1.6886,9.5362
209.2815,0.3766,-1.2289,9.4357
209.3817,0.7214,-1.0518,9.4069
209.4819,0.4198,-1.1858,9.9504
209.5820,0.7238,-1.3438,9.6344
209.6822,-0.4877,-1.5210,7.8866
209.7824,0.7861,-1.3415,9.1436
209.8826,1.2745,-1.0230,9.1555
209.9828,0.7861,-1.8682,9.8594
210.0830,0.7669,-1.5569,9.8953
210.1831,1.2960,-0.9871,9.5338
210.2833,1.0015,-1.4803,9.4380
210.3835,1.0398,-1.3941,8.4708
210.4837,0.0582,-1.3438,9.5075
210.5839,0.1995,-1.0134,9.0717
210.6841,0.8268,-1.2146,10.5538
210.7843,1.0015,-1.3774,10.6902
210.8844,0.5754,-1.5976,8.9377
210.9846,-0.1932,-1.5162,8.6312
211.0848,0.8579,-1.1667,10.2018
211.1849,0.9728,-1.1332,10.1420
211.2851,0.5682,-1.5713,9.5027
211.3853,0.2569,-1.3893,9.9959
211.4855,0.2522,-1.6527,9.7182
211.5857,0.6352,-1.1739,9.0981
211.6859,0.2474,-1.3678,8.9281
211.7861,0.7525,-2.0717,9.6631
211.8862,0.7837,-1.4540,9.6104
211.9864,0.2306,-1.7245,9.3447
212.0866,0.4916,-1.2792,9.8499
212.1868,0.2881,-1.4803,9.5099
212.2870,0.6161,-1.5330,9.6080
212.3872,0.7932,-1.1451,9.1483
212.4873,0.6304,-0.6711,9.0574
212.5875,0.4557,-1.3486,9.2609
212.6877,-0.1477,-2.0669,10.0558
212.7879,-0.0399,-1.6455,10.0677
212.8881,0.5419,-1.8778,11.8011
212.9883,1.0327,-0.1276,11.0613
213.0885,0.0056,-0.7166,10.1420
213.1886,-0.4589,-0.8698,9.0861
213.2888,1.1835,-1.3510,8.3319
213.3890,1.2697,-1.3798,9.6057
213.4892,0.2474,-1.2433,9.2824
213.5894,1.6791,-1.0470,11.6000
213.6896,0.5538,-0.1180,9.1005
213.7897,-0.3560,-1.1547,8.6144
213.8899,0.0367,-1.5114,10.1659
213.9901,-0.3177,0.3632,7.7765
214.0903,2.5626,-2.2752,12.1698
214.1905,0.4557,-2.0693,9.0526
214.2907,0.5203,-1.1882,11.5378
214.3909,1.2074,-1.4947,9.1507
214.4911,0.8555,-2.1172,8.8036
214.5913,0.2737,-1.9544,8.2481
214.6914,1.7007,-1.7221,11.9855
214.7916,-0.3464,-0.5873,8.4804
214.8918,0.5658,-1.0805,9.2609
214.9920,0.3886,-0.8411,10.0390
215.0922,0.9824,-1.3846,10.6806
215.1923,-0.1094,-0.6998,9.6176
215.2925,-0.1405,-1.6527,9.5434
215.3927,0.3527,-1.1379,10.5873
215.4929,0.7693,-1.4923,8.7749
215.5931,-0.1285,-1.0063,8.6863
215.6932,-0.5906,-0.6830,8.2936
215.7934,1.0806,-1.9615,10.4197
215.8936,0.7262,-1.3893,9.4261
215.9938,0.3503,-0.7477,11.4755
216.0940,0.4533,-0.6088,9.5075
216.1942,0.2953,-0.2090,7.8842
216.2943,1.7533,-0.4915,9.6703
216.3945,3.1108,-1.8011,9.3471
216.4947,1.4948,-0.6711,9.4213
216.5949,1.1045,0.4997,9.9504
216.6951,-0.3153,-0.2138,9.3854
216.7952,-0.7821,-1.5905,12.8019
216.8954,1.3702,-0.7597,8.0877
216.9956,1.6791,-1.6383,9.6009
217.0958,2.6727,-1.3965,10.8219
217.1960,1.4229,-1.5545,8.9712
217.2962,0.6137,-1.6264,8.7413
217.3963,1.8419,-0.6304,10.7118
217.4965,0.9752,-1.7293,7.6663
217.5967,1.4708,-1.4660,11.0039
217.6969,0.8938,-1.6000,10.1922
217.7971,-0.2650,-1.1332,7.9393
217.8973,0.1061,-1.2122,10.5178
217.9975,0.8723,-1.4492,9.1005
218.0977,1.4469,-2.4236,10.6375
218.1979,-0.3201,-1.6240,9.2753
218.2980,1.6480,-1.2984,8.9568
218.3982,1.0710,-1.6719,8.9281
218.4984,-0.4086,-0.5179,10.0055
218.5986,1.1069,-1.2169,9.1747
218.6988,-0.4493,-0.9105,8.0686
218.7990,0.1157,-1.5402,9.4117
218.8991,0.2450,-1.1978,10.1420
218.9993,1.0159,-1.2553,9.1100
219.0995,1.5953,-1.6168,10.0821
219.1997,1.5690,-1.3438,8.7940
219.2999,0.3695,-0.8506,10.1036
219.4001,1.4109,-2.1866,9.3207
219.5002,0.6903,-1.0350,11.0517
219.6004,-0.0663,-0.4556,9.1364
219.7006,1.1548,-1.3558,9.4764
219.8008,-0.1046,-0.9823,9.6679
219.9010,0.9680,-1.1116,8.1165
220.0012,1.1476,-1.5976,11.0853
220.1014,0.1277,-1.0350,8.5259
220.2015,1.0135,-1.6240,10.7309
220.3017,0.1229,-1.3654,8.2505
220.4019,-0.0016,-1.6743,8.4373
220.5021,1.4828,-1.9663,11.2888
220.6022,0.7454,-1.6311,8.9879
220.7024,0.6951,-0.9871,11.6096
220.8026,0.5514,-1.0398,10.2808
220.9028,-0.0902,-0.6711,7.5538
221.0030,1.4181,-1.1906,10.8004
221.1032,0.4964,-1.4061,6.8332
221.2033,0.8483,-0.7645,8.6671
221.3035,0.1684,-0.6088,12.7277
221.4037,-1.5579,-0.3072,9.2657
221.5039,0.8100,-1.5737,10.0246
221.6041,2.9241,-1.6168,9.5434
221.7043,2.2322,-2.3494,7.4700
221.8045,1.3128,-0.5226,10.2305
221.9046,0.2186,-1.3582,8.9688
222.0048,0.1085,-0.3311,8.0446
222.1050,1.6073,-1.3031,8.9879
222.2052,0.6735,-1.8347,9.9504
222.3054,0.1253,-1.5330,14.4659
222.4056,-1.2490,-2.1651,9.5410
222.5057,1.1236,-1.2122,10.3287
222.6059,2.0430,-0.1803,11.3438
222.7061,-1.7757,0.2698,11.7700
222.8063,-1.5674,0.6266,10.5585
222.9065,1.4469,-1.3558,10.3431
223.0067,-1.3280,-1.2840,7.8890
223.1069,0.6999,-0.9727,7.6640
223.2071,-0.5571,0.8540,10.0941
223.3072,-0.6552,-1.1930,9.5554
223.4074,0.4772,-1.7006,11.1308
223.5076,1.2386,-1.3438,10.2186
223.6078,0.8435,-0.9512,9.1268
223.7080,0.3264,-0.5609,10.3407
223.8082,-0.0567,-0.1587,8.1332
223.9083,1.2817,-0.0893,9.0861
224.0085,1.0231,-0.4221,9.9145
224.1087,0.1324,-0.2641,10.0725
224.2089,0.5275,-1.1954,10.1252
224.3091,0.1636,-0.9775,9.9265
224.4093,0.8268,-0.6280,9.5147
224.5095,0.6376,-0.6064,9.1124
224.6096,0.7908,-0.6687,8.9472
224.7098,1.3942,-0.7357,10.0366
224.8100,1.8682,-0.5131,9.3519
224.9102,2.2968,-0.8722,9.7924
225.0104,1.6719,-0.6471,9.1915
225.1105,1.9544,-0.7668,8.9065
225.2107,1.3894,-1.0542,9.8259
225.3109,0.9752,-0.8746,9.9169
225.4111,0.9800,-0.5849,10.2712
225.5113,0.5466,-1.0470,10.0270
225.6115,1.0327,-1.0470,9.1077
225.7116,0.2905,-0.3981,9.6296
225.8118,1.2888,-0.2329,8.0781
225.9120,0.1564,-0.0701,10.6304
226.0122,0.6664,-0.6519,10.1635
226.1124,0.5275,-0.8626,9.8977
226.2126,-0.3177,-0.9919,9.4213
226.3127,-0.0567,-0.6256,9.0789
226.4129,1.0422,-1.9041,9.7397
