0.0430,-0.0071,0.0128,-0.0035
0.1431,0.0035,-0.0192,-0.0035
0.2433,0.0035,-0.0117,0.0072
0.3435,-0.0061,0.0096,0.0061
0.4437,-0.0093,0.0064,-0.0056
0.5439,0.0035,-0.0064,-0.0078
0.6440,0.0035,-0.0149,0.0072
0.7442,0.0003,0.0074,0.0029
0.8444,-0.0103,0.0128,-0.0088
0.9446,0.0078,-0.0139,-0.0056
1.0448,0.0014,-0.0149,0.0093
1.1449,-0.0040,0.0042,0.0072
1.2451,-0.0050,0.0117,-0.0046
1.3453,0.0003,-0.0075,-0.0046
1.4455,0.0024,-0.0128,0.0082
1.5457,-0.0071,0.0074,0.0093
1.6458,-0.0040,0.0053,-0.0110
1.7460,0.0088,-0.0224,-0.0003
1.8462,0.0003,-0.0096,0.0061
1.9464,-0.0040,0.0042,0.0103
2.0466,-0.0061,0.0074,-0.0067
2.1467,0.0088,-0.0192,-0.0003
2.2469,-0.0040,0.0021,0.0061
2.3471,-0.0071,0.0138,-0.0024
2.4473,-0.0040,0.0032,-0.0078
2.5475,0.0056,-0.0139,-0.0003
2.6477,0.0003,-0.0096,0.0061
2.7478,-0.0029,0.0042,0.0082
2.8480,-0.0050,0.0074,-0.0141
2.9482,0.0078,-0.0213,0.0018
3.0483,-0.0029,0.0000,0.0103
3.1485,-0.0040,0.0096,0.0008
3.2487,-0.0061,0.0042,-0.0056
3.3489,0.0067,-0.0181,0.0018
3.4490,-0.0007,-0.0011,0.0050
3.5492,-0.0061,0.0117,0.0029
3.6494,-0.0007,-0.0064,-0.0120
3.7496,0.0046,-0.0192,0.0018
3.8498,-0.0018,0.0021,0.0103
3.9500,-0.0010,0.0084,-0.0016
4.0502,-0.0010,-0.0012,-0.0079
4.1503,0.0043,-0.0161,0.0048
4.2505,-0.0042,0.0159,0.0016
4.3507,0.0054,-0.0140,-0.0037
4.4508,0.0022,-0.0012,0.0038
4.5510,-0.0084,0.0244,-0.0090
4.6512,0.0033,0.0010,-0.0111
4.7514,0.0076,-0.0054,-0.0047
4.8516,0.0076,-0.0108,-0.0037
4.9518,0.0033,-0.0204,0.0080
5.0520,0.0001,-0.0086,-0.0016
5.1521,0.0001,-0.0033,0.0091
5.2523,0.0012,0.0073,0.0027
5.3525,-0.0084,0.0137,-0.0016
5.4527,0.0022,-0.0054,-0.0122
5.5528,0.0054,-0.0129,0.0016
5.6530,0.0001,0.0063,0.0080
5.7532,-0.0020,0.0105,-0.0005
5.8534,-0.0042,0.0063,-0.0069
5.9536,0.0033,-0.0076,-0.0026
6.0538,0.0022,-0.0118,0.0070
6.1539,-0.0020,0.0052,0.0038
6.2541,-0.0052,0.0095,-0.0101
6.3543,0.0076,-0.0204,0.0006
6.4545,0.0012,0.0020,0.0091
6.5547,-0.0031,0.0105,0.0006
6.6549,-0.0042,0.0084,-0.0047
6.7550,0.0065,-0.0150,-0.0016
6.8552,0.0001,-0.0001,0.0080
6.9554,-0.0042,0.0137,0.0027
7.0556,0.0001,0.0010,-0.0133
7.1557,0.0065,-0.0182,0.0016
7.2559,0.0022,-0.0012,0.0102
7.3561,-0.0020,0.0073,0.0038
7.4563,-0.0042,0.0116,-0.0101
7.5565,0.0033,-0.0161,-0.0026
7.6567,0.0001,-0.0022,0.0155
7.7568,-0.0063,0.0116,0.0038
7.8570,-0.0020,-0.0001,-0.0101
7.9572,0.0076,-0.0182,-0.0005
8.0574,0.0012,-0.0054,0.0080
8.1575,-0.0042,0.0105,0.0006
8.2578,-0.0042,0.0116,-0.0122
8.3579,0.0086,-0.0129,-0.0005
8.4581,0.0022,-0.0012,0.0070
8.5583,-0.0074,0.0137,-0.0016
8.6585,-0.0063,0.0031,-0.0101
8.7586,0.0097,-0.0182,0.0102
8.8588,0.0012,0.0031,0.0070
8.9590,-0.0074,0.0127,-0.0005
9.0592,0.0001,-0.0097,-0.0016
9.1594,0.0054,-0.0140,0.0123
9.2596,0.0001,0.0020,0.0070
9.3598,-0.0031,0.0073,0.0059
9.4599,-0.0052,-0.0022,0.0038
9.5601,0.0065,-0.0182,0.0112
9.6603,0.0001,-0.0001,0.0144
9.7605,-0.0084,0.0073,-0.0058
9.8606,-0.0021,0.0215,-0.0372
9.9608,0.0075,0.0172,-0.0436
10.0610,-0.0010,0.0076,-0.0127
10.1612,-0.0085,0.0002,0.0118
10.2614,0.0043,-0.0168,0.0161
10.3616,-0.0010,0.0055,0.0054
10.4617,-0.0106,0.0098,-0.0084
10.5619,-0.0031,0.0066,-0.0170
10.6621,0.0107,-0.0147,0.0065
10.7623,0.0054,-0.0041,0.0086
10.8625,0.0001,0.0066,0.0043
10.9626,-0.0063,0.0066,-0.0137
11.0628,0.0075,-0.0158,0.0054
11.1630,0.0043,0.0013,0.0086
11.2632,-0.0031,0.0076,0.0022
11.3634,-0.0106,0.0108,-0.0106
11.4636,0.0054,-0.0083,-0.0042
11.5637,0.0043,-0.0062,0.0086
11.6639,-0.0021,0.0013,0.0001
11.7641,-0.0021,0.0066,-0.0170
11.8643,0.0107,-0.0126,0.0054
11.9645,0.0065,-0.0009,0.0086
12.0646,-0.0063,0.0087,0.0022
12.1648,-0.0106,0.0119,-0.0084
12.2650,0.0043,-0.0073,-0.0052
12.3652,0.0022,0.0087,0.0043
12.4654,-0.0106,0.0045,0.0054
12.5656,-0.0010,0.0023,-0.0137
12.6657,0.0129,-0.0115,0.0076
12.7659,-0.0010,-0.0009,0.0001
12.8661,-0.0031,0.0023,0.0118
12.9663,0.0033,0.0130,-0.0159
13.0665,0.0203,-0.0126,0.0043
13.1667,-0.0106,0.0002,0.0001
13.2668,-0.0116,0.0162,-0.0063
13.3670,0.0001,0.0162,-0.0127
13.4672,0.0118,-0.0211,-0.0031
13.5674,0.0022,0.0023,-0.0074
13.6676,-0.0074,0.0055,0.0150
13.7678,0.0011,-0.0126,0.0076
13.8679,0.0054,-0.0073,0.0054
13.9681,0.0001,0.0066,-0.0010
14.0683,-0.0085,0.0108,-0.0127
14.1685,0.0043,0.0002,-0.0052
14.2687,0.0022,-0.0115,0.0076
14.3689,0.0033,0.0023,0.0107
14.4690,-0.0063,0.0108,-0.0095
14.5692,-0.0074,0.0045,-0.0095
14.6694,0.0043,-0.0158,0.0129
14.7696,0.0011,0.0002,0.0214
14.8698,0.0011,-0.0009,-0.0042
14.9699,-0.0010,0.0087,-0.0106
15.0701,0.0097,-0.0126,-0.0031
15.1703,-0.0010,-0.0019,0.0097
15.2705,-0.0095,0.0108,-0.0084
15.3707,-0.0074,0.0119,-0.0063
15.4709,0.0033,-0.0062,0.0054
15.5710,-0.0031,0.0066,0.0076
15.6712,-0.0042,0.0002,0.0054
15.7714,-0.0031,0.0172,-0.0244
15.8716,0.0054,-0.0094,-0.0020
15.9717,0.0011,-0.0009,0.0086
16.0719,-0.0010,-0.0009,0.0012
16.1721,-0.0031,0.0076,-0.0074
16.2723,0.0022,-0.0094,-0.0020
16.3725,-0.0042,0.0087,-0.0010
16.4727,-0.0085,0.0023,-0.0020
16.5728,0.0022,0.0066,-0.0084
16.6730,0.0065,-0.0105,0.0097
16.7732,0.0001,0.0023,0.0043
16.8734,-0.0021,-0.0019,0.0043
16.9736,0.0054,0.0013,0.0022
17.0738,0.0033,-0.0115,0.0043
17.1739,0.0001,0.0002,0.0086
17.2741,-0.0021,0.0119,-0.0084
17.3743,-0.0010,-0.0083,-0.0010
17.4745,0.0043,-0.0051,0.0107
17.5746,-0.0031,0.0151,-0.0095
17.6748,-0.0074,-0.0105,-0.0042
17.7750,0.0065,-0.0030,0.0182
17.8752,0.0065,0.0076,-0.0223
17.9754,0.0129,-0.0073,0.0033
18.0756,0.0150,-0.0051,0.0257
18.1757,0.0267,0.0066,-0.0042
18.2759,0.0001,0.0055,0.0182
18.3761,-0.0085,0.0002,-0.0020
18.4763,-0.0063,0.0194,-0.0074
18.5765,0.0097,0.0076,-0.0148
18.6766,0.0011,0.0055,-0.0095
18.7768,-0.0052,0.0055,-0.0010
18.8770,0.0065,-0.0073,0.0022
18.9772,0.0054,-0.0051,-0.0063
19.0774,-0.0031,-0.0073,-0.0052
19.1776,-0.0063,-0.0105,-0.0052
19.2777,-0.0010,-0.0051,-0.0052
19.3779,0.1002,0.0140,0.0352
19.4781,0.0619,0.0268,-0.0010
19.5783,0.0523,0.0140,-0.0010
19.6785,0.0075,-0.0201,0.0214
19.7787,-0.0266,-0.0254,0.0203
19.8788,0.0107,0.0183,0.0086
19.9790,0.0374,0.0258,0.0086
20.0792,0.0352,0.0268,0.0193
20.1794,-0.0010,0.0183,0.0331
20.2796,-0.0148,0.0002,0.0448
20.3798,0.0139,0.0076,0.0203
20.4799,-0.0329,-0.0201,0.0395
20.5801,0.0022,0.0002,0.0267
20.6803,0.0182,0.0119,0.0374
20.7805,0.0065,0.0013,0.0534
20.8806,-0.0116,0.0013,0.0512
20.9808,-0.0063,-0.0030,0.0480
21.0810,-0.0085,-0.0019,0.0480
21.1812,-0.0042,0.0002,0.0352
21.2814,0.0011,0.0162,0.0246
21.3816,-0.0127,-0.0019,0.0427
21.4817,-0.0223,-0.0041,0.0502
21.5819,-0.1256,-0.0339,0.0374
21.6821,-0.0617,-0.0073,0.0352
21.7823,-0.0617,0.0087,0.0470
21.8825,0.0683,-0.0712,0.0139
21.9827,0.1822,0.0055,-0.0116
22.0828,0.0299,0.0151,-0.0510
22.1830,0.0054,-0.0243,-0.0137
22.2832,0.0203,-0.0030,0.0374
22.3834,0.0256,-0.0105,0.0139
22.4836,0.0214,-0.0201,0.0406
22.5837,0.0086,0.0076,-0.0010
22.6839,0.0086,0.0108,-0.0170
22.7841,-0.0329,0.0098,-0.0031
22.8843,-0.0351,0.0034,0.0150
22.9845,-0.0010,0.0108,0.0012
23.0846,0.0246,-0.0254,0.0001
23.1848,0.0224,-0.0179,-0.0074
23.2850,-0.0042,0.0045,-0.0212
23.3852,-0.0191,-0.0019,-0.0159
23.4854,-0.0074,0.0002,-0.0180
23.5855,0.0033,0.0087,-0.0212
23.6857,0.0033,-0.0030,-0.0084
23.7859,-0.0148,-0.0019,-0.0191
23.8861,-0.0127,-0.0126,-0.0084
23.9863,-0.0010,-0.0126,-0.0106
24.0864,0.0150,-0.0105,-0.0233
24.1866,-0.0138,0.0204,0.0086
24.2868,-0.0958,0.0076,0.0257
24.3870,-0.0628,-0.0030,0.0171
24.4872,0.0097,-0.0403,0.1002
24.5873,0.0938,0.0332,-0.0063
24.6875,0.0278,0.0279,-0.0287
24.7877,0.0107,-0.0158,0.0043
24.8879,0.0043,-0.0030,-0.0137
24.9881,-0.0298,0.0087,0.0118
25.0882,0.0203,-0.0105,0.0054
25.1885,0.0075,-0.0019,0.0129
25.2887,0.0033,0.0258,0.0150
25.3888,-0.0116,0.0023,0.0171
25.4890,0.0033,0.0023,0.0107
25.5892,0.0107,0.0013,-0.0137
25.6894,0.0235,-0.0009,-0.0095
25.7895,0.0011,0.0183,-0.0063
25.8897,-0.0266,0.0247,-0.0106
25.9899,0.0299,0.0151,-0.0052
26.0901,0.0235,0.0002,-0.0148
26.1903,-0.0340,0.0045,-0.0063
26.2904,-0.0372,-0.0041,0.0043
26.3906,-0.0074,-0.0243,-0.0042
26.4908,0.0193,-0.0115,0.0076
26.5910,-0.0021,0.0045,0.0065
26.6912,-0.0021,0.0151,0.0054
26.7914,0.0022,0.0140,-0.0084
26.8915,-0.0138,0.0013,0.0107
26.9917,-0.0042,0.0130,0.0161
27.0919,0.0129,-0.0115,0.0065
27.1921,0.0182,-0.0030,0.0076
27.2923,0.0054,0.0098,0.0097
27.3924,0.0097,-0.0083,0.0384
27.4926,0.0406,0.0130,0.0214
27.5928,-0.0457,0.0183,0.0331
27.6930,-0.0543,-0.0009,0.0097
27.7932,0.0544,-0.0147,0.0054
27.8934,0.0033,-0.0424,0.0182
27.9936,-0.0010,0.0087,0.0193
28.0937,-0.0010,0.0162,0.0182
28.1939,0.0033,-0.0062,0.0257
28.2941,0.0235,-0.0019,0.0107
28.3942,-0.0074,-0.0424,0.0363
28.4944,-0.0180,-0.0009,0.0139
28.5946,0.0299,0.0290,0.0331
28.6948,-0.0010,0.0055,0.0278
28.7950,-0.0042,0.0258,0.0001
28.8952,-0.0457,-0.0424,0.0171
28.9954,0.0416,0.0204,-0.0042
29.0955,0.0011,-0.0168,0.0118
29.1957,-0.0266,-0.0179,0.0118
29.2959,-0.0085,-0.0115,0.0352
29.3961,-0.0021,-0.0009,0.0257
29.4963,0.0533,-0.0328,-0.0201
29.5965,0.0107,-0.0158,0.0299
29.6966,-0.0085,0.0108,0.0598
29.7968,-0.0329,-0.0105,0.0459
29.8970,-0.0255,-0.0030,0.0203
29.9972,-0.0074,-0.0126,0.0448
30.0973,0.0139,-0.0254,0.0416
30.1975,-0.0021,-0.0062,0.0331
30.2977,-0.0479,0.0236,0.0193
30.3979,-0.0329,-0.0158,0.0310
30.4981,0.0427,0.0460,0.0054
30.5983,0.0374,0.0204,0.0214
30.6984,0.0917,0.0172,0.0427
30.7986,0.0512,-0.0009,0.0523
30.8988,-0.0830,0.0119,0.0321
30.9990,-0.0180,0.0194,0.0086
31.0991,0.0342,-0.0445,-0.0074
31.1993,0.0299,-0.0328,0.0257
31.2995,-0.0021,-0.0126,0.0257
31.3997,-0.0191,-0.0222,0.0086
31.4999,-0.0052,0.0140,0.0129
31.6001,0.0150,0.0066,0.0076
31.7002,-0.0074,0.0023,0.0235
31.8004,-0.0095,0.0364,0.0065
31.9006,0.0203,0.0076,0.0161
32.0008,-0.0191,-0.0073,0.0097
32.1010,-0.0127,0.0098,0.0246
32.2012,-0.0010,0.0023,0.0054
32.3013,-0.0063,0.0002,0.0118
32.4015,0.0086,0.0279,0.0267
32.5017,0.0139,-0.0083,0.0374
32.6019,-0.0244,0.0023,-0.0020
32.7020,0.0171,-0.0041,0.0193
32.8023,0.0235,-0.0073,0.0235
32.9025,0.0086,0.0066,0.0225
33.0026,-0.0010,-0.0083,0.0150
33.1028,-0.0116,0.0087,0.0107
33.2030,0.0043,-0.0105,0.0406
33.3032,0.0022,0.0172,0.0012
33.4033,-0.0393,0.0034,0.0171
33.5036,0.0075,-0.0073,0.0171
33.6037,0.0065,-0.0062,0.0150
33.7039,0.0054,-0.0307,0.0257
33.8041,0.0310,-0.0083,-0.0042
33.9043,-0.0106,-0.0158,0.0438
34.0044,0.0182,0.0076,0.0001
34.1046,-0.0010,-0.0137,0.0587
34.2048,0.0086,0.0002,0.0076
34.3050,-0.0052,-0.0083,0.0363
34.4052,0.0086,-0.0030,0.0118
34.5054,0.0246,0.0119,0.0459
34.6055,0.0193,0.0087,0.0139
34.7057,-0.0223,0.0183,0.0352
34.8059,-0.0085,0.0098,0.0331
34.9061,0.0022,-0.0073,0.0374
35.0062,-0.0212,-0.0307,0.0416
35.1064,0.0267,-0.0211,0.0267
35.2066,0.0150,0.0013,0.0555
35.3068,-0.0063,0.0279,0.0246
35.4070,0.0043,0.0172,0.0331
35.5072,-0.0063,0.0226,0.0182
35.6074,-0.0170,0.0151,0.0406
35.7075,0.0118,0.0375,0.0022
35.8077,-0.0095,-0.0009,0.0257
35.9079,0.0107,0.0119,-0.0116
36.0081,-0.0127,-0.0275,0.0299
36.1083,-0.0021,-0.0062,0.0246
36.2085,0.0033,0.0119,0.0246
36.3086,-0.0127,-0.0105,0.0257
36.4088,-0.0021,0.0023,0.0086
36.5090,-0.0415,0.0034,0.0459
36.6092,0.0043,0.0417,0.0022
36.7093,0.0043,-0.0030,0.0491
36.8095,0.0033,0.0194,0.0001
36.9097,0.0107,0.0119,0.0161
37.0099,-0.0127,-0.0115,0.0693
37.1101,0.0288,0.0172,-0.0010
37.2103,0.0011,-0.0264,0.0406
37.3104,0.0065,-0.0190,0.0086
37.4106,-0.0266,0.0045,0.0097
37.5108,0.0097,-0.0201,-0.0361
37.6110,0.0235,0.0098,0.0800
37.7111,0.0086,0.0194,0.0278
37.8113,-0.0202,0.0343,0.0853
37.9115,-0.0085,-0.0392,-0.0233
38.0117,0.0171,-0.0690,0.0278
38.1119,-0.0127,-0.0328,0.0534
38.2121,0.0065,-0.0051,0.0427
38.3123,0.0043,0.0194,0.0225
38.4124,-0.0106,0.0481,0.0161
38.5126,-0.0479,-0.0403,0.0267
38.6128,0.0022,-0.0232,0.0203
38.7130,0.0139,-0.0477,0.0512
38.8132,-0.0095,-0.0073,0.0331
38.9134,-0.0148,-0.0019,0.0470
39.0136,-0.0095,0.0194,0.0139
39.1137,0.0011,0.0311,0.0171
39.2139,0.0107,-0.0009,0.0438
39.3141,-0.0266,0.0151,0.0139
39.4143,-0.0085,-0.0115,0.0321
39.5144,0.0161,-0.0222,0.0139
39.6146,0.0150,-0.0168,0.0299
39.7148,0.0129,-0.0286,0.0406
39.8150,0.0097,-0.0126,0.0043
39.9152,0.0107,-0.0137,0.0523
40.0153,0.0022,0.0204,-0.0031
40.1155,-0.0383,-0.0105,0.0491
40.2157,0.0043,0.0364,0.0086
40.3159,0.0193,-0.0286,0.0374
40.4161,0.0331,-0.0030,-0.0095
40.5162,-0.0116,-0.0137,0.0331
40.6164,0.0011,0.0130,0.0001
40.7166,-0.0116,-0.0275,0.0310
40.8168,-0.0127,0.0119,0.0054
40.9170,0.0161,0.0045,0.0246
41.0171,0.0129,0.0268,0.0033
41.1174,-0.0148,-0.0019,0.0182
41.2175,-0.0085,0.0204,-0.0031
41.3177,0.0235,-0.0318,0.0342
41.4179,0.0011,0.0140,0.0022
41.5181,-0.0148,0.0130,0.0491
41.6182,-0.0063,0.0322,-0.0170
41.7184,0.0203,-0.0264,0.0352
41.8186,0.0075,0.0076,-0.0063
41.9188,0.0086,-0.0243,0.0438
42.0190,0.0161,-0.0137,0.0139
42.1192,0.0182,-0.0083,0.0331
42.2193,-0.0095,-0.0105,0.0097
42.3195,0.0065,-0.0286,0.0150
42.4197,-0.0095,-0.0147,0.0278
42.5199,-0.0010,0.0034,0.0278
42.6200,-0.0010,-0.0137,0.0384
42.7202,0.0150,0.0013,0.0161
42.8204,-0.0329,0.0066,0.0331
42.9206,-0.0148,0.0343,-0.0042
43.0208,0.0043,0.0140,0.0097
43.1209,0.0129,0.0247,0.0470
43.2212,0.0118,-0.0126,0.0352
43.3213,0.0022,-0.0009,0.0395
43.4215,0.0043,0.0087,0.0097
43.5217,0.0001,-0.0190,0.0193
43.6218,0.0107,-0.0115,0.0171
43.7220,0.0374,0.0130,0.0129
43.8222,0.0118,0.0098,0.0203
43.9224,-0.0127,0.0066,0.0065
44.0226,-0.0074,0.0460,0.0203
44.1228,-0.0255,0.0247,0.0342
44.2230,-0.0042,-0.0094,0.0065
44.3231,0.0075,-0.0339,0.0267
44.4233,-0.0010,0.0002,0.0150
44.5235,-0.0127,-0.0030,0.0086
44.6236,0.0395,-0.0179,0.0139
44.7238,-0.0074,-0.0115,0.0107
44.8240,-0.0021,0.0119,0.0139
44.9242,0.0086,-0.0243,0.0129
45.0244,0.0118,-0.0062,0.0001
45.1246,0.0022,-0.0201,0.0257
45.2248,-0.0116,-0.0009,0.0299
45.3249,0.0342,-0.0424,0.0097
45.4251,-0.0308,-0.0318,0.0065
45.5253,0.0075,-0.0211,0.0129
45.6255,0.0139,0.0013,0.0118
45.7257,-0.0052,0.0290,-0.0095
45.8259,0.0001,0.0045,0.0065
45.9260,-0.0148,0.0119,0.0225
46.0262,-0.0042,0.0194,0.0246
46.1264,0.0001,-0.0477,0.0289
46.2266,0.0097,-0.0264,0.0086
46.3268,0.0022,-0.0009,0.0129
46.4269,-0.0106,0.0055,0.0171
46.5271,-0.0095,-0.0019,0.0203
46.6273,0.0161,-0.0083,0.0012
46.7275,0.0107,-0.0062,0.0193
46.8277,-0.0138,-0.0083,0.0076
46.9279,0.0033,-0.0115,0.0043
47.0280,0.0224,0.0045,-0.0095
47.1282,0.0320,0.0226,-0.0095
47.2284,-0.0202,0.0332,0.0054
47.3286,-0.0042,0.0162,0.0054
47.4288,-0.0223,-0.0201,0.0001
47.5290,-0.0085,0.0108,0.0043
47.6291,0.0022,0.0300,0.0129
47.7293,-0.0021,0.0034,0.0076
47.8295,0.0033,0.0034,-0.0031
47.9297,0.0129,0.0055,0.0065
48.0299,0.0161,-0.0137,0.0193
48.1301,0.0139,-0.0137,0.0118
48.2302,0.0288,0.0013,0.0076
48.3304,0.0001,-0.0019,0.0076
48.4306,-0.0393,0.0002,0.0065
48.5308,0.0075,-0.0030,0.0193
48.6310,0.0203,0.0023,0.0043
48.7312,0.0097,0.0108,-0.0116
48.8313,-0.0116,0.0087,-0.0010
48.9315,-0.0255,0.0119,-0.0031
49.0317,0.0033,-0.0030,0.0012
49.1319,0.0395,-0.0179,0.0097
49.2320,0.0139,-0.0019,0.0225
49.3322,-0.0606,0.0279,-0.0020
49.4324,0.0587,-0.0637,0.0065
49.5326,0.0150,0.0290,0.0789
49.6328,0.0161,0.0279,-0.0255
49.7330,-0.0393,0.0034,-0.0084
49.8331,0.0065,-0.0019,0.0022
49.9333,0.0416,-0.0371,0.0331
50.0335,0.0182,0.0865,0.0171
50.1337,-0.0937,0.0087,0.0171
50.2339,-0.0052,-0.0648,-0.0031
50.3340,0.0320,0.0151,0.0118
50.4342,0.0533,-0.0456,0.0043
50.5344,-0.0841,0.0375,-0.0106
50.6346,-0.0287,0.0055,-0.0180
50.7348,0.0448,-0.0211,-0.0042
50.8350,0.0043,0.0151,-0.0383
50.9351,0.0193,0.0034,0.0107
51.0353,-0.0383,0.0428,-0.0201
51.1355,0.0395,-0.0019,-0.0393
51.2357,0.0182,-0.0360,-0.0148
51.3359,-0.0021,0.0247,0.0043
51.4361,-0.0010,0.0119,0.0161
51.5362,-0.0383,-0.0318,-0.0319
51.6364,0.0054,0.0364,0.0139
51.7366,0.0459,-0.0328,0.0139
51.8368,-0.0255,0.0567,0.0544
51.9370,0.0001,-0.0030,0.0012
52.0371,0.0182,0.0449,-0.0191
52.1373,-0.0180,0.0428,-0.0095
52.2375,0.0097,-0.0232,0.0118
52.3377,-0.0116,0.0300,0.0480
52.4379,-0.0127,-0.0211,-0.0148
52.5380,0.0043,0.0087,-0.0170
52.6383,0.0374,0.0076,0.0097
52.7384,-0.0116,-0.0179,0.0076
52.8386,-0.0212,0.0236,0.0203
52.9388,-0.0180,-0.0296,0.0246
53.0390,-0.0116,0.0290,-0.0116
53.1391,0.0523,-0.0030,-0.0063
53.2393,0.0118,0.0300,-0.0319
53.3395,-0.0255,0.0748,-0.0191
53.4397,-0.0031,0.0162,0.0171
53.5399,-0.0255,0.0226,0.0022
53.6401,-0.0052,0.0023,-0.0415
53.7403,0.0214,-0.0083,0.0097
53.8404,-0.0095,0.0066,-0.0052
53.9406,0.0054,-0.0073,-0.0137
54.0408,0.0022,0.0108,0.0001
54.1410,-0.0180,0.0130,-0.0084
54.2411,0.0193,-0.0062,0.0086
54.3413,0.0086,0.0183,0.0139
54.4415,0.0065,-0.0041,0.0022
54.5417,-0.0127,0.0023,0.0022
54.6419,0.0043,0.0503,0.0054
54.7420,0.0011,0.0172,-0.0180
54.8422,0.0001,0.0322,-0.0084
54.9424,-0.0106,0.0045,0.0107
55.0426,-0.0223,0.0034,-0.0074
55.1428,0.0086,-0.0158,-0.0063
55.2430,0.0352,0.0087,-0.0042
55.3432,0.0075,0.0194,-0.0074
55.4433,-0.0319,-0.0041,0.0022
55.5435,-0.0148,0.0076,-0.0106
55.6437,0.0523,-0.0051,-0.0031
55.7439,0.0150,0.0002,-0.0063
55.8441,-0.0606,0.0140,-0.0180
55.9443,-0.0148,0.0215,-0.0159
56.0444,-0.0148,-0.0115,0.0076
56.1446,0.0224,0.0151,-0.0148
56.2448,0.0288,-0.0019,-0.0010
56.3450,-0.0148,0.0002,0.0086
56.4452,0.0161,0.0194,0.0086
56.5453,-0.0095,-0.0264,0.0193
56.6455,0.0001,-0.0009,-0.0170
56.7457,0.0491,-0.0105,-0.0031
56.8459,0.0107,-0.0158,-0.0106
56.9461,-0.0500,-0.0083,-0.0031
57.0462,0.0075,0.0013,-0.0212
57.1464,0.0299,-0.0083,0.0001
57.2466,0.0224,0.0076,-0.0031
57.3468,-0.0500,0.0354,0.0001
57.4470,-0.0244,-0.0009,0.0022
57.5472,0.0171,-0.0307,-0.0095
57.6474,0.0107,-0.0062,0.0097
57.7475,0.0139,0.0130,-0.0137
57.8477,0.0033,0.0013,0.0086
57.9479,-0.0361,-0.0073,-0.0148
58.0481,0.0203,0.0172,-0.0212
58.1483,0.0182,-0.0094,0.0086
58.2484,0.0193,0.0172,-0.0010
58.3486,-0.0052,0.0172,-0.0042
58.4488,-0.0255,0.0130,-0.0020
58.5490,0.0214,-0.0126,-0.0074
58.6492,-0.0180,-0.0083,-0.0063
58.7493,0.0224,0.0119,-0.0010
58.8495,0.0278,0.0151,0.0033
58.9497,-0.0244,0.0108,-0.0095
59.0499,-0.0085,0.0098,-0.0052
59.1501,-0.0127,-0.0062,-0.0201
59.2503,0.0480,-0.0062,-0.0106
59.3505,-0.0138,0.0204,0.0086
59.4506,-0.0766,-0.0275,-0.0287
59.5508,0.0395,-0.0030,-0.0074
59.6510,0.0246,-0.0073,0.0150
59.7512,-0.0212,0.0098,-0.0191
59.8514,-0.0095,0.0396,-0.0052
59.9516,-0.0180,-0.0009,-0.0031
60.0518,-0.0106,-0.0073,-0.0276
60.1519,0.0576,-0.0083,-0.0223
60.2521,0.0714,-0.0126,-0.0063
60.3523,-0.0266,0.0162,-0.0276
60.4524,0.0129,0.0151,-0.0180
60.5527,0.0022,-0.0094,-0.0031
60.6528,-0.0372,0.0002,-0.0223
60.7530,-0.0148,0.0162,-0.0074
60.8532,-0.0085,-0.0126,-0.0223
60.9534,0.0022,-0.0147,-0.0297
61.0535,-0.0138,-0.0019,-0.0031
61.1537,-0.0170,0.0130,0.0001
61.2539,-0.0085,0.0140,-0.0137
61.3541,0.0182,-0.0073,-0.0074
61.4543,0.0107,-0.0073,-0.0201
61.5545,0.0203,-0.0051,0.0043
61.6546,-0.0202,0.0023,-0.0020
61.7548,-0.0074,0.0066,0.0054
61.8550,-0.0031,-0.0062,-0.0191
61.9552,0.0576,-0.0094,-0.0265
62.0554,-0.0479,0.0162,0.0107
62.1556,-0.0095,0.0087,-0.0148
62.2558,0.0214,0.0013,0.0054
62.3559,-0.0063,-0.0147,-0.0020
62.4561,0.0342,0.0013,-0.0170
62.5563,-0.0415,0.0034,-0.0212
62.6565,0.0193,0.0194,-0.0084
62.7567,0.0097,0.0087,-0.0031
62.8569,-0.0266,0.0172,-0.0308
62.9571,-0.0148,-0.0073,-0.0010
63.0572,0.0086,-0.0201,-0.0084
63.1574,0.0054,0.0076,0.0107
63.2576,-0.0138,-0.0009,-0.0255
63.3578,-0.0085,0.0087,-0.0180
63.4579,0.0288,0.0098,-0.0276
63.5581,0.0352,0.0087,-0.0170
63.6583,-0.0159,0.0279,-0.0074
63.7585,-0.0170,0.0002,-0.0201
63.8587,0.0001,0.0172,0.0054
63.9589,0.0075,-0.0019,-0.0287
64.0590,0.0118,0.0172,-0.0031
64.1592,0.0033,0.0300,-0.0074
64.2594,-0.0138,-0.0083,-0.0191
64.3596,-0.0031,-0.0137,-0.0191
64.4598,0.0406,-0.0137,0.0076
64.5600,-0.0042,-0.0073,-0.0180
64.6602,-0.0170,0.0194,-0.0255
64.7603,0.0193,0.0385,-0.0137
64.8605,-0.0383,0.0162,-0.0244
64.9607,-0.0202,-0.0211,-0.0329
65.0608,0.0224,-0.0094,-0.0106
65.1611,0.0331,0.0034,-0.0074
65.2612,-0.0234,0.0066,-0.0244
65.3614,-0.0095,0.0098,-0.0425
65.4616,-0.0063,0.0023,-0.0010
65.5618,0.0342,0.0034,-0.0201
65.6620,-0.0372,-0.0158,-0.0233
65.7621,0.0107,-0.0051,-0.0191
65.8623,0.0427,-0.0339,-0.0180
65.9625,0.0224,0.0343,-0.0191
66.0627,-0.0383,0.0364,-0.0148
66.1629,-0.0010,0.0119,-0.0010
66.2631,-0.0021,-0.0403,-0.0042
66.3633,0.0288,-0.0701,-0.0308
66.4634,0.0437,-0.0392,-0.0031
66.5636,-0.0074,0.0130,-0.0287
66.6638,-0.0308,0.0311,-0.0223
66.7640,0.0267,-0.0126,-0.0180
66.8642,0.0320,-0.0041,-0.0201
66.9644,-0.0276,0.0066,-0.0372
67.0645,-0.0340,-0.0051,-0.0191
67.1647,0.0214,-0.0477,-0.0265
67.2649,0.0416,-0.0243,-0.0329
67.3651,-0.0180,0.0045,0.0225
67.4653,-0.0361,0.0183,-0.0201
67.5655,-0.0063,0.0183,0.0076
67.6656,0.0374,-0.0083,-0.0170
67.7658,0.0150,0.0034,0.0129
67.8660,-0.0393,0.0322,-0.0223
67.9662,-0.0244,0.0204,-0.0233
68.0664,0.0246,0.0311,-0.0489
68.1666,0.0342,-0.0051,-0.0106
68.2668,-0.0276,0.0268,0.0043
68.3669,-0.0340,0.0034,-0.0170
68.4671,0.0256,-0.0051,-0.0137
68.5673,0.0267,-0.0190,-0.0255
68.6674,0.0267,-0.0009,0.0054
68.7676,-0.0234,-0.0179,-0.0201
68.8678,-0.0372,0.0013,0.0012
68.9680,0.0139,0.0258,-0.0116
69.0682,0.0182,0.0247,-0.0287
69.1684,-0.0052,-0.0041,-0.0212
69.2686,-0.0063,-0.0105,-0.0233
69.3687,0.0235,-0.0201,-0.0212
69.4689,0.0267,0.0247,-0.0137
69.5691,-0.0106,0.0108,-0.0159
69.6693,-0.0202,0.0034,-0.0329
69.7695,0.0171,0.0087,0.0012
69.8697,-0.0106,-0.0382,-0.0223
69.9698,0.0011,-0.0211,-0.0148
70.0700,-0.0159,0.0215,-0.0063
70.1702,0.0107,0.0098,-0.0287
70.2704,0.0107,-0.0009,-0.0031
70.3706,0.0608,0.0279,-0.0265
70.4708,-0.0255,0.0226,0.0065
70.5709,-0.0404,-0.0424,0.0097
70.6711,0.0214,-0.0424,-0.0915
70.7713,0.0161,-0.0201,-0.0116
70.8715,0.0054,0.0108,-0.0244
70.9717,0.0278,0.0311,-0.0233
71.0718,-0.0298,0.0172,-0.0329
71.1720,-0.0276,0.0023,-0.0329
71.2722,0.0203,-0.0201,-0.0127
71.3724,0.0459,-0.0595,-0.0308
71.4726,0.0011,-0.0318,-0.0148
71.5728,-0.0574,-0.0126,-0.0148
71.6729,-0.0085,0.0108,-0.0084
71.7731,0.0161,0.0108,-0.0393
71.8733,0.0129,0.0130,-0.0265
71.9734,0.0214,-0.0105,-0.0127
72.0736,0.0033,-0.0062,-0.0287
72.1738,-0.0415,-0.0051,-0.0340
72.2740,0.0065,0.0140,-0.0329
72.3742,0.0011,-0.0147,-0.0212
72.4744,0.0033,0.0407,-0.0170
72.5746,0.0256,0.0162,-0.0244
72.6747,-0.0298,0.0343,-0.0319
72.7750,-0.0511,-0.0030,-0.0265
72.8751,0.0416,0.0045,-0.0351
72.9753,-0.0116,-0.0147,-0.0063
73.0754,-0.0021,0.0002,-0.0223
73.1756,-0.0116,-0.0328,0.0086
73.2758,0.0097,-0.0115,0.0022
73.3760,0.0161,0.0098,-0.0265
73.4762,-0.0244,0.0140,-0.0180
73.5764,0.0001,-0.0030,-0.0340
73.6766,0.0054,-0.0041,-0.0212
73.7767,-0.0010,0.0066,-0.0244
73.8769,-0.0127,-0.0264,-0.0159
73.9771,-0.0010,-0.0073,-0.0287
74.0773,0.0161,0.0002,-0.0020
74.1775,-0.0042,0.0066,-0.0106
74.2777,0.0224,-0.0041,-0.0137
74.3778,0.0033,0.0183,-0.0244
74.4780,-0.0127,0.0194,-0.0191
74.5782,-0.0063,0.0183,-0.0137
74.6784,0.0054,-0.0041,-0.0159
74.7786,0.0182,0.0055,-0.0319
74.8788,-0.0042,0.0023,-0.0074
74.9790,-0.0191,0.0066,-0.0191
75.0791,0.0150,-0.0019,-0.0244
75.1793,-0.0074,0.0130,-0.0116
75.2795,-0.0170,0.0183,-0.0148
75.3797,-0.0106,0.0045,-0.0201
75.4798,0.0203,-0.0019,-0.0052
75.5800,0.0054,0.0162,-0.0201
75.6802,0.0118,0.0332,-0.0201
75.7804,0.0288,0.0087,-0.0031
75.8806,-0.0148,-0.0073,-0.0095
75.9808,-0.0255,0.0002,-0.0106
76.0809,0.0150,-0.0126,-0.0233
76.1811,-0.0180,-0.0051,0.0054
76.2813,0.0193,0.0076,-0.0212
76.3815,-0.0457,0.0215,-0.0265
76.4817,0.0565,0.0013,-0.0180
76.5819,0.0150,-0.0339,-0.0084
76.6821,-0.0138,-0.0126,-0.0116
76.7822,0.0086,-0.0073,-0.0106
76.8824,0.0299,-0.0094,-0.0170
76.9826,-0.0532,0.0194,-0.0052
77.0828,-0.0276,-0.0051,-0.0137
77.1830,0.0395,-0.0105,-0.0191
77.2832,0.0139,0.0332,-0.0095
77.3833,-0.0202,0.0396,-0.0063
77.4835,-0.0436,0.0045,-0.0393
77.5837,0.0470,-0.0424,0.0076
77.6839,0.0086,-0.0094,0.0001
77.7841,-0.0074,0.0055,-0.0372
77.8843,0.0299,0.0684,-0.0351
77.9844,-0.0170,0.0204,-0.0148
78.0846,0.0043,0.0055,-0.0201
78.1848,0.0214,-0.0158,-0.0063
78.2850,-0.0042,-0.0051,-0.0095
78.3852,-0.0319,0.0013,-0.0031
78.4854,0.0182,-0.0115,-0.0063
78.5855,-0.0180,-0.0051,-0.0170
78.6857,-0.0298,0.0215,-0.0201
78.7859,-0.0244,0.0343,-0.0319
78.8861,0.0288,-0.0105,-0.0201
78.9862,0.0001,-0.0211,-0.0351
79.0864,0.0107,0.0204,0.0107
79.1866,0.0075,-0.0201,-0.0106
79.2868,-0.0010,-0.0030,-0.0212
79.3870,0.0033,-0.0232,0.0012
79.4872,0.0118,-0.0201,-0.0233
79.5874,-0.0138,-0.0147,-0.0201
79.6875,-0.0106,0.0226,-0.0489
79.7877,0.0033,0.0140,-0.0106
79.8879,0.0033,0.0023,-0.0212
79.9881,0.0150,-0.0009,-0.0297
80.0883,0.0011,-0.0190,-0.0170
80.1885,-0.0116,0.0013,-0.0127
80.2886,0.0416,0.0055,-0.0308
80.3888,-0.0276,0.0162,-0.0170
80.4890,-0.0287,0.0108,-0.0308
80.5892,0.0246,0.0002,-0.0287
80.6893,0.0214,-0.0094,-0.0191
80.7895,-0.0191,-0.0137,-0.0308
80.8897,-0.0425,-0.0243,-0.0233
80.9899,0.0107,0.0108,-0.0223
81.0901,0.0246,-0.0168,-0.0244
81.1903,0.0182,-0.0019,-0.0223
81.2904,0.0161,0.0023,-0.0276
81.3906,-0.0063,0.0268,-0.0074
81.4908,0.0022,0.0066,-0.0297
81.5910,-0.0361,0.0268,0.0043
81.6912,0.0256,0.0087,-0.0585
81.7914,-0.0191,0.0258,-0.0233
81.8915,0.0054,0.0183,-0.0777
81.9917,0.0193,0.0279,-0.0361
82.0919,-0.0319,-0.0190,-0.0287
82.1921,-0.0106,0.0066,-0.0734
82.2923,0.0043,-0.0126,-0.0137
82.3925,-0.0255,-0.0179,-0.0510
82.4927,-0.0148,0.0087,-0.0148
82.5928,0.0267,-0.0147,-0.0404
82.6930,0.0320,0.0162,-0.0180
82.7933,0.0097,0.0119,-0.0393
82.8935,-0.0212,0.0162,-0.0020
82.9936,-0.0298,0.0204,-0.0074
83.0938,-0.0042,0.0108,-0.0212
83.1940,-0.0159,0.0162,-0.0319
83.2942,0.0118,-0.0030,-0.0170
83.3944,0.0384,-0.0179,-0.0308
83.4946,-0.0351,0.0279,0.0214
83.5947,-0.0329,0.0247,-0.0095
83.6949,0.0203,0.0076,-0.0042
83.7951,0.0203,-0.0094,-0.0127
83.8953,0.0235,0.0066,-0.0116
83.9955,0.0033,-0.0168,0.0107
84.0956,-0.0052,-0.0105,-0.0180
84.1958,-0.0095,-0.0051,-0.0170
84.2960,-0.0063,-0.0073,-0.0074
84.3962,0.0043,-0.0041,-0.0042
84.4964,-0.0085,0.0119,-0.0010
84.5966,-0.0116,0.0172,-0.0074
84.6967,-0.0180,-0.0051,0.0065
84.7969,0.0033,0.0140,0.0054
84.8971,-0.0021,-0.0073,-0.0127
84.9973,-0.0202,0.0194,-0.0074
85.0975,0.0139,0.0098,-0.0233
85.1977,0.0171,-0.0051,-0.0106
85.2979,0.0001,-0.0179,-0.0170
85.3980,-0.0031,-0.0201,-0.0319
85.4982,0.0193,0.0098,-0.0127
85.5984,0.0065,0.0013,-0.0052
85.6986,-0.0127,-0.0073,-0.0287
85.7988,0.0374,0.0279,-0.0255
85.8990,-0.0127,0.0002,0.0012
85.9991,-0.0404,-0.0009,-0.0106
86.0993,0.0224,-0.0318,-0.0063
86.1995,0.0203,-0.0509,-0.0159
86.2997,0.0011,-0.0137,0.0001
86.3999,-0.0052,-0.0126,-0.0074
86.5001,0.0182,0.0087,-0.0180
86.6002,-0.0095,0.0130,-0.0170
86.7004,-0.0063,0.0215,-0.0180
86.8006,-0.0010,0.0055,-0.0180
86.9008,0.0182,0.0279,-0.0244
87.0010,-0.0170,0.0172,-0.0159
87.1012,-0.0042,0.0013,-0.0351
87.2013,0.0267,-0.0051,-0.0276
87.3015,0.0107,0.0066,-0.0372
87.4017,-0.0063,0.0055,-0.0127
87.5019,-0.0031,-0.0222,-0.0031
87.6021,0.0193,-0.0168,-0.0201
87.7022,0.0022,-0.0201,-0.0052
87.8024,0.0267,0.0215,-0.0191
87.9026,-0.0052,0.0076,-0.0244
88.0028,-0.0191,0.0108,-0.0255
88.1030,0.0001,-0.0019,-0.0170
88.2032,-0.0308,0.0076,-0.0159
88.3033,0.0363,-0.0158,-0.0212
88.4035,-0.0212,-0.0201,-0.0159
88.5037,-0.0180,0.0108,-0.0276
88.6039,0.0406,-0.0147,-0.0180
88.7041,-0.0191,-0.0041,-0.0180
88.8043,-0.0127,0.0119,-0.0233
88.9044,0.0384,-0.0051,0.0150
89.0046,-0.0127,0.0076,-0.0137
89.1048,-0.0532,0.0002,-0.0116
89.2050,0.0203,0.0098,-0.0180
89.3052,0.0075,-0.0158,-0.0297
89.4054,-0.0021,0.0045,-0.0276
89.5055,0.0203,0.0236,-0.0084
89.6057,0.0203,-0.0009,-0.0137
89.7059,0.0054,0.0076,-0.0201
89.8061,-0.0095,0.0183,-0.0020
89.9063,-0.0159,0.0013,-0.0201
90.0064,-0.0031,0.0034,-0.0244
90.1067,0.0224,0.0055,-0.0170
90.2068,0.0182,0.0151,-0.0212
90.3070,-0.0085,0.0055,-0.0201
90.4072,0.0288,-0.0073,-0.0361
90.5073,0.0118,0.0322,-0.0137
90.6075,0.0107,-0.0073,-0.0329
90.7077,-0.0116,0.0055,-0.0223
90.8079,0.0299,0.0034,-0.0319
90.9081,-0.0489,0.0343,0.0012
91.0083,-0.0234,-0.0126,-0.0617
91.1085,0.0491,-0.0414,-0.0084
91.2086,0.0150,0.0215,-0.0106
91.3088,-0.0287,-0.0083,-0.0159
91.4090,0.0278,0.0300,-0.0297
91.5092,-0.0170,-0.0073,-0.0095
91.6094,-0.0266,-0.0083,-0.0170
91.7096,-0.0202,-0.0051,-0.0404
91.8097,0.0597,-0.0083,-0.0329
91.9099,-0.0159,-0.0137,-0.0223
92.0101,-0.0148,0.0013,-0.0425
92.1103,0.0288,-0.0009,-0.0223
92.2104,0.0235,-0.0083,-0.0223
92.3106,-0.0340,0.0226,-0.0137
92.4108,0.0043,-0.0041,-0.0244
92.5110,0.0182,0.0034,-0.0074
92.6112,0.0235,0.0034,-0.0159
92.7114,-0.0244,0.0268,-0.0180
92.8115,0.0043,0.0172,-0.0500
92.9117,-0.0212,-0.0019,-0.0031
93.0119,0.0203,-0.0382,-0.0095
93.1121,-0.0074,-0.0254,-0.0265
93.2123,0.0342,0.0034,-0.0372
93.3124,-0.0276,0.0236,-0.0372
93.4126,0.0171,0.0354,-0.0265
93.5128,0.0246,0.0098,-0.0265
93.6130,-0.0234,-0.0115,-0.0319
93.7132,-0.0127,0.0140,0.0033
93.8134,0.0075,-0.0041,-0.0159
93.9136,-0.0085,0.0098,-0.0276
94.0137,0.0182,0.0151,-0.0201
94.1139,-0.0308,0.0108,-0.0170
94.2141,0.0171,-0.0083,-0.0265
94.3143,0.0832,0.0130,-0.0329
94.4145,-0.0170,-0.0019,0.0043
94.5146,-0.0830,-0.0083,-0.0255
94.6148,0.0107,0.0013,-0.0361
94.7150,0.0491,0.0013,0.0022
94.8152,0.0203,0.0162,-0.0137
94.9154,-0.0255,0.0151,-0.0106
95.0156,-0.0191,-0.0030,-0.0106
95.1157,0.0267,-0.0254,-0.0212
95.2159,-0.0095,0.0002,0.0012
95.3161,0.0224,-0.0030,-0.0468
95.4163,0.0043,0.0151,-0.0074
95.5165,-0.0298,-0.0083,-0.0276
95.6166,0.0363,-0.0030,-0.0159
95.7169,0.0065,0.0226,-0.0201
95.8170,-0.0085,-0.0094,-0.0383
95.9172,-0.0095,-0.0051,-0.0148
96.0174,-0.0138,-0.0062,-0.0233
96.1176,0.0118,-0.0030,-0.0148
96.2178,0.0331,0.0183,-0.0276
96.3179,0.0320,0.0524,-0.0127
96.4181,-0.0617,-0.0073,-0.0436
96.5183,0.0097,0.0023,-0.0425
96.6185,0.0043,-0.0126,-0.0052
96.7187,-0.0010,-0.0105,-0.0585
96.8189,-0.0180,0.0023,-0.0340
96.9190,0.0235,-0.0147,-0.0265
97.0193,-0.0148,0.0247,-0.0265
97.1194,0.0075,0.0162,-0.0329
97.2196,0.0139,0.0236,-0.0596
97.3198,0.0161,0.0194,-0.0074
97.4200,-0.0383,0.0162,-0.0457
97.5202,0.0161,-0.0115,-0.0521
97.6203,0.0374,-0.0041,-0.0329
97.7205,0.0086,0.0108,-0.0308
97.8207,-0.0159,0.0045,-0.0276
97.9209,0.0139,-0.0222,-0.0308
98.0211,0.0054,-0.0168,-0.0170
98.1212,-0.0021,-0.0083,-0.0659
98.2214,0.0118,-0.0137,-0.0319
98.3216,0.0246,-0.0211,-0.0308
98.4218,0.0001,0.0215,-0.0212
98.5220,-0.0585,0.0364,-0.0201
98.6222,-0.0031,0.0108,-0.0255
98.7223,0.0256,-0.0254,-0.0340
98.8225,0.0054,0.0066,-0.0244
98.9227,-0.0170,-0.0041,-0.0148
99.0229,0.0107,-0.0211,-0.0223
99.1231,0.0065,-0.0062,-0.0180
99.2233,0.0246,-0.0158,-0.0095
99.3234,0.0203,0.0023,-0.0180
99.4236,0.0011,0.0045,-0.0297
99.5238,-0.0095,0.0332,-0.0425
99.6240,-0.0159,-0.0126,-0.0489
99.7241,0.0054,-0.0137,-0.0383
99.8243,-0.0159,0.0194,-0.0297
99.9245,-0.0234,0.0108,-0.0340
100.0247,0.0320,0.0013,-0.0276
100.1249,0.0171,-0.0019,-0.0329
100.2251,-0.0191,0.0247,-0.0201
100.3252,0.0267,-0.0083,-0.0212
100.4254,0.0054,-0.0041,-0.0084
100.5256,-0.0276,0.0449,-0.0446
100.6258,-0.0052,-0.0179,-0.0116
100.7260,-0.0063,-0.0339,-0.0148
100.8262,0.0161,-0.0083,-0.0649
100.9264,0.0416,0.1025,-0.0074
101.0265,-0.0138,0.0726,0.0821
101.1267,0.0224,0.0503,-0.0361
101.2269,0.0672,-0.0627,-0.0723
101.3271,-0.0255,-0.1010,-0.0052
101.4273,-0.0873,-0.0829,0.0107
101.5275,0.0203,0.0247,-0.0159
101.6276,0.0193,0.0055,-0.0159
101.7278,0.0022,0.0417,-0.0446
101.8280,0.0086,0.0258,-0.0297
101.9282,-0.0244,0.0076,-0.0244
102.0283,0.0235,-0.0083,-0.0521
102.1286,0.0182,-0.0137,-0.0201
102.2287,0.0086,0.0002,-0.0436
102.3289,-0.0106,0.0098,-0.0446
102.4291,0.0161,-0.0019,-0.0383
102.5293,0.0565,-0.0009,-0.0351
102.6295,-0.0010,0.0258,-0.0468
102.7296,-0.0404,0.0140,-0.0351
102.8298,0.0224,-0.0201,-0.0510
102.9300,0.0161,-0.0190,-0.0255
103.0302,-0.0276,0.0183,-0.0542
103.1303,0.0011,0.0119,-0.0351
103.2305,0.0501,0.0066,-0.0329
103.3307,-0.0148,0.0140,-0.0372
103.4309,-0.0244,-0.0105,-0.0681
103.5311,-0.0159,-0.0201,-0.0383
103.6313,0.0001,-0.0328,-0.0233
103.7314,0.0054,0.0002,-0.0297
103.8316,0.0033,0.0108,-0.0276
103.9318,0.0406,0.0364,-0.0137
104.0320,0.0278,0.0290,-0.0244
104.1322,-0.0734,0.0130,-0.0074
104.2324,0.0288,0.0002,-0.0446
104.3326,0.0203,-0.0126,0.0182
104.4327,-0.0873,0.0098,-0.0159
104.5329,0.0459,0.0087,-0.0351
104.6331,0.0437,-0.0041,0.0107
104.7333,-0.0010,0.0066,-0.0500
104.8334,-0.0234,0.0311,-0.0170
104.9336,0.0224,0.0140,-0.0170
105.0338,-0.0042,-0.0094,-0.0074
105.1340,0.0278,0.0140,-0.0223
105.2342,0.0544,-0.0041,-0.0031
105.3344,-0.0585,0.0034,-0.0340
105.4345,0.0299,-0.0030,-0.0159
105.5347,0.0043,0.0258,-0.0319
105.6349,-0.0340,0.0034,-0.0308
105.7351,-0.0010,-0.0094,-0.0106
105.8353,0.0129,0.0034,-0.0223
105.9355,0.0011,-0.0137,-0.0233
106.0356,0.0001,-0.0073,-0.0415
106.1358,-0.0148,-0.0041,-0.0393
106.2360,-0.0063,-0.0147,-0.0351
106.3362,0.0033,-0.0179,-0.0393
106.4364,0.0171,-0.0083,-0.0308
106.5366,0.0256,0.0087,-0.0361
106.6368,0.0075,0.0130,-0.0223
106.7369,-0.0042,0.0322,-0.0308
106.8371,0.0065,0.0087,-0.0244
106.9373,0.0075,-0.0094,-0.0255
107.0375,0.0246,-0.0115,-0.0244
107.1377,-0.0191,0.0172,-0.0393
107.2379,0.0129,-0.0094,-0.0351
107.3380,0.0203,-0.0062,-0.0319
107.4382,-0.0361,0.0130,-0.0404
107.5384,0.0150,-0.0030,-0.0159
107.6386,-0.0074,-0.0158,-0.0297
107.7388,-0.0383,-0.0158,-0.0436
107.8389,0.0406,0.0119,-0.0383
107.9391,0.0224,0.0204,-0.0265
108.0393,0.0065,0.0140,-0.0468
108.1395,0.0267,0.0140,-0.0308
108.2397,0.0256,0.0066,-0.0212
108.3399,-0.0351,-0.0051,-0.0446
108.4400,0.0011,0.0034,-0.0265
108.5402,0.0011,-0.0105,-0.0201
108.6404,0.0193,-0.0009,-0.0436
108.7406,0.0097,0.0172,-0.0265
108.8408,-0.0596,0.0076,-0.0532
108.9410,-0.0010,0.0002,-0.0457
109.0411,0.0203,-0.0105,-0.0372
109.1413,0.0001,-0.0286,-0.0319
109.2415,-0.0127,-0.0158,-0.0521
109.3417,0.0107,0.0076,-0.0244
109.4419,0.0182,0.0013,-0.0372
109.5421,0.0022,0.0183,-0.0425
109.6422,0.0097,0.0215,-0.0489
109.7424,0.0054,-0.0062,-0.0287
109.8426,0.0033,0.0119,-0.0415
109.9428,0.0011,0.0087,-0.0383
110.0430,-0.0180,0.0055,-0.0393
110.1432,-0.0063,0.0226,-0.0351
110.2433,-0.0063,-0.0009,-0.0180
110.3435,0.0235,0.0034,-0.0446
110.4437,0.0374,0.0140,-0.0446
110.5439,-0.0276,0.0204,-0.0361
110.6441,0.0161,0.0247,-0.0585
110.7442,-0.0148,0.0013,-0.0201
110.8444,-0.0223,0.0098,-0.0308
110.9446,0.0214,-0.0062,-0.0446
111.0448,-0.0031,-0.0275,-0.0255
111.1450,-0.0042,0.0087,-0.0329
111.2452,0.0054,0.0172,-0.0521
111.3453,0.0033,-0.0105,-0.0372
111.4455,0.0065,-0.0222,-0.0159
111.5457,-0.0010,-0.0243,-0.0446
111.6459,-0.0329,-0.0083,-0.0095
111.7461,0.0746,0.0247,-0.0276
111.8463,0.0246,0.0428,-0.0223
111.9464,-0.0404,0.0513,-0.0297
112.0466,-0.0468,-0.0392,-0.0361
112.1468,0.0395,-0.0115,-0.0233
112.2470,0.0246,0.0076,-0.0201
112.3472,0.0118,0.0428,-0.0340
112.4474,-0.0223,0.0322,-0.0159
112.5475,-0.0223,0.0439,-0.0052
112.6477,0.0022,-0.0222,-0.0404
112.7479,0.0523,-0.0307,-0.0446
112.8481,0.0619,-0.0094,-0.0201
112.9483,-0.0329,-0.0126,-0.0436
113.0484,-0.0788,-0.0019,-0.0308
113.1487,0.0086,0.0108,-0.0457
113.2488,0.0459,-0.0680,-0.0191
113.3490,0.0097,-0.0318,-0.0201
113.4492,0.0097,0.0322,-0.0372
113.5494,0.0011,0.0300,-0.0287
113.6496,0.0342,0.0055,-0.0766
113.7497,-0.0457,0.0343,0.0267
113.8499,0.0086,-0.0137,-0.0457
113.9501,-0.0063,0.0002,-0.0553
114.0503,-0.0085,-0.0041,-0.0638
114.1505,0.0054,0.0023,-0.0425
114.2507,0.0086,0.0130,-0.0255
114.3508,0.0267,0.0300,-0.0106
114.4510,0.0075,0.0524,-0.0383
114.5512,-0.0138,0.0076,-0.0265
114.6514,0.0310,-0.0115,-0.0265
114.7516,-0.0308,0.0140,-0.0180
114.8518,-0.0127,-0.0062,-0.0287
114.9519,0.0384,-0.0264,-0.0287
115.0521,0.0065,0.0247,-0.0127
115.1523,-0.0457,-0.0019,-0.0201
115.2525,0.0256,-0.0019,-0.0329
115.3527,0.0256,0.0140,-0.0180
115.4529,-0.0106,-0.0019,-0.0233
115.5530,-0.0116,-0.0009,-0.0436
115.6532,-0.0138,-0.0030,-0.0297
115.7534,0.0139,-0.0041,-0.0244
115.8536,0.0501,0.0013,-0.0372
115.9538,0.0097,0.0162,-0.0148
116.0540,-0.0095,0.0290,-0.0180
116.1541,0.0065,0.0172,-0.0265
116.2543,-0.0063,-0.0073,-0.0276
116.3545,0.0171,-0.0030,-0.0170
116.4547,-0.0148,-0.0073,-0.0180
116.5549,0.0075,0.0268,-0.0351
116.6551,-0.0127,0.0247,-0.0170
116.7552,-0.0500,0.0002,-0.0404
116.8554,0.0299,0.0045,-0.0223
116.9556,0.0363,-0.0211,-0.0308
117.0558,0.0118,-0.0030,-0.0233
117.1560,-0.0372,-0.0062,-0.0308
117.2561,-0.0191,-0.0030,-0.0265
117.3563,0.0043,-0.0073,-0.0340
117.4565,0.0182,0.0087,-0.0415
117.5567,-0.0052,0.0140,-0.0510
117.6569,0.0118,0.0066,-0.0319
117.7571,0.0523,0.0055,-0.0244
117.8573,-0.0415,-0.0062,-0.0446
117.9574,-0.0329,0.0002,-0.0585
118.0576,0.0555,0.0119,-0.0159
118.1578,0.0129,0.0013,-0.0233
118.2580,-0.0617,0.0045,-0.0308
118.3582,0.0107,-0.0232,-0.0265
118.4584,0.0246,-0.0158,-0.0415
118.5585,-0.0085,-0.0211,-0.0372
118.6587,0.0331,-0.0073,-0.0351
118.7589,0.0278,0.0108,-0.0297
118.8591,-0.0148,0.0204,-0.0500
118.9593,-0.0127,0.0311,-0.0404
119.0595,-0.0266,0.0002,-0.0415
119.1596,-0.0085,0.0055,-0.0255
119.2598,0.0214,-0.0019,-0.0340
119.3600,0.0395,0.0119,-0.0276
119.4602,0.0150,0.0140,-0.0084
119.5604,-0.0340,0.0023,-0.0319
119.6605,-0.0085,0.0045,-0.0361
119.7607,-0.0138,-0.0158,-0.0297
119.8609,0.0406,0.0034,-0.0415
119.9611,-0.0298,0.0172,-0.0265
120.0613,-0.0329,0.0119,-0.0287
120.1615,0.0427,-0.0243,-0.0276
120.2616,-0.0266,0.0066,-0.0319
120.3618,0.0054,-0.0009,-0.0340
120.4620,0.0086,0.0034,-0.0276
120.5622,0.0011,0.0151,-0.0478
120.6624,0.0129,0.0162,-0.0372
120.7626,0.0523,0.0023,-0.0159
120.8627,-0.0521,0.0034,-0.0319
120.9629,-0.0031,0.0055,-0.0425
121.0631,0.0161,0.0098,-0.0329
121.1633,0.0544,-0.0126,-0.0436
121.2635,-0.0649,0.0247,0.0001
121.3637,0.0267,0.0119,-0.0500
121.4638,0.0150,-0.0499,0.0065
121.5640,-0.0148,0.0034,-0.0170
121.6642,0.0086,0.0013,-0.0201
121.7644,-0.0106,0.0162,-0.0319
121.8646,0.0129,0.0215,-0.0244
121.9647,-0.0543,0.0183,-0.0393
122.0649,0.0320,0.0076,-0.0351
122.1651,0.0107,0.0023,-0.0127
122.2653,-0.0170,0.0013,-0.0361
122.3655,0.0235,-0.0115,-0.0287
122.4657,0.0182,0.0013,-0.0212
122.5658,-0.0127,-0.0062,-0.0329
122.6660,-0.0159,-0.0094,-0.0233
122.7662,0.0214,-0.0105,-0.0201
122.8663,-0.0191,0.0108,-0.0468
122.9665,-0.0457,0.0790,-0.0670
123.0667,0.0139,0.0162,-0.0244
123.1669,0.0480,0.0236,-0.0713
123.2671,-0.0809,0.0140,-0.0308
123.3673,-0.0266,0.0002,-0.0276
123.4674,0.0576,-0.0350,-0.0106
123.5676,-0.0085,0.0354,-0.0127
123.6678,-0.0361,0.0375,-0.0436
123.7680,-0.0010,0.0172,-0.0276
123.8682,-0.0074,-0.0009,-0.0276
123.9684,-0.0212,0.0183,-0.0351
124.0686,0.0075,-0.0222,-0.0308
124.1687,0.0193,-0.0158,-0.0127
124.2689,-0.0457,-0.0009,-0.0180
124.3691,0.0086,0.0172,-0.0457
124.4693,0.0842,0.0162,-0.0276
124.5694,-0.0021,0.0439,-0.0468
124.6697,-0.1182,-0.0168,-0.0372
124.7698,-0.0074,0.0140,-0.0457
124.8700,0.0278,-0.0254,-0.0223
124.9702,-0.0052,0.0002,-0.0287
125.0704,-0.0276,0.0098,-0.0521
125.1705,0.0118,0.0066,-0.0372
125.2707,0.0022,0.0279,-0.0052
125.3709,0.0150,0.0300,-0.0170
125.4711,0.0288,0.0332,-0.0212
125.5713,0.0374,0.0034,0.0022
125.6715,0.0161,-0.0094,-0.0127
125.7716,-0.0244,-0.0019,-0.0074
125.8718,-0.0138,-0.0094,0.0012
125.9720,0.0395,0.0002,-0.0137
126.0722,0.0310,0.0023,0.0054
126.1724,-0.1171,0.0023,-0.0095
126.2726,0.0118,-0.0083,-0.0436
126.3728,0.0587,-0.0179,0.0118
126.4729,-0.0021,0.0002,-0.0106
126.5731,-0.0021,0.0183,-0.0084
126.6733,-0.0042,0.0226,-0.0137
126.7735,0.0075,-0.0254,-0.0297
126.8737,-0.0063,-0.0211,-0.0170
126.9739,-0.0191,-0.0232,-0.0244
127.0741,0.0097,-0.0019,-0.0212
127.1742,-0.0180,-0.0126,-0.0180
127.2744,0.0118,-0.0073,-0.0223
127.3746,0.0480,-0.0147,-0.0095
127.4748,-0.0393,0.0354,-0.0287
127.5750,-0.0393,-0.0147,-0.0329
127.6751,0.0352,-0.0009,-0.0137
127.7753,0.0267,0.0076,-0.0255
127.8755,0.0214,0.0140,-0.0233
127.9757,-0.0138,0.0194,-0.0180
128.0758,-0.0543,-0.0094,-0.0500
128.1760,0.0384,0.0130,-0.0361
128.2762,0.0310,0.0247,-0.0361
128.3764,-0.0681,0.0279,-0.0233
128.4766,-0.0223,-0.0041,-0.0436
128.5768,0.0171,-0.0318,-0.0159
128.6770,0.0331,-0.0243,-0.0276
128.7771,-0.0052,-0.0083,-0.0180
128.8773,0.0118,0.0098,-0.0468
128.9775,-0.0021,0.0151,-0.0415
129.0777,-0.0234,-0.0126,-0.0372
129.1779,-0.0074,0.0066,-0.0276
129.2781,0.0501,0.0034,-0.0393
129.3782,0.0203,0.0151,-0.0255
129.4784,-0.0383,0.0045,-0.0383
129.5786,0.0065,-0.0073,-0.0351
129.6788,0.0182,0.0183,-0.0308
129.7790,-0.0031,0.0183,-0.0415
129.8792,-0.0127,0.0385,-0.0351
129.9794,0.0086,0.0268,-0.0148
130.0795,0.0129,0.0098,0.0193
130.1797,-0.0234,0.0140,-0.0148
130.2799,-0.0393,-0.0211,0.0129
130.3801,-0.0074,-0.0243,-0.0031
130.4803,0.0224,-0.0137,0.0193
130.5804,0.0214,-0.0009,0.0097
130.6806,-0.0127,-0.0062,-0.0159
130.7808,-0.0021,-0.0083,-0.0116
130.8810,0.0288,0.0002,-0.0084
130.9812,0.0544,-0.0190,0.0107
131.0813,0.0224,-0.0073,-0.0180
131.1815,-0.0010,-0.0009,-0.0244
131.2817,0.0065,-0.0147,-0.0031
131.3819,0.0107,-0.0137,-0.0042
131.4821,0.0235,-0.0137,-0.0106
131.5823,-0.0127,-0.0137,-0.0031
131.6824,-0.0074,0.0076,-0.0063
131.7826,0.0171,0.0108,-0.0191
131.8828,0.0171,0.0045,0.0097
131.9830,0.0161,0.0055,0.0257
132.0832,-0.0500,-0.0137,0.0043
132.1834,-0.0010,-0.0286,0.0161
132.2836,0.0129,-0.0445,0.0086
132.3837,-0.0063,-0.0541,0.0001
132.4839,0.0512,-0.0211,-0.0116
132.5841,0.0288,-0.0168,-0.0042
132.6843,-0.0532,-0.0115,-0.0052
132.7845,0.0001,-0.0211,-0.0084
132.8846,0.0299,-0.0094,0.0076
132.9848,-0.0255,-0.0190,-0.0127
133.0850,0.0086,-0.0168,0.0033
133.1852,0.0352,0.0066,-0.0074
133.2854,0.0139,0.0087,-0.0063
133.3856,-0.0638,-0.0179,-0.0063
133.4857,0.0342,-0.0062,-0.0212
133.5859,0.0246,-0.0222,0.0203
133.6861,-0.0234,-0.0211,-0.0201
133.7863,0.0129,-0.0232,0.0012
133.8865,0.0001,-0.0147,-0.0191
133.9867,-0.0138,-0.0062,-0.0074
134.0868,0.0395,-0.0179,-0.0265
134.1870,0.0054,-0.0190,-0.0095
134.2872,0.0214,-0.0137,-0.0180
134.3874,0.0065,-0.0073,-0.0159
134.4876,-0.0393,0.0183,0.0118
134.5878,0.0129,0.0119,-0.0244
134.6879,-0.0116,-0.0051,0.0054
134.7881,0.0107,-0.0328,-0.0010
134.8883,0.0075,-0.0168,-0.0031
134.9885,0.0022,-0.0179,0.0171
135.0887,0.0256,-0.0073,0.0054
135.1889,-0.0138,-0.0350,0.0033
135.2890,0.0161,-0.0296,-0.0020
135.3892,0.0033,-0.0115,0.0076
135.4894,0.0203,-0.0243,-0.0010
135.5896,0.0033,0.0108,-0.0170
135.6898,0.0033,-0.0062,0.0097
135.7900,-0.0063,0.0002,-0.0106
135.8901,-0.0148,-0.0147,0.0129
135.9903,0.0033,-0.0211,0.0001
136.0905,0.0310,-0.0286,0.0076
136.1907,-0.0234,0.0076,0.0161
136.2909,0.0107,0.0045,0.0001
136.3910,0.0299,-0.0126,0.0097
136.4912,0.0171,-0.0030,0.0001
136.5914,-0.0063,-0.0350,0.0054
136.6916,0.0374,-0.0062,0.0310
136.7918,-0.0031,-0.0360,0.0310
136.8920,0.0139,0.0066,0.0065
136.9922,-0.0244,0.0002,0.0374
137.0923,0.0182,-0.0094,0.0257
137.1926,0.0118,-0.0222,-0.0010
137.2927,-0.0095,-0.0137,0.0054
137.3929,0.0256,-0.0222,0.0246
137.4931,0.0299,-0.0147,0.0043
137.5933,0.0161,0.0108,0.0086
137.6935,-0.0191,0.0130,0.0289
137.7937,-0.0457,-0.0126,0.0139
137.8938,-0.0170,0.0236,0.0001
137.9940,-0.0074,-0.0073,0.0150
138.0942,0.0256,0.0140,0.0022
138.1944,0.0139,-0.0137,0.0150
138.2946,0.0320,-0.0403,0.0278
138.3948,0.0203,-0.0222,0.0427
138.4949,-0.0085,0.0215,0.0129
138.5951,-0.0116,-0.0275,0.0043
138.6953,0.0587,-0.0168,0.0193
138.7955,-0.0468,-0.0275,0.0267
138.8957,-0.0180,-0.0051,0.0225
138.9958,0.0480,-0.0328,0.0299
139.0960,-0.0148,0.0098,0.0470
139.1962,-0.0021,0.0226,0.0257
139.2964,0.0437,0.0034,0.0193
139.3966,-0.0085,-0.0041,0.0321
139.4968,0.0118,0.0364,0.0406
139.5969,0.0352,0.0226,0.0267
139.6971,0.0533,0.0247,0.0331
139.7973,-0.0596,0.0364,0.0235
139.8975,-0.0074,0.0417,0.0086
139.9976,-0.0670,0.0492,0.0086
140.0978,0.0150,0.0439,0.0683
140.1980,0.0256,-0.0115,0.0384
140.2982,-0.0170,-0.0765,-0.0137
140.3984,0.0171,0.0108,0.0076
140.4986,0.0406,-0.0648,0.0118
140.5987,0.0331,-0.0765,0.0480
140.6989,0.0288,-0.0499,0.0416
140.7991,0.0011,-0.0041,0.0278
140.8993,-0.0319,0.0385,0.0406
140.9995,-0.0021,0.0215,0.0225
141.0997,0.0288,-0.0467,0.0033
141.1999,-0.0255,-0.0115,0.0598
141.3000,-0.0170,0.0002,0.0054
141.4002,-0.0202,0.0140,0.0448
141.5004,-0.0223,0.0002,0.0928
141.6006,-0.0202,0.0385,0.0491
141.7008,-0.0021,0.0673,0.0384
141.8009,0.0118,0.0929,0.0800
141.9011,-0.0148,-0.0201,0.0544
142.0013,-0.0372,0.0311,0.0747
142.1015,0.0459,-0.0030,-0.0521
142.2017,0.0395,0.0108,0.0395
142.3019,0.0171,0.0300,0.0214
142.4021,-0.0042,0.0151,0.0022
142.5022,-0.0170,-0.0307,0.0448
142.6024,-0.0063,-0.0115,0.0065
142.7026,-0.0180,0.0045,0.0363
142.8028,-0.0106,0.0108,0.0299
142.9030,-0.0191,0.0076,0.0150
143.0032,-0.0106,0.0279,0.0246
143.1033,0.0118,0.0172,0.0331
143.2035,-0.0180,0.0258,0.0395
143.3037,0.0065,0.0140,0.0278
143.4039,0.0139,0.0013,0.0225
143.5041,0.0246,0.0045,0.0438
143.6043,0.0224,0.0002,0.0523
143.7045,-0.0159,0.0364,0.0065
143.8046,-0.0244,0.0183,0.0235
143.9048,-0.0319,-0.0019,0.0342
144.0050,-0.0116,0.0162,0.0182
144.1051,0.0278,0.0119,0.0097
144.2054,0.0161,0.0023,0.0257
144.3056,0.0033,0.0013,0.0171
144.4057,-0.0021,0.0172,0.0033
144.5059,0.0086,0.0172,0.0310
144.6061,-0.0042,0.0322,0.0001
144.7063,-0.0106,-0.0073,0.0299
144.8064,0.0129,0.0045,0.0171
144.9067,0.0310,-0.0094,0.0225
145.0068,0.0011,0.0055,0.0683
145.1070,-0.0127,0.0226,0.0171
145.2072,-0.0063,0.0066,0.0246
145.3074,-0.0266,0.0172,0.0225
145.4075,0.0011,-0.0019,-0.0106
145.5077,0.0033,-0.0179,0.0395
145.6079,-0.0159,0.0045,0.0257
145.7081,0.0086,-0.0115,0.0193
145.8083,0.0182,0.0151,0.0129
145.9085,0.0161,-0.0190,0.0001
146.0086,0.0118,-0.0137,0.0076
146.1088,-0.0021,-0.0051,0.0161
146.2090,0.0033,-0.0179,0.0235
146.3092,0.0203,0.0098,0.0246
146.4094,0.0278,0.0396,0.0097
146.5096,0.0214,0.0151,0.0203
146.6098,-0.0287,-0.0030,0.0225
146.7099,-0.0159,-0.0168,0.0214
146.8101,-0.0052,0.0130,0.0267
146.9103,0.0150,-0.0051,0.0107
147.0105,0.0171,0.0183,0.0107
147.1107,0.0065,0.0140,0.0161
147.2109,-0.0095,0.0066,0.0118
147.3110,0.0065,0.0002,0.0043
147.4112,0.0129,0.0066,0.0544
147.5114,0.0075,-0.0041,0.0310
147.6116,0.0065,-0.0019,0.0161
147.7118,-0.0106,-0.0222,0.0331
147.8120,0.0001,-0.0094,0.0097
147.9121,0.0118,-0.0030,0.0448
148.0123,0.0086,0.0023,0.0086
148.1125,0.0054,0.0034,0.0331
148.2127,0.0203,0.0034,0.0331
148.3129,0.0075,-0.0030,0.0214
148.4130,-0.0127,-0.0222,0.0267
148.5132,0.0043,-0.0264,0.0321
148.6134,-0.0031,-0.0041,0.0321
148.7136,-0.0042,-0.0105,0.0459
148.8138,0.0331,-0.0445,-0.0052
148.9140,-0.0074,0.0140,0.0534
149.0141,0.0342,-0.0499,-0.0425
149.1143,0.0182,-0.0105,0.0725
149.2145,-0.0042,-0.0051,-0.0276
149.3147,-0.0212,0.0034,0.0800
149.4149,0.0086,-0.0105,-0.0116
149.5151,0.0086,-0.0147,0.0534
149.6152,0.0139,-0.0137,0.0278
149.7154,0.0246,-0.0147,0.0118
149.8156,-0.0085,-0.0264,0.0438
149.9158,-0.0521,-0.0456,0.0384
150.0160,-0.0170,-0.0094,0.0043
150.1162,0.0214,-0.0019,-0.0042
150.2164,0.0320,-0.0201,0.0310
150.3165,0.0075,0.0151,0.0182
150.4167,-0.0244,0.0300,0.0193
150.5169,-0.0202,0.0130,0.0289
150.6171,0.0054,0.0108,0.0097
150.7173,0.0065,-0.0158,0.0278
150.8175,-0.0180,0.0076,0.0406
150.9176,-0.0148,0.0162,-0.0127
151.0178,0.0214,-0.0232,0.0054
151.1180,0.0129,-0.0019,0.0352
151.2182,-0.0244,0.0268,0.0022
151.3184,-0.0148,0.0130,0.0139
151.4185,0.0011,0.0268,-0.0042
151.5188,0.0107,0.0066,0.0118
151.6189,0.0299,-0.0126,-0.0031
151.7191,0.0182,-0.0030,0.0171
151.8193,0.0182,-0.0073,0.0171
151.9195,0.0022,0.0002,0.0022
152.0197,-0.0021,-0.0051,0.0129
152.1198,0.0214,0.0087,0.0129
152.2200,0.0139,-0.0147,0.0118
152.3202,0.0097,-0.0222,0.0342
152.4204,-0.0021,-0.0062,0.0161
152.5206,-0.0052,0.0066,0.0033
152.6208,-0.0106,0.0130,0.0118
152.7210,0.0043,0.0098,-0.0031
152.8211,0.0022,0.0119,0.0203
152.9213,0.0054,0.0172,0.0139
153.0215,0.0118,0.0023,0.0214
153.1217,0.0011,0.0055,0.0171
153.2219,-0.0042,-0.0158,0.0086
153.3220,-0.0095,-0.0105,0.0310
153.4222,0.0001,-0.0051,0.0161
153.5224,0.0139,-0.0190,0.0267
153.6226,-0.0010,0.0013,0.0171
153.7228,0.0320,0.0013,-0.0308
153.8230,-0.0234,-0.0264,0.0523
153.9232,-0.0052,-0.0062,-0.0106
154.0233,0.0001,0.0023,-0.0010
154.1235,-0.0095,0.0013,0.0235
154.2237,0.0107,-0.0051,-0.0287
154.3239,0.0107,-0.0339,0.0107
154.4241,0.0150,-0.0115,0.0001
154.5243,-0.0042,0.0140,-0.0191
154.6244,0.0001,0.0226,0.0054
154.7246,0.0011,0.0087,-0.0191
154.8248,0.0193,0.0087,0.0139
154.9250,-0.0266,-0.0041,0.0033
155.0252,-0.0638,0.0236,-0.0255
155.1254,0.0011,0.0034,-0.0106
155.2255,0.0267,-0.0083,-0.0042
155.3257,0.0246,0.0055,-0.0137
155.4259,0.0182,-0.0009,-0.0255
155.5261,-0.0138,-0.0051,-0.0106
155.6262,-0.0223,0.0002,-0.0127
155.7264,0.0011,-0.0158,-0.0361
155.8266,0.0075,-0.0062,0.0065
155.9268,0.0235,0.0023,-0.0052
156.0270,0.0118,0.0002,-0.0180
156.1272,0.0075,0.0076,-0.0074
156.2274,0.0171,-0.0062,-0.0095
156.3275,0.0097,0.0162,0.0054
156.4278,0.0214,-0.0062,-0.0148
156.5279,-0.0021,-0.0147,-0.0159
156.6281,-0.0148,0.0130,-0.0010
156.7283,-0.0052,0.0162,-0.0116
156.8285,0.0118,-0.0158,0.0225
156.9287,0.0182,-0.0168,0.0001
157.0289,0.0118,0.0172,0.0235
157.1291,0.0150,0.0034,-0.0244
157.2292,0.0022,0.0236,0.0043
157.3294,0.0086,0.0108,-0.0127
157.4296,-0.0074,-0.0083,-0.0106
157.5298,-0.0223,0.0119,-0.0170
157.6299,-0.0052,0.0034,-0.0084
157.7301,0.0022,0.0183,-0.0010
157.8303,0.0246,0.0023,0.0097
157.9305,0.0320,-0.0051,-0.0052
158.0307,0.0203,-0.0105,0.0043
158.1308,0.0065,-0.0041,0.0001
158.2310,0.0022,0.0002,0.0012
158.3312,0.0107,0.0002,-0.0052
158.4314,-0.0298,-0.0296,-0.0020
158.5316,-0.0159,0.0268,0.0001
158.6317,0.0086,-0.0211,0.0022
158.7319,-0.0010,-0.0296,0.0139
158.8321,-0.0212,0.0151,0.0107
158.9323,-0.0021,0.0183,-0.0148
159.0325,-0.0021,-0.0211,0.0193
159.1327,0.0065,0.0002,0.0225
159.2329,0.0214,-0.0073,0.0012
159.3331,0.0097,0.0045,0.0054
159.4332,0.0086,0.0108,0.0097
159.5334,-0.0148,-0.0062,-0.0031
159.6336,-0.0148,0.0055,0.0022
159.7338,-0.0148,0.0034,0.0438
159.8340,-0.0660,0.0151,0.0491
159.9341,-0.0511,-0.0243,0.0640
160.0343,-0.0116,-0.0009,-0.0106
160.1345,0.0267,0.0045,-0.0074
160.2347,0.0683,0.0034,-0.0042
160.3349,0.0427,0.0066,0.0097
160.4351,0.0714,0.0055,0.0203
160.5352,0.0224,-0.0009,0.0182
160.6354,0.0054,-0.0009,0.0022
160.7356,0.0011,0.0119,0.0012
160.8358,-0.0308,-0.0019,0.0214
160.9360,-0.0255,-0.0211,0.0235
161.0362,-0.0106,-0.0083,0.0214
161.1363,-0.0095,0.0172,0.0171
161.2365,0.0001,0.0140,-0.0095
161.3367,0.0097,0.0162,-0.0116
161.4369,0.0107,0.0119,0.0086
161.5371,0.0097,0.0002,-0.0063
161.6373,-0.0127,-0.0062,0.0150
161.7375,-0.0042,-0.0222,0.0171
161.8376,0.0118,-0.0030,0.0193
161.9378,-0.0031,-0.0041,0.0107
162.0380,-0.0990,0.0172,0.0203
162.1382,-0.0553,-0.0456,0.0384
162.2384,-0.0298,0.1014,0.1194
162.3386,-0.0052,0.0023,0.0800
162.4387,-0.0383,0.0002,-0.0031
162.5389,0.0118,-0.0137,-0.0020
162.6391,0.0448,-0.0318,0.0043
162.7393,0.0193,-0.0168,0.0214
162.8395,-0.0148,0.0055,0.0012
162.9397,-0.0031,0.0055,0.0214
163.0399,0.0107,-0.0126,-0.0031
163.1401,-0.0180,-0.0147,-0.0052
163.2403,-0.0085,-0.0147,0.0107
163.3405,0.0011,0.0204,-0.0233
163.4407,-0.0159,-0.0083,0.0257
163.5408,0.0075,-0.0105,0.0214
163.6410,0.0043,0.0087,-0.0074
163.7412,-0.0063,0.0140,-0.0095
163.8414,-0.0138,0.0045,0.0001
163.9415,0.0256,0.0034,-0.0223
164.0417,0.0043,-0.0360,-0.0063
164.1419,0.0129,-0.0009,-0.0084
164.2421,0.0161,0.0087,-0.0255
164.3423,0.0086,0.0119,-0.0084
164.4425,-0.0148,0.0013,-0.0255
164.5426,-0.0052,0.0076,0.0182
164.6428,0.0043,0.0151,-0.0148
164.7430,-0.0031,0.0140,-0.0095
164.8432,-0.0202,0.0076,-0.0255
164.9434,0.0022,-0.0009,0.0076
165.0436,-0.0052,0.0023,-0.0010
165.1437,0.0118,-0.0051,0.0022
165.2439,0.0171,-0.0019,0.0022
165.3441,-0.0074,0.0268,-0.0084
165.4443,-0.0180,0.0087,-0.0106
165.5445,0.0203,-0.0041,-0.0180
165.6447,0.0214,0.0013,-0.0106
165.7449,-0.0148,0.0108,-0.0074
165.8450,-0.0074,0.0076,-0.0201
165.9452,-0.0436,0.0013,-0.0127
166.0454,-0.0351,-0.0062,0.0246
166.1456,-0.0724,-0.0126,0.0299
166.2458,-0.0031,-0.0147,0.0086
166.3459,-0.0138,-0.0264,-0.0042
166.4461,0.0320,-0.0137,0.0043
166.5463,0.0022,0.0332,0.0107
166.6465,-0.0159,0.0247,-0.0361
166.7467,-0.0138,0.0354,-0.0031
166.8469,0.0011,-0.0264,-0.0042
166.9470,0.0214,-0.0520,-0.0137
167.0472,0.0118,-0.0382,0.0107
167.1474,-0.0351,0.0428,0.0502
167.2476,0.0097,0.0322,-0.0340
167.3478,-0.0234,-0.0627,0.0693
167.4480,0.0193,0.0055,0.0139
167.5481,0.0150,0.0119,-0.0010
167.6483,-0.0010,-0.0094,0.0097
167.7485,0.0011,-0.0019,-0.0031
167.8487,-0.0095,0.0087,0.0076
167.9489,0.0054,-0.0041,-0.0042
168.0491,0.0310,0.0045,0.0171
168.1493,0.0086,0.0002,0.0278
168.2494,-0.0127,0.0119,0.0043
168.3496,-0.0202,0.0076,0.0193
168.4498,-0.0010,0.0002,0.0310
168.5500,0.0033,-0.0232,0.0022
168.6502,0.0203,0.0045,0.0182
168.7504,-0.0052,0.0002,-0.0010
168.8505,-0.0308,0.0013,0.0033
168.9507,-0.0063,-0.0350,0.0118
169.0509,0.0832,-0.0424,-0.0137
169.1511,0.0193,-0.0158,-0.0223
169.2513,-0.0063,-0.0158,-0.0276
169.3514,-0.0106,0.0076,-0.0127
169.4516,0.0299,-0.0105,-0.0265
169.5518,0.0246,-0.0307,0.0086
169.6520,-0.0074,-0.0211,-0.0052
169.7522,0.0246,-0.0062,-0.0137
169.8524,0.0214,-0.0296,0.0257
169.9525,-0.0138,-0.0009,0.0587
170.0527,0.0193,0.0076,0.0054
170.1529,0.0256,0.0087,-0.0031
170.2531,-0.0063,0.0396,-0.0137
170.3533,-0.0329,-0.0115,0.0076
170.4535,-0.0042,-0.0041,-0.0063
170.5536,0.0150,-0.0115,0.0012
170.6538,0.0086,0.0236,0.0001
170.7540,-0.0095,0.0140,0.0118
170.8542,-0.0340,0.0151,-0.0063
170.9544,-0.0266,-0.0190,0.0193
171.0546,0.0182,-0.0382,0.0427
171.1548,0.0416,-0.0211,-0.0031
171.2549,0.0097,0.0247,-0.0063
171.3551,-0.0052,0.0108,-0.0127
171.4553,-0.0255,0.0215,0.0076
171.5555,-0.0180,-0.0318,0.0203
171.6557,-0.0074,-0.0094,0.0086
171.7558,0.0011,0.0098,-0.0095
171.8560,0.0118,-0.0264,0.0235
171.9562,-0.0340,-0.0190,0.0118
172.0564,-0.0308,0.0119,0.0086
172.1566,0.0214,0.0045,-0.0063
172.2567,0.0565,0.0354,-0.0106
172.3570,0.0150,0.0322,-0.0180
172.4571,-0.0415,0.0322,0.0054
172.5573,-0.0212,-0.0126,-0.0020
172.6575,0.0299,-0.0467,0.0214
172.7577,0.0246,0.0140,-0.0106
172.8578,0.0342,-0.0371,-0.0425
172.9580,-0.0031,-0.0051,0.0331
173.0582,0.0001,0.0226,-0.0116
173.1584,-0.0308,0.0247,0.0470
173.2586,-0.0138,0.0162,-0.0010
173.3587,-0.0031,-0.0019,0.0129
173.4589,0.0267,0.0354,0.0086
173.5591,-0.0052,0.0130,-0.0031
173.6593,-0.0457,0.0194,-0.0020
173.7595,0.0161,0.0194,0.0107
173.8597,0.0448,-0.0030,0.0352
173.9598,-0.0052,-0.0435,-0.0031
174.0600,-0.0521,-0.0488,0.0076
174.1602,-0.0180,-0.0009,0.0054
174.2604,0.0533,-0.0083,-0.0084
174.3606,-0.0052,-0.0158,0.0374
174.4608,-0.0255,-0.0147,0.0118
174.5609,0.0065,0.0162,0.0118
174.6611,0.0235,0.0023,0.0129
174.7613,-0.0202,0.0226,0.0139
174.8615,0.0246,-0.0105,-0.0020
174.9617,0.0054,0.0034,0.0235
175.0618,-0.0106,0.0119,-0.0383
175.1620,-0.0298,0.0087,-0.0031
175.2622,-0.0170,0.0119,-0.0170
175.3624,0.0448,-0.0168,-0.0255
175.4626,0.0246,0.0162,0.0107
175.5628,-0.0021,0.0258,-0.0052
175.6630,-0.0159,0.0407,-0.0191
175.7632,-0.0223,0.0130,-0.0084
175.8633,-0.0031,-0.0030,-0.0137
175.9635,-0.0116,-0.0051,0.0054
176.0637,0.0150,-0.0275,-0.0106
176.1639,0.0150,-0.0051,0.0193
176.2641,0.0161,0.0034,-0.0148
176.3642,-0.0234,0.0034,0.0171
176.4644,0.0150,0.0194,-0.0255
176.5646,0.0097,0.0087,0.0076
176.6648,-0.0074,0.0119,-0.0170
176.7650,0.0043,-0.0009,-0.0265
176.8651,-0.0138,-0.0360,-0.0095
176.9653,0.0011,-0.0286,-0.0052
177.0655,0.0075,-0.0520,0.0033
177.1657,0.0022,0.0076,-0.0180
177.2659,-0.0202,0.0279,0.0448
177.3661,-0.0266,0.0247,0.0054
177.4663,-0.0052,0.0428,0.0012
177.5664,0.0395,0.0183,-0.0137
177.6666,0.0512,-0.0595,-0.0095
177.7668,-0.0489,-0.0115,0.0363
177.8670,-0.0649,0.0897,-0.0255
177.9672,-0.0361,0.0407,-0.0010
178.0674,0.0043,-0.0232,-0.0020
178.1675,0.0224,-0.0201,0.0097
178.2677,0.0491,-0.0424,-0.0532
178.3679,0.0065,-0.0019,0.0289
178.4681,-0.0553,0.0492,-0.0244
178.5683,0.0033,0.0503,-0.0212
178.6685,0.0235,0.0140,-0.0148
178.7686,-0.0138,0.0055,-0.0084
178.8688,-0.0010,0.0002,0.0374
178.9690,-0.0095,0.0119,-0.0553
179.0692,-0.0031,0.0087,-0.0084
179.1694,-0.0085,0.0417,0.0022
179.2696,-0.0021,-0.0041,-0.0564
179.3698,0.0256,0.0279,0.0811
179.4699,-0.0031,-0.0296,-0.0404
179.5701,-0.0298,-0.0360,0.0012
179.6703,0.0097,0.0034,-0.0074
179.7705,0.0448,-0.0477,0.0022
179.8707,0.0022,0.0172,0.0054
179.9709,-0.0127,0.0322,0.0022
180.0710,-0.0500,0.0247,0.0033
180.1712,-0.0276,-0.0179,-0.0223
180.2714,0.0224,-0.0083,0.0076
180.3716,0.0065,-0.0158,-0.0020
180.4718,0.0118,-0.0126,0.0012
180.5719,-0.0031,-0.0158,0.0065
180.6721,-0.0021,-0.0275,-0.0084
180.7723,0.0086,-0.0094,0.0022
180.8725,0.0150,0.0055,-0.0585
180.9727,0.0065,-0.0105,0.0076
181.0729,-0.0202,-0.0201,-0.0457
181.1730,-0.0063,-0.0211,0.0022
181.2732,-0.0202,-0.0083,0.0331
181.3734,0.0011,-0.0232,0.0054
181.4736,-0.0393,-0.0073,0.0427
181.5738,0.0011,0.0066,0.0299
181.6740,0.0395,-0.0105,-0.0137
181.7741,0.0161,-0.0286,0.0182
181.8743,0.0107,-0.0232,0.0225
181.9745,-0.0468,-0.0083,0.0352
182.0747,0.0256,-0.0509,-0.0116
182.1749,0.0107,-0.0019,-0.0723
182.2751,-0.0180,0.0055,0.0139
182.3752,-0.0010,-0.0137,-0.0191
182.4754,0.0022,-0.0009,0.0214
182.5756,0.0129,0.0151,0.0012
182.6758,0.0331,0.0013,-0.0265
182.7760,-0.0138,0.0396,-0.0127
182.8761,-0.0276,0.0194,-0.0063
182.9763,-0.0148,-0.0105,0.0384
183.0765,0.0161,0.0236,0.0342
183.1767,0.0193,0.0194,-0.0223
183.2769,0.0022,0.0716,-0.0287
183.3770,0.0256,-0.0115,-0.0137
183.4772,-0.0138,0.0215,0.0331
183.5774,-0.0116,0.0183,-0.0212
183.6776,-0.0308,-0.0690,0.0097
183.7778,-0.0212,0.0130,0.0459
183.8779,0.0033,-0.0083,-0.0233
183.9781,0.0118,-0.0147,-0.0383
184.0783,0.0299,0.0407,-0.0180
184.1785,0.0278,-0.0073,0.0043
184.2787,0.0086,0.0407,-0.0500
184.3789,-0.0319,0.0226,0.0107
184.4791,-0.0351,0.0087,-0.0340
184.5792,0.0214,-0.0339,-0.0255
184.6794,-0.0052,0.0055,0.0981
184.7796,0.0097,0.0290,0.0001
184.8798,0.0129,-0.0318,-0.0702
184.9799,0.0043,0.0108,0.0022
185.0802,-0.0425,0.0598,-0.0532
185.1803,0.0246,-0.0254,-0.0446
185.2805,0.0011,-0.0307,0.0427
185.3807,-0.0873,0.0726,0.0736
185.4809,0.0448,-0.0307,-0.1586
185.5810,-0.0298,0.0716,-0.0329
185.6812,0.0224,0.0023,0.0747
185.7814,0.0139,0.0183,-0.0042
185.8816,-0.0170,0.0705,-0.0372
185.9818,-0.0106,0.0332,-0.0148
186.0820,-0.0244,-0.0115,-0.0074
186.1822,-0.0255,0.0300,0.0043
186.2823,0.0246,-0.0062,-0.0297
186.3825,0.0310,-0.0105,-0.0329
186.4827,0.0331,-0.0296,0.0289
186.5829,-0.0223,-0.0318,0.0097
186.6831,-0.0191,-0.0126,0.0086
186.7833,-0.0031,0.0098,0.0257
186.8834,-0.0063,-0.0073,0.0097
186.9836,0.0118,-0.0232,0.0043
187.0838,-0.0116,-0.0051,-0.0020
187.1840,0.0182,-0.0126,-0.0063
187.2842,0.0107,-0.0179,-0.0223
187.3844,-0.0127,-0.0243,0.0001
187.4845,0.0161,-0.0339,-0.0148
187.5847,-0.0159,0.0290,0.0022
187.6849,0.0139,-0.0137,0.0033
187.7851,-0.0127,-0.0051,-0.0052
187.8853,-0.0170,0.0023,0.0043
187.9855,0.0033,-0.0264,0.0534
188.0857,0.0097,0.0034,-0.0063
188.1858,0.0182,0.0311,-0.0223
188.2860,0.0203,-0.0254,-0.0106
188.3862,0.0107,-0.0062,-0.0297
188.4863,-0.0010,-0.0083,0.0193
188.5866,-0.0308,0.0172,0.0118
188.6867,0.0001,0.0375,-0.0393
188.7869,0.0203,-0.0041,-0.0063
188.8871,-0.0021,-0.0019,0.0033
188.9873,0.0139,-0.0137,-0.0063
189.0875,-0.0063,0.0140,0.0512
189.1876,0.0001,0.0098,-0.0244
189.2878,0.0054,-0.0147,0.0097
189.3880,-0.0010,-0.0232,0.0054
189.4882,-0.0244,-0.0083,0.0001
189.5884,0.0129,0.0045,-0.0308
189.6886,0.0171,-0.0009,-0.0276
189.7887,-0.0063,0.0098,0.0459
189.8889,0.0161,-0.0126,-0.0500
189.9891,-0.0085,0.0023,0.0118
190.0893,0.0107,0.0279,-0.0276
190.1895,0.0075,-0.0030,-0.0170
190.2897,-0.0074,-0.0041,0.0012
190.3898,-0.0329,0.0258,0.0107
190.4900,0.0022,-0.0019,-0.0010
190.5903,0.0075,-0.0168,-0.0095
190.6904,0.0043,-0.0009,-0.0010
190.7906,0.0086,-0.0073,-0.0052
190.8908,0.0097,-0.0222,-0.0148
190.9910,-0.0287,0.0034,0.0065
191.0911,-0.0074,-0.0211,0.0033
191.1913,0.0129,-0.0190,0.0065
191.2915,0.0022,0.0183,-0.0063
191.3917,-0.0351,0.0471,0.0299
191.4919,-0.0372,0.0364,0.0107
191.5921,0.0075,-0.0168,-0.0212
191.6922,0.0331,0.0140,-0.0787
191.7924,-0.0148,-0.0392,0.0576
191.8926,0.0086,-0.0147,0.0022
191.9928,0.0075,0.0204,0.0555
192.0929,-0.0116,0.0098,-0.0436
192.1932,0.0033,0.0215,-0.0287
192.2933,-0.0170,-0.0030,0.0001
192.3935,-0.0596,0.1333,0.0544
192.4937,0.0246,-0.0403,-0.0574
192.5939,0.0171,-0.0019,0.0257
192.6940,0.0022,0.0194,0.0672
192.7943,-0.0329,-0.0637,-0.0095
192.8944,0.0203,-0.0307,0.0193
192.9946,-0.0361,-0.0328,0.0193
193.0948,0.0022,-0.0105,-0.0095
193.1950,0.0182,-0.0243,0.0214
193.2951,0.0278,0.0076,-0.0042
193.3953,0.0075,-0.0137,-0.0148
193.4955,-0.0202,-0.0179,0.0352
193.5957,0.0246,-0.0190,-0.0095
193.6959,-0.0021,-0.0094,0.0118
193.7961,-0.0234,0.0076,-0.0074
193.8963,-0.0191,0.0364,-0.0063
193.9964,0.0011,0.0226,-0.0223
194.0966,0.0182,0.0087,-0.0031
194.1968,-0.0042,0.0055,0.0129
194.2970,-0.0244,0.0013,0.0267
194.3972,-0.0042,-0.0168,-0.0020
194.4973,0.0214,0.0162,-0.0170
194.5975,0.0139,0.0140,-0.0180
194.6977,0.0203,-0.0073,-0.0127
194.7979,-0.0532,0.0290,0.0310
194.8981,-0.0532,-0.0051,0.0022
194.9983,-0.0372,0.0407,-0.0042
195.0984,0.0331,-0.0009,-0.0223
195.1986,0.0363,0.0140,-0.0010
195.2988,-0.0021,0.0140,-0.0468
195.3990,-0.0127,0.0322,-0.0063
195.4992,0.0043,-0.0147,-0.0084
195.5993,0.0011,-0.0062,0.0065
195.6995,0.0086,-0.0062,0.0118
195.7997,-0.0042,0.0108,-0.0159
195.8999,-0.0042,0.0322,0.0097
196.0001,-0.0223,0.0311,-0.0276
196.1003,0.0171,0.0236,-0.0478
196.2004,0.0193,-0.0137,-0.0191
196.3006,0.0022,-0.0105,0.0001
196.4008,-0.0116,0.0066,0.0171
196.5010,-0.0202,0.0385,0.0406
196.6012,-0.0202,0.0247,0.0534
196.7014,-0.0308,-0.0051,-0.0031
196.8016,-0.0116,-0.0690,-0.0404
196.9017,0.0501,-0.0616,-0.0180
197.0019,-0.0042,-0.0041,0.0086
197.1021,0.0086,0.0162,0.0150
197.2023,-0.0052,-0.0190,0.0022
197.3025,-0.0287,-0.0073,0.0150
197.4027,-0.0287,0.0023,-0.0084
197.5028,0.0161,-0.0062,-0.0095
197.6030,0.0214,-0.0083,0.0352
197.7032,-0.0031,0.0162,-0.0031
197.8034,0.0001,0.0002,-0.0010
197.9036,-0.0148,0.0108,-0.0095
198.0038,-0.0127,0.0002,-0.0425
198.1039,0.0246,-0.0094,-0.0265
198.2041,0.0193,-0.0041,-0.0233
198.3043,-0.0255,-0.0371,-0.0116
198.4045,-0.0329,-0.0019,-0.0095
198.5046,0.0235,-0.0051,0.0257
198.6048,0.0150,0.0108,-0.0106
198.7050,-0.0276,0.0045,0.0086
198.8052,-0.0063,0.0247,0.0427
198.9054,0.0352,-0.0019,0.0118
199.0056,-0.0085,-0.0051,0.0278
199.1057,-0.0521,-0.0019,-0.0201
199.2059,-0.0223,-0.0147,-0.0031
199.3061,0.0224,0.0460,-0.0020
199.4063,-0.0276,0.0492,-0.0031
199.5065,-0.0106,0.0055,-0.0255
199.6067,-0.0021,-0.0222,0.0107
199.7069,0.0267,-0.0030,-0.0010
199.8070,-0.0063,-0.0041,-0.0287
199.9072,0.0374,0.0013,-0.0223
200.0074,0.0437,-0.0307,-0.0297
200.1076,-0.0031,-0.0190,-0.0095
200.2078,-0.0202,0.0045,-0.0212
200.3080,-0.0532,-0.0115,0.0310
200.4081,-0.0095,-0.0456,-0.0255
200.5083,0.0395,-0.0659,0.0214
200.6085,-0.0468,0.0471,-0.0042
200.7087,0.0065,0.0556,-0.0052
200.8089,0.0086,-0.0009,-0.0255
200.9091,0.0278,-0.0264,-0.0127
201.0092,-0.0266,0.0151,-0.0010
201.1094,-0.0180,0.0364,-0.0074
201.2096,0.0022,0.0428,-0.0340
201.3098,-0.0031,0.0066,-0.0265
201.4099,0.0022,0.0140,-0.0212
201.5101,0.0214,0.0002,-0.0170
201.6103,0.0139,-0.0062,-0.0031
201.7105,0.0118,0.0087,0.0225
201.8107,0.0043,0.0087,-0.0010
201.9109,0.0043,0.0023,-0.0340
202.0110,-0.0031,-0.0062,-0.0031
202.1112,-0.0170,0.0055,-0.0127
202.2114,-0.0234,0.0034,-0.0127
202.3116,0.0011,0.0066,0.0076
202.4118,-0.0138,-0.0009,0.0203
202.5120,-0.0052,-0.0009,-0.0191
202.6122,0.0342,-0.0083,-0.0574
202.7123,0.0001,-0.0275,-0.0478
202.8125,-0.0010,-0.0318,-0.0276
202.9127,-0.0298,0.0311,0.0097
203.0129,-0.0266,0.0013,0.0225
203.1131,-0.0116,0.0247,0.0246
203.2133,0.0097,0.0023,-0.0287
203.3135,0.0001,0.0098,0.0076
203.4136,0.0011,-0.0030,-0.0510
203.5138,-0.0052,0.0013,-0.0148
203.6140,-0.0085,0.0013,-0.0106
203.7142,0.0086,0.0354,-0.0255
203.8143,0.0299,0.0066,0.0086
203.9145,-0.0351,0.0588,0.0033
204.0147,0.0097,0.0343,0.0107
204.1149,0.0331,0.0375,-0.0191
204.2151,0.0203,0.0013,-0.0287
204.3153,-0.0074,0.0300,-0.0074
204.4154,0.0171,-0.0083,-0.0308
204.5156,-0.0074,0.0215,-0.0255
204.6158,-0.0052,-0.0083,-0.0159
204.7160,0.0001,-0.0105,-0.0351
204.8162,-0.0116,-0.0073,-0.0255
204.9164,0.0001,-0.0083,0.0076
205.0166,0.0256,-0.0019,-0.0137
205.1167,0.0118,0.0087,-0.0287
205.2169,0.0022,-0.0264,-0.0074
205.3171,0.0193,-0.0190,-0.0244
205.4173,-0.0212,0.0172,-0.0106
205.5175,-0.0351,0.0290,-0.0223
205.6177,-0.0116,0.0183,-0.0148
205.7178,-0.0116,-0.0083,-0.0212
205.8180,0.0043,-0.0009,-0.0010
205.9182,-0.0031,0.0002,-0.0137
206.0184,-0.0553,0.0087,0.0022
206.1186,0.0011,-0.0019,0.0043
206.2188,0.0374,-0.0083,-0.0926
206.3189,0.0022,-0.0041,-0.0276
206.4191,-0.0085,-0.0126,-0.0116
206.5193,0.0203,-0.0211,-0.0020
206.6195,0.0129,-0.0158,-0.0510
206.7197,0.0097,-0.0211,-0.0436
206.8198,0.0097,0.0140,-0.0372
206.9200,-0.0042,0.0098,-0.0223
207.0202,-0.0042,0.0013,-0.0255
207.1204,0.0001,-0.0158,-0.0137
207.2206,0.0001,-0.0211,-0.0212
207.3208,-0.0021,0.0034,-0.0042
207.4209,0.0182,0.0098,-0.0159
207.5211,-0.0042,-0.0168,-0.0148
207.6213,0.0001,-0.0041,-0.0052
207.7215,0.0193,0.0449,0.0054
207.8217,0.0896,-0.0595,0.0171
207.9219,0.0182,0.0151,-0.0915
208.0221,-0.0574,0.0300,-0.0521
208.1223,-0.0298,0.0151,-0.0308
208.2225,-0.0180,0.0034,-0.0244
208.3226,-0.0361,0.0045,-0.0137
208.4228,-0.0116,0.0098,-0.0201
208.5230,0.0107,-0.0179,-0.0308
208.6231,-0.0106,-0.0137,-0.0137
208.7233,-0.0031,-0.0445,0.0022
208.8235,0.0203,-0.0041,-0.0223
208.9237,0.0235,0.0045,-0.0170
209.0239,-0.0095,0.0151,-0.0084
209.1241,-0.0234,0.0023,-0.0265
209.2243,0.0224,0.0055,-0.0137
209.3245,0.0246,0.0567,-0.0137
209.4247,0.0043,0.0396,-0.0127
209.5248,-0.0340,-0.0115,-0.0127
209.6250,0.0203,-0.0105,-0.0010
209.7252,0.0235,-0.0254,-0.0297
209.8254,-0.0106,0.0194,-0.0478
209.9256,-0.0372,-0.0307,-0.0308
210.0257,-0.0021,-0.0456,0.0012
210.1259,0.0310,0.0023,0.0001
210.2261,0.0320,0.0449,-0.0095
210.3263,-0.0255,0.0279,0.0278
210.4265,-0.0393,0.0567,0.0139
210.5267,-0.0095,0.0172,-0.0084
210.6268,0.0075,0.0034,-0.0276
210.7270,0.0267,-0.0062,-0.0074
210.8272,0.0022,0.0236,0.0214
210.9273,-0.0042,0.0300,-0.0180
211.0276,0.0129,0.0343,-0.0521
211.1277,0.0267,-0.0009,-0.0351
211.2279,0.0001,0.0140,-0.0095
211.3281,0.0235,-0.0158,0.0033
211.4283,0.0011,-0.0126,-0.0201
211.5285,0.0086,-0.0232,-0.0201
211.6286,-0.0255,0.0354,-0.0052
211.7288,-0.0340,0.0311,-0.0137
211.8290,0.0001,0.0354,-0.0074
211.9292,0.0107,0.0130,-0.0170
212.0294,0.0182,0.0194,-0.0276
212.1296,0.0001,-0.0030,-0.0329
212.2298,0.0086,-0.0232,-0.0393
212.3300,-0.0127,-0.0211,-0.0159
212.4302,-0.0095,0.0045,-0.0223
212.5303,-0.0170,-0.0073,-0.0532
212.6305,0.0214,-0.0211,-0.0244
212.7307,0.0810,-0.0414,-0.0393
212.8309,0.0523,-0.0701,-0.0329
212.9311,0.0672,-0.0509,0.0161
213.0313,-0.0127,-0.0925,0.0193
213.1314,-0.0606,-0.0499,0.0363
213.2316,-0.0660,-0.0179,-0.0255
213.3318,-0.0052,0.0290,-0.0415
213.4320,-0.0063,-0.0254,-0.0532
213.5321,0.0256,0.0013,-0.0180
213.6323,0.0043,-0.0115,0.0171
213.7325,-0.0521,-0.0137,-0.0596
213.8327,-0.0052,-0.0041,0.0555
213.9329,-0.0021,-0.0584,0.0459
214.0331,-0.0074,0.0556,-0.0393
214.1333,0.0203,0.1078,0.0576
214.2335,0.0374,0.0045,-0.0489
214.3337,0.0470,-0.0552,0.0086
214.4338,-0.0021,-0.0371,-0.0052
214.5340,-0.0244,0.0417,0.0076
214.6342,0.0011,0.0130,0.0299
214.7344,0.0086,0.0662,0.0491
214.8346,-0.0266,-0.0051,-0.0415
214.9348,0.0054,0.0194,-0.0404
215.0350,0.0363,-0.0019,-0.0521
215.1351,-0.0148,0.0396,0.0246
215.2353,0.0331,-0.0019,-0.0564
215.3355,0.0161,0.0588,-0.0137
215.4356,0.0214,-0.0339,-0.0340
215.5358,-0.0308,-0.0573,0.0150
215.6360,-0.0532,-0.0264,0.0267
215.7362,0.0214,-0.0115,-0.0723
215.8364,0.0587,-0.0232,-0.0063
215.9366,0.0448,0.0130,-0.0052
216.0368,-0.0074,0.0076,-0.0127
216.1369,-0.0031,0.0130,-0.0670
216.2371,-0.0116,0.0130,-0.0244
216.3373,0.0054,-0.0605,0.0012
216.4375,-0.0266,0.0897,-0.0255
216.5377,-0.0958,0.0375,-0.0031
216.6379,-0.0031,-0.0541,-0.0180
216.7380,0.0938,-0.0126,-0.1437
216.8382,0.4976,-0.0275,-0.0010
216.9384,-0.0255,-0.0009,-0.0265
217.0386,-0.2588,-0.0307,-0.0201
217.1388,0.0043,0.0140,-0.0425
217.2390,0.0193,0.0428,-0.0319
217.3392,-0.0010,0.0630,-0.0244
217.4393,0.0182,-0.0115,-0.0521
217.5395,-0.0127,-0.0211,-0.0042
217.6397,-0.0063,-0.0126,0.0725
217.7399,-0.0042,-0.0147,0.0171
217.8401,0.0182,0.0066,-0.0489
217.9403,0.0310,-0.0019,-0.0170
218.0405,-0.0063,-0.0595,-0.0084
218.1406,0.0406,-0.0094,0.0534
218.2408,0.0086,0.1057,-0.0734
218.3410,0.0587,-0.0094,-0.0841
218.4412,-0.0180,-0.0062,0.0502
218.5414,-0.0116,-0.0041,-0.0372
218.6416,-0.0617,0.0023,-0.0031
218.7417,0.0150,-0.0414,-0.0649
218.8419,0.0384,0.0172,-0.0116
218.9421,0.0235,0.0172,-0.0276
219.0423,-0.0063,0.0268,-0.0521
219.1425,-0.0063,-0.0073,-0.0095
219.2427,0.0256,-0.0499,-0.0127
219.3428,-0.0404,0.0268,0.0054
219.4430,0.0139,-0.0147,0.0427
219.5432,-0.0085,0.0013,-0.0116
219.6434,0.0288,0.0172,-0.0851
219.7436,-0.0234,0.0098,0.0267
219.8438,0.0246,-0.0605,-0.0425
219.9439,0.0033,0.0108,0.0022
220.0441,0.0022,-0.0339,-0.0074
220.1443,-0.0106,-0.0190,-0.0276
220.2445,-0.0202,-0.0392,-0.0052
220.3447,0.0097,-0.0254,-0.0574
220.4449,0.0022,0.0375,0.0033
220.5451,0.0331,-0.0254,-0.0233
220.6452,0.0075,0.0119,0.0214
220.7454,-0.0031,0.0151,0.0321
220.8456,0.0065,-0.0690,-0.0137
220.9457,-0.0255,-0.0073,-0.0574
221.0460,-0.0266,-0.0051,-0.0042
221.1462,-0.0361,0.0641,0.0097
221.2463,-0.0351,0.1206,0.0299
221.3465,0.0640,-0.0094,0.0214
221.4467,0.0075,-0.0414,-0.0255
221.5469,-0.0138,0.0630,-0.0936
221.6471,0.0746,-0.0254,-0.0617
221.7473,-0.0425,0.0375,-0.0084
221.8475,-0.0553,-0.0477,0.0534
221.9476,0.0054,-0.0232,0.0565
222.0478,-0.0127,0.0556,-0.1203
222.1480,-0.0042,0.0652,0.0800
222.2482,0.0267,0.0822,0.0384
222.3484,0.0619,0.0151,0.0012
222.4485,0.1694,-0.0296,-0.1128
222.5487,-0.0287,-0.0179,0.0395
222.6489,0.0565,-0.0222,0.2174
222.7491,-0.0361,-0.0627,0.1322
222.8493,-0.0958,-0.0062,-0.0361
222.9495,0.0193,0.0023,-0.0521
223.0496,-0.0329,0.0694,-0.0265
223.1498,0.1428,-0.1053,-0.0862
223.2500,0.0331,-0.0392,-0.0542
223.3502,-0.0404,-0.0264,0.0651
223.4504,-0.0393,-0.0573,0.0193
223.5506,-0.0212,0.0226,0.0342
223.6508,0.0033,0.0162,0.0054
223.7509,0.0139,-0.0318,0.0310
223.8511,-0.0106,-0.0009,-0.0372
223.9513,-0.0543,0.0066,0.0076
224.0515,-0.0159,-0.0051,0.0065
224.1517,-0.0617,-0.0041,0.0033
224.2519,0.0224,-0.0073,-0.0276
224.3520,-0.0255,-0.0137,-0.0372
224.4522,-0.0138,-0.0105,0.0065
224.5524,-0.0052,-0.0403,-0.0489
224.6526,-0.0042,-0.0488,-0.0223
224.7528,0.0033,-0.0232,-0.0521
224.8530,-0.0074,-0.0137,-0.0617
224.9532,0.0075,-0.0158,-0.0692
225.0533,-0.0276,0.0258,-0.0521
225.1535,-0.0085,0.0407,-0.0436
225.2537,-0.0468,0.0471,-0.0287
225.3539,0.0022,0.0300,-0.0265
225.4541,0.0118,0.0087,-0.0287
225.5543,0.0065,0.0204,-0.0191
225.6545,0.0512,-0.0222,-0.0841
225.7546,0.0065,0.0108,-0.0010
225.8548,0.0352,-0.0030,0.0161
225.9550,0.0011,0.0524,-0.0170
226.0552,0.0086,0.0215,-0.0372
226.1554,-0.0308,-0.0296,0.0289
226.2556,-0.0116,-0.0414,0.0214
226.3557,0.0448,-0.0126,-0.0574
226.4559,0.1886,-0.0179,-0.0766
